image,width,height,aspect_ratio,resolution
r6k_test_Blast_1040_jpg.rf.1b4df5035f843e4ece43886a88ce6c22.jpg,587,587,1.0,587x587
r6k_test_Blast_1042_jpg.rf.bd326b9f9af9c1a2ae71281fc2c3239b.jpg,587,587,1.0,587x587
r6k_test_Blast_1048_jpg.rf.6e35f9f409e6f90df0dd10956f850914.jpg,587,587,1.0,587x587
r6k_test_Blast_1050_jpg.rf.829589c7deda60d55ed31d17642334b6.jpg,587,587,1.0,587x587
r6k_test_Blast_1060_jpg.rf.b86783516b1eb84925feb3e63950b11f.jpg,587,587,1.0,587x587
r6k_test_Blast_1068_jpg.rf.b0d487ecf8bab1a9cd51a7386d8ed4e6.jpg,587,587,1.0,587x587
r6k_test_Blast_1076_jpg.rf.908e157aae5fb41b68f307537266092f.jpg,587,587,1.0,587x587
r6k_test_Blast_1081_jpg.rf.40b99eae637a6dfcdc11dc324787ed4d.jpg,587,587,1.0,587x587
r6k_test_Blast_1087_jpg.rf.cd8784b8a5f48d7e2a4a3d89f5deebff.jpg,587,587,1.0,587x587
r6k_test_Blast_1092_jpg.rf.33d5a6aad7ce056f6ab485c0377ac0ea.jpg,587,587,1.0,587x587
r6k_test_Blast_1093_jpg.rf.7f558015df5d28cf78a3e7da7138a47a.jpg,587,587,1.0,587x587
r6k_test_Blast_1100_jpg.rf.eda6ebc4ae6fe1f41f7fc416746c8a19.jpg,587,587,1.0,587x587
r6k_test_Blast_1104_jpg.rf.070b769e9a69e5196589ca5bbd9bc30f.jpg,587,587,1.0,587x587
r6k_test_Blast_1116_jpg.rf.3318c3d8a299604e9e9a813f81636623.jpg,587,587,1.0,587x587
r6k_test_Blast_1119_jpg.rf.476f9d978915e3e0cceac253035dee89.jpg,587,587,1.0,587x587
r6k_test_Blast_1126_jpg.rf.8d133be08878a2574cd59d6b56e8e801.jpg,587,587,1.0,587x587
r6k_test_Blast_1134_jpg.rf.40657a0f81344c9eacb0a8bb1db97a83.jpg,587,587,1.0,587x587
r6k_test_Blast_1138_jpg.rf.d83a21d9ee2aa36759ea1b41b0a95fcd.jpg,587,587,1.0,587x587
r6k_test_Blast_1139_jpg.rf.4670902c7d29a24885abc3c0f8bca84b.jpg,587,587,1.0,587x587
r6k_test_Blast_1140_jpg.rf.23d2cd40719a7f6b4665f455d07423f7.jpg,587,587,1.0,587x587
r6k_test_Blast_1157_jpg.rf.771f349cf6a42f78818aa94ab4c8fac5.jpg,587,587,1.0,587x587
r6k_test_Blast_1185_jpg.rf.508b2e7fb5349e0c1400dc7f27597902.jpg,587,587,1.0,587x587
r6k_test_Blast_1186_jpg.rf.4ab4d450ec24a73c6d42a4106c968ae5.jpg,587,587,1.0,587x587
r6k_test_Blast_1187_jpg.rf.12a6f98754d1b492d148330d6bec9373.jpg,587,587,1.0,587x587
r6k_test_Blast_1187_jpg.rf.feb790f40ce95b1d87693860220f5d24.jpg,587,587,1.0,587x587
r6k_test_Blast_1199_jpg.rf.b959d7f0b3def1a4fc555f253dc73f5d.jpg,587,587,1.0,587x587
r6k_test_Blast_1209_jpg.rf.0262d42ca8a29a7ba0563bd65e2c2c20.jpg,587,587,1.0,587x587
r6k_test_Blast_1249_jpg.rf.4e6f97c9bec7a28666c44344ba079e44.jpg,587,587,1.0,587x587
r6k_test_Blast_141-2-_jpg.rf.030f84ee9e68148aedf9c023c7aee724.jpg,587,587,1.0,587x587
r6k_test_Blast_224_jpg.rf.fe47984e612ccb6bb47e3b11b785addd.jpg,587,587,1.0,587x587
r6k_test_Blast_235_jpg.rf.4cf7bb15aea5cf6553d49567ade3fd55.jpg,587,587,1.0,587x587
r6k_test_Blast_236_jpg.rf.5c750307cdab7333606abc1e96335c37.jpg,587,587,1.0,587x587
r6k_test_Blast_238_jpg.rf.fc26b4564045a5f2a66e63c667cc85b4.jpg,587,587,1.0,587x587
r6k_test_blast_orig_006_png_jpg.rf.40f8519f7826e65627df9ff199e3a9ca.jpg,587,587,1.0,587x587
r6k_test_blast_orig_007_jpg.rf.e2b9a7a21ce2a30d94460ad980ac7a4c.jpg,587,587,1.0,587x587
r6k_test_blast_orig_012_png_jpg.rf.be5c0fb9dc1e801ddeec2c2712e5ce9f.jpg,587,587,1.0,587x587
r6k_test_blast_orig_014_png_jpg.rf.03a9968f6d774c0b877a452b3bbc3976.jpg,587,587,1.0,587x587
r6k_test_blast_orig_014_png_jpg.rf.96c6eb8999c1921c110f89c35f001868.jpg,587,587,1.0,587x587
r6k_test_blast_orig_014_png_jpg.rf.9b390f6aa7e7820e53c06c1224ad0c7f.jpg,587,587,1.0,587x587
r6k_test_blast_orig_018_png_jpg.rf.6f52fdabb21852aa8fbed04fbfe7ff3e.jpg,587,587,1.0,587x587
r6k_test_blast_orig_020_png_jpg.rf.0958e6ab323d5f9c0dbaf440d405b13b.jpg,587,587,1.0,587x587
r6k_test_blast_orig_021_jpg.rf.cefc0b18162372f78e412f1829e5d25d.jpg,587,587,1.0,587x587
r6k_test_blast_orig_024_png_jpg.rf.2460d13a72b0910e4b2610cd1b7ba83a.jpg,587,587,1.0,587x587
r6k_test_blast_orig_025_jpg.rf.415b62ba9f4b5c9b8fa2936fab4d5f91.jpg,587,587,1.0,587x587
r6k_test_blast_orig_026_png_jpg.rf.09749525f7fcaa3185590ee089755edf.jpg,587,587,1.0,587x587
r6k_test_blast_orig_028_png_jpg.rf.472101cfa35e12b681bf660162f0588d.jpg,587,587,1.0,587x587
r6k_test_blast_orig_035_JPG_jpg.rf.b7d4904bff0826dc68fcf9484ffe4885.jpg,587,587,1.0,587x587
r6k_test_blast_orig_036_png_jpg.rf.7c60478315900fa1c29d9105ff910353.jpg,587,587,1.0,587x587
r6k_test_blast_orig_036_png_jpg.rf.81bb047f47938dd84f28bc9f5843bb91.jpg,587,587,1.0,587x587
r6k_test_blast_orig_037_JPG_jpg.rf.e7ab91efce2266867306f4cd9b25aa46.jpg,587,587,1.0,587x587
r6k_test_blast_orig_042_png_jpg.rf.7d169fcbea7f44c3de9b0b102e1e24f5.jpg,587,587,1.0,587x587
r6k_test_blast_orig_042_png_jpg.rf.c3cdbad69367408e557082bc1283f82e.jpg,587,587,1.0,587x587
r6k_test_blast_orig_046_png_jpg.rf.f95c49426a45d6d8e76d44542dc3bbe5.jpg,587,587,1.0,587x587
r6k_test_blast_orig_048_JPG_jpg.rf.ff6cd6440f94af674e934469f5cbb151.jpg,587,587,1.0,587x587
r6k_test_blast_orig_050_JPG_jpg.rf.2adc844393d15264215471b24e5ed504.jpg,587,587,1.0,587x587
r6k_test_blast_orig_050_JPG_jpg.rf.62324e8b89e7f2f089f875a8303b1021.jpg,587,587,1.0,587x587
r6k_test_blast_orig_050_JPG_jpg.rf.99ba3f9b1992e6b0b72f653e7dc6bfd9.jpg,587,587,1.0,587x587
r6k_test_blast_orig_051_JPG_jpg.rf.e1e5f07a51f9a0701bf298dc0711ea2f.jpg,587,587,1.0,587x587
r6k_test_blast_orig_052_jpg.rf.4fd0b7978616a344d698e9cf28b381ef.jpg,587,587,1.0,587x587
r6k_test_blast_orig_052_jpg.rf.cb4223e68d4774ab863d0bf43bd9ec0c.jpg,587,587,1.0,587x587
r6k_test_blast_orig_053_JPG_jpg.rf.f6412c30c3dff0081d6bea174a447432.jpg,587,587,1.0,587x587
r6k_test_blast_orig_054_JPG_jpg.rf.b9c82ac37419396228a3de0b5e241d04.jpg,587,587,1.0,587x587
r6k_test_blast_orig_056_JPG_jpg.rf.db53c74fe41c5eca98eb15b414bf3c80.jpg,587,587,1.0,587x587
r6k_test_blast_orig_056_JPG_jpg.rf.e37b823a02904a9be7a3f79d852486e7.jpg,587,587,1.0,587x587
r6k_test_blast_orig_061_JPG_jpg.rf.1f3b0c5c9207321846630e0ac4460eb4.jpg,587,587,1.0,587x587
r6k_test_blast_orig_062_jpg.rf.ac70478c123445cf42b486a37546ef77.jpg,587,587,1.0,587x587
r6k_test_blast_orig_062_jpg.rf.d807c7b4aa6033473aca9c7ab04d0f99.jpg,587,587,1.0,587x587
r6k_test_blast_orig_063_JPG_jpg.rf.09f46ad32882351a8cbdeae443a771e6.jpg,587,587,1.0,587x587
r6k_test_blast_orig_063_JPG_jpg.rf.588e1057d4d5186fdf0b1d4fc34f3ccf.jpg,587,587,1.0,587x587
r6k_test_blast_orig_064_JPG_jpg.rf.f861675890bcd0291e282e429167a562.jpg,587,587,1.0,587x587
r6k_test_blast_orig_067_JPG_jpg.rf.6041642deb6a372dab9294e6b1483f65.jpg,587,587,1.0,587x587
r6k_test_blast_orig_070_JPG_jpg.rf.45385b23acedb103e35fc3dd03624d2d.jpg,587,587,1.0,587x587
r6k_test_blast_orig_070_JPG_jpg.rf.79026da339bf7a6c0dcf045437a90c87.jpg,587,587,1.0,587x587
r6k_test_blast_orig_070_JPG_jpg.rf.e04f4bed8ac018429515634f3eec8589.jpg,587,587,1.0,587x587
r6k_test_blast_orig_071_JPG_jpg.rf.d9e5aefbcf1f1b6a08fe2703370d26a9.jpg,587,587,1.0,587x587
r6k_test_blast_orig_076_jpg.rf.66f25370338aac21cbd6a8d733d131f8.jpg,587,587,1.0,587x587
r6k_test_blast_orig_079_jpg.rf.a912c24537cfb482e25548d7a0abb805.jpg,587,587,1.0,587x587
r6k_test_blast_orig_080_jpg.rf.5df50863ca49fc6db2f88de7b6c1955b.jpg,587,587,1.0,587x587
r6k_test_blast_rotated_003_jpg.rf.112fe5d1924da3bd05e5d55e12913443.jpg,587,587,1.0,587x587
r6k_test_blast_rotated_004_png_jpg.rf.0370136e28a0545792930c458805016c.jpg,587,587,1.0,587x587
r6k_test_blast_rotated_004_png_jpg.rf.fee7cfdc78e6cd8da97dbb62af6c64da.jpg,587,587,1.0,587x587
r6k_test_blast_rotated_005_jpg.rf.7835417962cfb9f4716b46ff5411a862.jpg,587,587,1.0,587x587
r6k_test_blast_rotated_005_jpg.rf.b7c4b2c4cdef26462d4b91a58d0e98c1.jpg,587,587,1.0,587x587
r6k_test_blast_rotated_009_jpg.rf.3925c6ffa25a229a9e95ec3f47ed5787.jpg,587,587,1.0,587x587
r6k_test_blast_rotated_009_jpg.rf.dc120f513d08e8ac49b9a236ef51269e.jpg,587,587,1.0,587x587
r6k_test_blast_rotated_010_png_jpg.rf.980c41e0e899724a32dd9144eef04818.jpg,587,587,1.0,587x587
r6k_test_blast_rotated_010_png_jpg.rf.aa9f3b06f637dafd83d041fe414e9a4d.jpg,587,587,1.0,587x587
r6k_test_blast_rotated_011_jpg.rf.7d15db40ac2df307d50a342f5109bf45.jpg,587,587,1.0,587x587
r6k_test_blast_rotated_011_jpg.rf.a5b6af504ca8d4279fe7294891d25a1a.jpg,587,587,1.0,587x587
r6k_test_blast_rotated_012_png_jpg.rf.5dd4e67ebcaf9cc015e7c8531f2abdd4.jpg,587,587,1.0,587x587
r6k_test_blast_rotated_014_png_jpg.rf.a8ff3601265395723ad0cba93bc8f7fa.jpg,587,587,1.0,587x587
r6k_test_blast_rotated_014_png_jpg.rf.e8894de4a6b9bd3d8f56cdd1fdab59cf.jpg,587,587,1.0,587x587
r6k_test_blast_rotated_017_jpg.rf.4bf3f9f372dc12bb25b666bb137243bc.jpg,587,587,1.0,587x587
r6k_test_blast_rotated_018_png_jpg.rf.df7f4c482edfec4c8803f3a98626ae15.jpg,587,587,1.0,587x587
r6k_test_blast_rotated_018_png_jpg.rf.dfb6a7ecbde540ae974156adee6f27ca.jpg,587,587,1.0,587x587
r6k_test_blast_rotated_019_jpg.rf.666af290129133ee6fb796ba526ff838.jpg,587,587,1.0,587x587
r6k_test_blast_rotated_019_jpg.rf.847ce49277480891edc31b6fd468bafa.jpg,587,587,1.0,587x587
r6k_test_blast_rotated_023_jpg.rf.b3fdefdee5c069f3e01453de03d0488f.jpg,587,587,1.0,587x587
r6k_test_blast_rotated_024_png_jpg.rf.03bd76e74169064963d0ffd48353036c.jpg,587,587,1.0,587x587
r6k_test_blast_rotated_025_jpg.rf.2b549b5ff2572297f7f0ca411cad453f.jpg,587,587,1.0,587x587
r6k_test_blast_rotated_025_jpg.rf.42ca89d75aad3175f85f3ebf8c0757af.jpg,587,587,1.0,587x587
r6k_test_blast_rotated_025_jpg.rf.c966be965da83c89aa2d3b4d812f70b1.jpg,587,587,1.0,587x587
r6k_test_blast_rotated_026_png_jpg.rf.fa795333948544bb1d1fead80366d86a.jpg,587,587,1.0,587x587
r6k_test_blast_rotated_028_png_jpg.rf.e5d842d4c6eca53e814f750fecd501c8.jpg,587,587,1.0,587x587
r6k_test_blast_rotated_031_JPG_jpg.rf.06750cdb4aff116a73160ebdfa8048b2.jpg,587,587,1.0,587x587
r6k_test_blast_rotated_033_JPG_jpg.rf.0138a921ce678532d58185ac26084fdb.jpg,587,587,1.0,587x587
r6k_test_blast_rotated_033_JPG_jpg.rf.2cfed22ea91a2656eda3e5ade9983043.jpg,587,587,1.0,587x587
r6k_test_blast_rotated_039_JPG_jpg.rf.ba2b7a49fee401876ba5cc6bccc93a65.jpg,587,587,1.0,587x587
r6k_test_blast_rotated_039_JPG_jpg.rf.f2a33761d16ce44ea99ce7501b743b66.jpg,587,587,1.0,587x587
r6k_test_blast_rotated_041_JPG_jpg.rf.57f25ee159b0457d67ba89c177d8cb55.jpg,587,587,1.0,587x587
r6k_test_blast_rotated_041_JPG_jpg.rf.a827bebd2a30625624ac935fcdd34d8d.jpg,587,587,1.0,587x587
r6k_test_blast_rotated_043_JPG_jpg.rf.49d6fc04ce82dcbcb34626a0618b72c7.jpg,587,587,1.0,587x587
r6k_test_blast_rotated_044_png_jpg.rf.583a01cd12d5f4c01427da4218b7c5c8.jpg,587,587,1.0,587x587
r6k_test_blast_rotated_044_png_jpg.rf.a7b6a596ad6b7d5909a004a7059ca1a7.jpg,587,587,1.0,587x587
r6k_test_blast_rotated_045_jpg.rf.29ee1712693d4713e69012b84d9c64b9.jpg,587,587,1.0,587x587
r6k_test_blast_rotated_045_jpg.rf.7a51f9fb5f76ccb6f86c7fed3c115f01.jpg,587,587,1.0,587x587
r6k_test_blast_rotated_045_jpg.rf.bb7691e1cdabfb1e16bf079598330bd3.jpg,587,587,1.0,587x587
r6k_test_blast_rotated_046_png_jpg.rf.852c53579a4e00a89795a510d24e7622.jpg,587,587,1.0,587x587
r6k_test_blast_rotated_047_JPG_jpg.rf.4eaf41f0b2c8704f683f89959bd15689.jpg,587,587,1.0,587x587
r6k_test_blast_rotated_047_JPG_jpg.rf.e118d1ddc7687c7676a24fda75cc7740.jpg,587,587,1.0,587x587
r6k_test_blast_rotated_051_jpg.rf.0f8116a896f69f4acd001707b46534ae.jpg,587,587,1.0,587x587
r6k_test_blast_rotated_051_jpg.rf.857f01a2358bd2c33c3d12037368d76e.jpg,587,587,1.0,587x587
r6k_test_blast_rotated_051_jpg.rf.a621ec065b652c733624c2aa6da00d4d.jpg,587,587,1.0,587x587
r6k_test_blast_rotated_052_JPG_jpg.rf.ddd5608565fb185c18b36e366f364d2d.jpg,587,587,1.0,587x587
r6k_test_blast_rotated_053_JPG_jpg.rf.5a8ccb4d4f62714dfb187228eae93a3c.jpg,587,587,1.0,587x587
r6k_test_blast_rotated_055_JPG_jpg.rf.46be70e56a35a2a6e5e1d067ad122873.jpg,587,587,1.0,587x587
r6k_test_blast_rotated_056_JPG_jpg.rf.06b1f42b46b8cf7324adc33f5b64b343.jpg,587,587,1.0,587x587
r6k_test_blast_rotated_057_JPG_jpg.rf.9757136fcea3d90d855654dfd41830d0.jpg,587,587,1.0,587x587
r6k_test_blast_rotated_058_JPG_jpg.rf.9582d457a672e15722c35af73dec27d3.jpg,587,587,1.0,587x587
r6k_test_blast_rotated_060_JPG_jpg.rf.f9379df70ba9d74e3a2ce95f2911ac1e.jpg,587,587,1.0,587x587
r6k_test_blast_rotated_061_jpg.rf.3f88ecbec50725913d5b9098e64b6bfd.jpg,587,587,1.0,587x587
r6k_test_blast_rotated_065_JPG_jpg.rf.4e55c92e23fdd9827d1e92063344aa47.jpg,587,587,1.0,587x587
r6k_test_blast_rotated_065_JPG_jpg.rf.e32683620ee2f71076ceee194e80ee8b.jpg,587,587,1.0,587x587
r6k_test_blast_rotated_067_JPG_jpg.rf.a63e2471c454a559d0d655e550377fba.jpg,587,587,1.0,587x587
r6k_test_blast_rotated_071_jpg.rf.da13fa088db37a06e5850f2dc3a5d42b.jpg,587,587,1.0,587x587
r6k_test_blast_rotated_071_jpg.rf.ff5c081376dd4ae457f1d0caa51e3e60.jpg,587,587,1.0,587x587
r6k_test_blast_rotated_072_jpg.rf.eb131f3ad439d713003fb92480f8a3fe.jpg,587,587,1.0,587x587
r6k_test_blast_rotated_073_jpg.rf.58e3d136d3f6b1c1f68055416694fb73.jpg,587,587,1.0,587x587
r6k_test_blast_rotated_075_jpg.rf.3a0e7e248c1302ff8fc23ff96d15d9ae.jpg,587,587,1.0,587x587
r6k_test_blight_orig_003_jpg.rf.7172028ab0b1568c40541fc40d3236fc.jpg,587,587,1.0,587x587
r6k_test_blight_orig_004_PNG_jpg.rf.117de4222048a010347f62c4bfaf8c7d.jpg,587,587,1.0,587x587
r6k_test_blight_orig_004_PNG_jpg.rf.6e415576939be74bed77060da162b924.jpg,587,587,1.0,587x587
r6k_test_blight_orig_005_jpg.rf.5a9c08ac25d0e5dd55ff4db6f78b599e.jpg,587,587,1.0,587x587
r6k_test_blight_orig_006_PNG_jpg.rf.8ab91bc271c736af35f2cd75a8c1e43b.jpg,587,587,1.0,587x587
r6k_test_blight_orig_021_jpg.rf.cec52623bf96a5552c8e69b2d46bef3f.jpg,587,587,1.0,587x587
r6k_test_blight_orig_027_jpg.rf.0921e957497e90eccd84ed0f5454d478.jpg,587,587,1.0,587x587
r6k_test_blight_orig_031_jpg.rf.5c8f54f3bfb5fa244cde370a2ce77d34.jpg,587,587,1.0,587x587
r6k_test_blight_orig_032_jpg.rf.ac1bdbb3d54778ca604ef563d6a5c647.jpg,587,587,1.0,587x587
r6k_test_blight_orig_035_JPG_jpg.rf.a31fad6b684226e0f32cee0a5ab3b4ae.jpg,587,587,1.0,587x587
r6k_test_blight_orig_043_jpg.rf.a26fdc390a412f6dccca5ec860aab328.jpg,587,587,1.0,587x587
r6k_test_blight_orig_044_jpg.rf.324da7c360e7f9f735dbaa8f95f23dd9.jpg,587,587,1.0,587x587
r6k_test_blight_orig_044_jpg.rf.9ceab018a5c5fc264f6e7a58296bf730.jpg,587,587,1.0,587x587
r6k_test_blight_orig_044_jpg.rf.cd12008dc898f68a726ea0d487310f73.jpg,587,587,1.0,587x587
r6k_test_blight_orig_045_jpg.rf.9679353eacd5d34cd9d3dde799f5d055.jpg,587,587,1.0,587x587
r6k_test_blight_orig_046_jpg.rf.86f217dead6cd685c2cfb8923c15ee38.jpg,587,587,1.0,587x587
r6k_test_blight_orig_048_jpg.rf.cdc2c04692fa2f4068ca7545c3a2bfc4.jpg,587,587,1.0,587x587
r6k_test_blight_orig_049_jpg.rf.557ea5e5b88b5997b85dcbdd705ceeab.jpg,587,587,1.0,587x587
r6k_test_blight_orig_055_jpg.rf.af7281c7231f0d6df85fd2d95984bc82.jpg,587,587,1.0,587x587
r6k_test_blight_orig_057_jpg.rf.b523a69d37cae5dc3cc315dac353e52b.jpg,587,587,1.0,587x587
r6k_test_blight_orig_061_JPG_jpg.rf.618409254a7eea19c8b971279ff8e584.jpg,587,587,1.0,587x587
r6k_test_blight_orig_061_JPG_jpg.rf.83cb2d06a39f76a5c8074fa75835276f.jpg,587,587,1.0,587x587
r6k_test_blight_orig_061_JPG_jpg.rf.a233d2fc9832ecad4300e766314f4d37.jpg,587,587,1.0,587x587
r6k_test_blight_orig_069_JPG_jpg.rf.a3b624659974f3eae8aa61ad21cc57f8.jpg,587,587,1.0,587x587
r6k_test_blight_orig_072_JPG_jpg.rf.a3b6d998212dc7c468c1c4b55749e70f.jpg,587,587,1.0,587x587
r6k_test_blight_orig_089_jpg.rf.d1cc8488a1ee9018a89cff85bb650fff.jpg,587,587,1.0,587x587
r6k_test_blight_rotated_002_png_jpg.rf.8107198cfd3efe2ce24d752dc02cd2ca.jpg,587,587,1.0,587x587
r6k_test_blight_rotated_003_jpg.rf.cb94f904dde10146977f28d856a789ed.jpg,587,587,1.0,587x587
r6k_test_blight_rotated_004_PNG_jpg.rf.fa66691b4a27ab5dba80e13cdee5a4f4.jpg,587,587,1.0,587x587
r6k_test_blight_rotated_006_PNG_jpg.rf.91fa7d8ced9eec98fc3d467899ba2ad4.jpg,587,587,1.0,587x587
r6k_test_blight_rotated_008_PNG_jpg.rf.319f8d5715b6ce5e4eb24ab6a5dd92fe.jpg,587,587,1.0,587x587
r6k_test_blight_rotated_008_PNG_jpg.rf.be077d54c0c4589d713893849cd61a21.jpg,587,587,1.0,587x587
r6k_test_blight_rotated_009_JPG_jpg.rf.f2c438e578173cbb7a7df16bd1bf547b.jpg,587,587,1.0,587x587
r6k_test_blight_rotated_010_PNG_jpg.rf.9d5b707eb4ece93de22363c267de9358.jpg,587,587,1.0,587x587
r6k_test_blight_rotated_020_PNG_jpg.rf.ad33112157f38d0038d70ff5035e6bec.jpg,587,587,1.0,587x587
r6k_test_blight_rotated_021_jpg.rf.c0dbe3b5e731e4683e6a307b35a62465.jpg,587,587,1.0,587x587
r6k_test_blight_rotated_022_PNG_jpg.rf.6a93ef57f400ec127b21ab9e380eeb75.jpg,587,587,1.0,587x587
r6k_test_blight_rotated_022_PNG_jpg.rf.bb318bb12268f1c22d96fdfa0efb4689.jpg,587,587,1.0,587x587
r6k_test_blight_rotated_025_jpg.rf.9ca1247efdfd442cfd301311e73573ed.jpg,587,587,1.0,587x587
r6k_test_blight_rotated_032_jpg.rf.319de2d1057cb5b88dd5c71534cafdfe.jpg,587,587,1.0,587x587
r6k_test_blight_rotated_033_jpg.rf.06587706e67c0f3f39297072b1ede84b.jpg,587,587,1.0,587x587
r6k_test_blight_rotated_037_JPG_jpg.rf.8df1b1d3285152d07e62fd4db1e4282b.jpg,587,587,1.0,587x587
r6k_test_blight_rotated_046_jpg.rf.2430db1eb1e033099ba5bbf1a2a28278.jpg,587,587,1.0,587x587
r6k_test_blight_rotated_050_jpg.rf.7a154842538e3d3e15e4b5535ce01aa6.jpg,587,587,1.0,587x587
r6k_test_blight_rotated_053_jpg.rf.22674e1a767d94af001dbac160fa570c.jpg,587,587,1.0,587x587
r6k_test_blight_rotated_053_jpg.rf.8e18d7578d704df3e5272bea83c24ff1.jpg,587,587,1.0,587x587
r6k_test_blight_rotated_053_jpg.rf.97d7670bfa34899dbda2f74b87d8a7cd.jpg,587,587,1.0,587x587
r6k_test_blight_rotated_060_JPG_jpg.rf.e786491ac72b46c0189966ebc43e4b5f.jpg,587,587,1.0,587x587
r6k_test_blight_rotated_061_JPG_jpg.rf.0d8e6dcb93228aa81defa0e847567496.jpg,587,587,1.0,587x587
r6k_test_blight_rotated_071_JPG_jpg.rf.1cabf24dd6e80493368f073ba408b53d.jpg,587,587,1.0,587x587
r6k_test_blight_rotated_073_JPG_jpg.rf.b3a8582ac067364fe00afeea483378d4.jpg,587,587,1.0,587x587
r6k_test_blight_rotated_074_JPG_jpg.rf.db72b5a13d0d3346882af4849622695d.jpg,587,587,1.0,587x587
r6k_test_blight_rotated_076_jpg.rf.963710f3f391614c9c8949177e5c0b68.jpg,587,587,1.0,587x587
r6k_test_blight_rotated_076_jpg.rf.99b75d9d17bf6bbd13a28c952d6f6e74.jpg,587,587,1.0,587x587
r6k_test_blight_rotated_080_jpg.rf.8289f4b3db90504241937bc115f78056.jpg,587,587,1.0,587x587
r6k_test_blight_rotated_089_jpg.rf.1f92a95e8636f37d7bee3f796cdeb45c.jpg,587,587,1.0,587x587
r6k_test_blight_rotated_089_jpg.rf.79847fdb2a65168d809c9a3f20f56fc5.jpg,587,587,1.0,587x587
r6k_test_brownspot_orig_003_jpg.rf.08a5fc18cd1ffb4e927708d6e615c2f7.jpg,587,587,1.0,587x587
r6k_test_brownspot_orig_003_jpg.rf.8e74fc764941bab7b3aad4fb2ef1defc.jpg,587,587,1.0,587x587
r6k_test_brownspot_orig_003_jpg.rf.c54086626707dcba8f9faa3c8ba4a91f.jpg,587,587,1.0,587x587
r6k_test_brownspot_orig_004_png_jpg.rf.35b70b6d7e4817ac4bc8c115d0dff86a.jpg,587,587,1.0,587x587
r6k_test_brownspot_orig_007_jpg.rf.e7f637790cb6fd55f50abc4a47a15944.jpg,587,587,1.0,587x587
r6k_test_brownspot_orig_009_jpg.rf.8f076aed00b926444e7f79c30806b903.jpg,587,587,1.0,587x587
r6k_test_brownspot_orig_010_jpg.rf.00bdda812ce0bc0ace73e443cd57f4bc.jpg,587,587,1.0,587x587
r6k_test_brownspot_orig_010_jpg.rf.b1f56311cc86395b36be7f352c740c47.jpg,587,587,1.0,587x587
r6k_test_brownspot_orig_011_jpg.rf.0d4dd1b220e5c8848fd74e342e038d49.jpg,587,587,1.0,587x587
r6k_test_brownspot_orig_011_jpg.rf.8ee01c81978f29c5f647d5e17ac5a4e6.jpg,587,587,1.0,587x587
r6k_test_brownspot_orig_011_jpg.rf.b9b46c8e4a71d03f55ea7eead7336cb3.jpg,587,587,1.0,587x587
r6k_test_brownspot_orig_012_jpg.rf.db59bddd2518195f9122dee312ed6783.jpg,587,587,1.0,587x587
r6k_test_brownspot_orig_017_jpg.rf.29896701fd749763fd150219342953fa.jpg,587,587,1.0,587x587
r6k_test_brownspot_orig_017_jpg.rf.f5f1287ac679d56cd3d3d04f6f2af975.jpg,587,587,1.0,587x587
r6k_test_brownspot_orig_018_jpg.rf.6f3b10cc9c5b33b6c36853afa06972bb.jpg,587,587,1.0,587x587
r6k_test_brownspot_orig_021_jpg.rf.d1f62ee0c81a20d0cb7e6dfb099877a5.jpg,587,587,1.0,587x587
r6k_test_brownspot_orig_024_jpg.rf.1b07df00cdbb7d96a6cca3c7ac0bd2c2.jpg,587,587,1.0,587x587
r6k_test_brownspot_orig_024_jpg.rf.f8b5044d85c7989a28e1e1768f953289.jpg,587,587,1.0,587x587
r6k_test_brownspot_orig_025_jpg.rf.49432235c1bd06719d6da86f801aa7a9.jpg,587,587,1.0,587x587
r6k_test_brownspot_orig_025_jpg.rf.c2f7e0da2a82be7c4b7f9ca2f6a963ac.jpg,587,587,1.0,587x587
r6k_test_brownspot_orig_025_jpg.rf.c4878b361a47d35e2fb9084ebba9b676.jpg,587,587,1.0,587x587
r6k_test_brownspot_orig_026_jpg.rf.f4397de4749960bfc98ce1003465e3a4.jpg,587,587,1.0,587x587
r6k_test_brownspot_orig_031_jpg.rf.204ea84d4217777fec399dadd3359ef9.jpg,587,587,1.0,587x587
r6k_test_brownspot_orig_031_jpg.rf.8ed290d4842a589682d24e68c9928094.jpg,587,587,1.0,587x587
r6k_test_brownspot_orig_031_jpg.rf.d6f1dd1aa63e7d85d7073e8bf3690ad6.jpg,587,587,1.0,587x587
r6k_test_brownspot_orig_032_jpg.rf.36220ea7d9978aac96d898736530f7b2.jpg,587,587,1.0,587x587
r6k_test_brownspot_orig_033_jpg.rf.b5956cfb4f261c3538e3bd4ce9d6c31b.jpg,587,587,1.0,587x587
r6k_test_brownspot_orig_035_jpg.rf.436acf096b2b83b8a28134b45bbec935.jpg,587,587,1.0,587x587
r6k_test_brownspot_orig_036_jpg.rf.9465a8c410d3c395a2ed2cc995cf1a98.jpg,587,587,1.0,587x587
r6k_test_brownspot_orig_036_jpg.rf.cb86058dc398e94fdc983f5dc80893f5.jpg,587,587,1.0,587x587
r6k_test_brownspot_orig_038_jpg.rf.ec3537a5ece197f15587c40efc29e98f.jpg,587,587,1.0,587x587
r6k_test_brownspot_orig_040_jpg.rf.3d10ebcb5595ffae2129b6ca3e627b22.jpg,587,587,1.0,587x587
r6k_test_brownspot_orig_041_jpg.rf.29c6dd4b8774c804682f43eb62122430.jpg,587,587,1.0,587x587
r6k_test_brownspot_orig_045_jpg.rf.93c994f5ebc6acc1600a7cbfdb6581e7.jpg,587,587,1.0,587x587
r6k_test_brownspot_orig_045_jpg.rf.d1fd8e53be305d502caccdb9f820aab5.jpg,587,587,1.0,587x587
r6k_test_brownspot_orig_046_jpg.rf.4a4e52bdeaa769c15d6ff52516e1c9c6.jpg,587,587,1.0,587x587
r6k_test_brownspot_orig_047_jpg.rf.b8d42ebd6f1dbf9cd71a169fe28b79ef.jpg,587,587,1.0,587x587
r6k_test_brownspot_orig_048_jpg.rf.1d4431dc938c13eb95fb7b585cf6842d.jpg,587,587,1.0,587x587
r6k_test_brownspot_orig_048_jpg.rf.3b0d8e0af0f7297a886d67a49f2685aa.jpg,587,587,1.0,587x587
r6k_test_brownspot_orig_051_jpg.rf.4b456c945aa808c38f301a2d27d89bac.jpg,587,587,1.0,587x587
r6k_test_brownspot_orig_051_jpg.rf.b9cd31f000b5827964d7242c6eb8a75b.jpg,587,587,1.0,587x587
r6k_test_brownspot_orig_052_jpg.rf.1f0e3032e8f55bb5843b0fc2d4b028ed.jpg,587,587,1.0,587x587
r6k_test_brownspot_orig_055_jpg.rf.09a98a5d822c7933aae8d222ff9929d0.jpg,587,587,1.0,587x587
r6k_test_brownspot_orig_059_jpg.rf.d36f4eddedb93c90854dba34382a1582.jpg,587,587,1.0,587x587
r6k_test_brownspot_orig_062_jpg.rf.1aee503350a9d5c7a8720f4bda5f4fd4.jpg,587,587,1.0,587x587
r6k_test_brownspot_orig_062_jpg.rf.5ab34d2205be871c753b612b9da3bfb7.jpg,587,587,1.0,587x587
r6k_test_brownspot_orig_062_jpg.rf.6f0f7d3bc03e914f987c5a3d62e0efb0.jpg,587,587,1.0,587x587
r6k_test_brownspot_orig_062_jpg.rf.9a3bd094dd9ef3e935207434580bc9f5.jpg,587,587,1.0,587x587
r6k_test_brownspot_orig_062_jpg.rf.e8fc94192e1f84bd912d451cd012bf6d.jpg,587,587,1.0,587x587
r6k_test_brownspot_orig_063_jpg.rf.056721a8c36b28a75f4bcdbfe4c39272.jpg,587,587,1.0,587x587
r6k_test_brownspot_orig_063_jpg.rf.32099655d60f9f378b770d3e85e7f194.jpg,587,587,1.0,587x587
r6k_test_brownspot_orig_066_jpg.rf.02e7536078b139afe4511ec63e4a0636.jpg,587,587,1.0,587x587
r6k_test_brownspot_orig_069_jpg.rf.12f801e776c29dd36162e3202bc21529.jpg,587,587,1.0,587x587
r6k_test_brownspot_orig_069_jpg.rf.48cbc643ed0c2ab7bda7dbede65f9fb7.jpg,587,587,1.0,587x587
r6k_test_brownspot_orig_069_jpg.rf.903e6089a02ab260dee27047c1474581.jpg,587,587,1.0,587x587
r6k_test_brownspot_orig_073_jpg.rf.7f8a9aeb3b0c0576351d3c6caacd6f05.jpg,587,587,1.0,587x587
r6k_test_brownspot_orig_073_jpg.rf.9d23e958f16820c56e5716fe387bbdcd.jpg,587,587,1.0,587x587
r6k_test_brownspot_orig_075_jpg.rf.d04d740f6589eb69000bafffc63c1d10.jpg,587,587,1.0,587x587
r6k_test_brownspot_orig_078_jpg.rf.dd617a18d8dd7088551499dbac5e192d.jpg,587,587,1.0,587x587
r6k_test_brownspot_orig_081_jpg.rf.cf5c43d385513b41c21a086d0cb41095.jpg,587,587,1.0,587x587
r6k_test_brownspot_orig_088_jpg.rf.e5b6d40893740060bf86e8acd1bd7ed1.jpg,587,587,1.0,587x587
r6k_test_brownspot_orig_092_jpg.rf.7b71df4742ea4602eb99e0adf5c64c57.jpg,587,587,1.0,587x587
r6k_test_brownspot_orig_095_jpg.rf.217011ea4ccbdcacd8ed2f664d5e988d.jpg,587,587,1.0,587x587
r6k_test_brownspot_orig_095_jpg.rf.2e048217c55354f3c1b9ae6d53f6e99a.jpg,587,587,1.0,587x587
r6k_test_brownspot_orig_097_jpg.rf.ca2220547967da07b7bf9437a4708b64.jpg,587,587,1.0,587x587
r6k_test_IMG_20190419_105659_jpg.rf.54deeb10b816de0cde6bf32fb931598f.jpg,587,587,1.0,587x587
r6k_test_IMG_20190419_105830_jpg.rf.61041c30f298d465e756972ee84e1e20.jpg,587,587,1.0,587x587
r6k_test_IMG_20190419_110059_jpg.rf.195361f87144a570336d4b63d56693a3.jpg,587,587,1.0,587x587
r6k_test_IMG_20190419_125436_jpg.rf.4a5e5160d1fccfe079e899add7d9468a.jpg,587,587,1.0,587x587
r6k_test_IMG_20190419_125436_jpg.rf.62db9f9cd596dff8398a13ddc1503cd0.jpg,587,587,1.0,587x587
r6k_test_IMG_20190419_140253_jpg.rf.2dff4298ca76f1d6b4e9bd6676559321.jpg,587,587,1.0,587x587
r6k_test_IMG_20190419_141051_jpg.rf.2e03348d7deb918a78c73f632ebe9bf4.jpg,587,587,1.0,587x587
r6k_test_IMG_20190419_141051_jpg.rf.c3cc7fb9810693cac70f3a908bd3c95e.jpg,587,587,1.0,587x587
r6k_test_IMG_20190419_141051_jpg.rf.dfb58ac5d292a99a35c1567cab8916d5.jpg,587,587,1.0,587x587
r6k_test_IMG_20190419_141220_jpg.rf.382dfa141d98199f197b5edb4dc00a95.jpg,587,587,1.0,587x587
r6k_test_IMG_20190419_141224_jpg.rf.7e3c0539f38ef1e18b78525fe0b2a5bb.jpg,587,587,1.0,587x587
r6k_test_IMG_20190419_141230_jpg.rf.3feeb0668b60572fa727921edff2073a.jpg,587,587,1.0,587x587
r6k_test_IMG_20190419_141230_jpg.rf.efd94ba23579db59ae65913d617be339.jpg,587,587,1.0,587x587
r6k_test_IMG_20190419_141243_jpg.rf.33b8bbc66681848314feeb32d20f690d.jpg,587,587,1.0,587x587
r6k_test_IMG_20190419_141521_jpg.rf.7babc80708ff957d93bf598b8cd80e13.jpg,587,587,1.0,587x587
r6k_test_IMG_20190420_195000_jpg.rf.20b37c450404ade9dd8aeee412e99212.jpg,587,587,1.0,587x587
r6k_test_IMG_20190420_195000_jpg.rf.b295b99e05eb1033e396e90739f7e46e.jpg,587,587,1.0,587x587
r6k_test_IMG_4769_jpg.rf.42917f6b7084902bb244eb3dac336122.jpg,587,587,1.0,587x587
r6k_test_IMG_4772_jpg.rf.4cd51688b159c6d6aa1bb651b2957b87.jpg,587,587,1.0,587x587
r6k_test_IMG_4772_jpg.rf.623d2c1309b3278a00a0eab280f39d90.jpg,587,587,1.0,587x587
r6k_test_IMG_4840_jpg.rf.0329ca737e5b5463d562dd309b738aad.jpg,587,587,1.0,587x587
r6k_test_IMG_4840_jpg.rf.1701e4a106e82a9d221dcb0b47e23fb9.jpg,587,587,1.0,587x587
r6k_test_IMG_4840_jpg.rf.32e222412c20a8964c174a5046f177a2.jpg,587,587,1.0,587x587
r6k_test_IMG_4840_jpg.rf.86a29627f05855d515325cd795502221.jpg,587,587,1.0,587x587
r6k_test_IMG_5492_jpg.rf.34e01032fdf2edb67d124ba043721c2f.jpg,587,587,1.0,587x587
r6k_test_IMG_5492_jpg.rf.374bf320b45b3a7e57afc1579cb523aa.jpg,587,587,1.0,587x587
r6k_test_IMG_5495_jpg.rf.cef85584e34b15de3e63aec8ab89f7a2.jpg,587,587,1.0,587x587
r6k_test_IMG_5512_jpg.rf.c07f0961c327850360f7f3a01be01f2b.jpg,587,587,1.0,587x587
r6k_test_IMG_5525_jpg.rf.08fac8986b06ad6db5cedbf5c1105d42.jpg,587,587,1.0,587x587
r6k_test_img_blb_0_jpg.rf.2632e30819f48210810c44ecaadc42cc.jpg,587,587,1.0,587x587
r6k_test_img_blb_105_jpeg_jpg.rf.8618ae3b50a13fec48220ac412bb5ba6.jpg,587,587,1.0,587x587
r6k_test_img_blb_105_jpeg_jpg.rf.95121ca5c35281959c879bae3d664360.jpg,587,587,1.0,587x587
r6k_test_img_blb_106_jpeg_jpg.rf.440c082e61d2d566785702714624c99f.jpg,587,587,1.0,587x587
r6k_test_img_blb_109_jpeg_jpg.rf.039c4d406ff516c0027c42ca369a74ac.jpg,587,587,1.0,587x587
r6k_test_img_blb_113_jpeg_jpg.rf.f2705601d85bf299b27e6a9647c3c5c5.jpg,587,587,1.0,587x587
r6k_test_img_blb_115_jpeg_jpg.rf.2d43ca70a6880b6f3ff6032e78c3f9dd.jpg,587,587,1.0,587x587
r6k_test_img_blb_115_jpeg_jpg.rf.98271ab664cf37fc11615265ecc64882.jpg,587,587,1.0,587x587
r6k_test_img_blb_115_jpeg_jpg.rf.e242e6853fbe0f7ebd9264a2077e62a9.jpg,587,587,1.0,587x587
r6k_test_img_blb_119_jpeg_jpg.rf.d59e7eb6d2152ed064f1d6f7d746f5c1.jpg,587,587,1.0,587x587
r6k_test_img_blb_122_jpeg_jpg.rf.415bc97275b90334eb4285238de4d170.jpg,587,587,1.0,587x587
r6k_test_img_blb_122_jpeg_jpg.rf.7beb238a008d3f686814c63c1775b6e7.jpg,587,587,1.0,587x587
r6k_test_img_blb_122_jpeg_jpg.rf.9ea1ebb389227570cc6e8c08a4937908.jpg,587,587,1.0,587x587
r6k_test_img_blb_123_jpeg_jpg.rf.c667763be6d94ee37bdff532a797f42c.jpg,587,587,1.0,587x587
r6k_test_img_blb_128_jpeg_jpg.rf.08e431a162d9301ef1f1b0d06fb2f839.jpg,587,587,1.0,587x587
r6k_test_img_blb_128_jpeg_jpg.rf.e67203e58ef8700b895231506555e7a2.jpg,587,587,1.0,587x587
r6k_test_img_blb_131_jpeg_jpg.rf.094ff4ce347248935d0a3401811d398a.jpg,587,587,1.0,587x587
r6k_test_img_blb_147_jpeg_jpg.rf.9fc33f3bf71ffb30fd1c5c179c59bec9.jpg,587,587,1.0,587x587
r6k_test_img_blb_150_jpeg_jpg.rf.b487acada6ef78868aa8a82700f6a5bb.jpg,587,587,1.0,587x587
r6k_test_img_blb_151_jpeg_jpg.rf.41de7a322d4aba12b3e8e1ed567c8395.jpg,587,587,1.0,587x587
r6k_test_img_blb_152_jpeg_jpg.rf.3a76b2f556291f2e11ee088e328d9e22.jpg,587,587,1.0,587x587
r6k_test_img_blb_153_jpeg_jpg.rf.7589d08db7ca3529ec3c5b79890168bf.jpg,587,587,1.0,587x587
r6k_test_img_blb_156_jpeg_jpg.rf.806f979f7c8eb1b314f8083620ff8994.jpg,587,587,1.0,587x587
r6k_test_img_blb_156_jpeg_jpg.rf.bb8628fd6350398570be56c9cb2973fe.jpg,587,587,1.0,587x587
r6k_test_img_blb_156_jpeg_jpg.rf.f1cb0ef50a684dc0ab25c9799c7258da.jpg,587,587,1.0,587x587
r6k_test_img_blb_15_jpg.rf.40f7eb30493a3989db43e867a03bbcbb.jpg,587,587,1.0,587x587
r6k_test_img_blb_163_jpeg_jpg.rf.f3314560367fa3f501631098e4b7394f.jpg,587,587,1.0,587x587
r6k_test_img_blb_164_jpeg_jpg.rf.5c9dc600c34b3195598496519ac3444d.jpg,587,587,1.0,587x587
r6k_test_img_blb_167_jpeg_jpg.rf.b2e5b0528f2ff5306240424db57e48dd.jpg,587,587,1.0,587x587
r6k_test_img_blb_170_jpg.rf.462b95808c942b3354bd76ea432d0d4b.jpg,587,587,1.0,587x587
r6k_test_img_blb_170_jpg.rf.88be78f248b0cd2e859fd569af8e8be6.jpg,587,587,1.0,587x587
r6k_test_img_blb_18_JPG_jpg.rf.49c8f28f11382ec6bab28f0b223b888f.jpg,587,587,1.0,587x587
r6k_test_img_blb_1_JPG_jpg.rf.f3809ebef52f5b539d01669cd618c743.jpg,587,587,1.0,587x587
r6k_test_img_blb_20_JPG_jpg.rf.450936d0538a93ec88553451c79ca3c7.jpg,587,587,1.0,587x587
r6k_test_img_blb_23_JPG_jpg.rf.a00a079eafa76ca1803f3f0c94a57dd2.jpg,587,587,1.0,587x587
r6k_test_img_blb_27_JPG_jpg.rf.d1483b3715995610507c0da50a705764.jpg,587,587,1.0,587x587
r6k_test_img_blb_27_JPG_jpg.rf.ed31e09c6667596d1770d31b9332540d.jpg,587,587,1.0,587x587
r6k_test_img_blb_28_JPG_jpg.rf.7b344a07735ede8cd7a7db635d36fe2f.jpg,587,587,1.0,587x587
r6k_test_img_blb_29_JPG_jpg.rf.2399455c956950d19258ca280e42a204.jpg,587,587,1.0,587x587
r6k_test_img_blb_2_JPG_jpg.rf.7c505bc7a4ef72f9b3e8e694e073d535.jpg,587,587,1.0,587x587
r6k_test_img_blb_2_JPG_jpg.rf.9b9680ac99272515ecdf0b145e88eb2c.jpg,587,587,1.0,587x587
r6k_test_img_blb_33_jpg.rf.1197b1a5eaa64f7d7b3ccafa2abfa7a5.jpg,587,587,1.0,587x587
r6k_test_img_blb_34_jpg.rf.1543132d6ed29b4e77b0192ed7faa6ac.jpg,587,587,1.0,587x587
r6k_test_img_blb_34_jpg.rf.3ad2d86a57220065a6494ab7674f5d41.jpg,587,587,1.0,587x587
r6k_test_img_blb_35_JPG_jpg.rf.3cef3b15b78c89ddb46425ffef43b94e.jpg,587,587,1.0,587x587
r6k_test_img_blb_35_JPG_jpg.rf.b40002429369f7004e7b4f3feddcadc1.jpg,587,587,1.0,587x587
r6k_test_img_blb_36_jpg.rf.4140a2ab138042607d2bad295f9d1ac3.jpg,587,587,1.0,587x587
r6k_test_img_blb_36_jpg.rf.c06cdbc999f3ec5c00ea6c284ecd6d5c.jpg,587,587,1.0,587x587
r6k_test_img_blb_37_JPG_jpg.rf.640d667370a2dc0bb9fe23aad6b747f1.jpg,587,587,1.0,587x587
r6k_test_img_blb_37_JPG_jpg.rf.a3e23ff4f3c8de4a69faa90d0f1a1d64.jpg,587,587,1.0,587x587
r6k_test_img_blb_42_JPG_jpg.rf.4a193871d752cecac7002fc476c732f9.jpg,587,587,1.0,587x587
r6k_test_img_blb_44_JPG_jpg.rf.5c6b34354a97902410cfd6f75b53552b.jpg,587,587,1.0,587x587
r6k_test_img_blb_45_JPG_jpg.rf.462d5b24e4435700e903b880bfbdd9e1.jpg,587,587,1.0,587x587
r6k_test_img_blb_46_JPG_jpg.rf.0a6e157f3966387f3c0189e24678c13a.jpg,587,587,1.0,587x587
r6k_test_img_blb_46_JPG_jpg.rf.8031560b11aba5db1122fdb8ad5d7dc6.jpg,587,587,1.0,587x587
r6k_test_img_blb_46_JPG_jpg.rf.dec03aedf00dec70735d46a501a7dceb.jpg,587,587,1.0,587x587
r6k_test_img_blb_47_JPG_jpg.rf.6f39deaa5d09521ecc4ae8e002578039.jpg,587,587,1.0,587x587
r6k_test_img_blb_50_jpg.rf.863a9d29c5a171eda1e177a29d3259a7.jpg,587,587,1.0,587x587
r6k_test_img_blb_57_jpg.rf.c9eabfa3e33c466e56b391d90f47b496.jpg,587,587,1.0,587x587
r6k_test_img_blb_58_jpg.rf.41285e626bcbfdeb0afdf3dc1994aac7.jpg,587,587,1.0,587x587
r6k_test_img_blb_59_jpg.rf.058311394fdc5a4ab9848a0faffb74e8.jpg,587,587,1.0,587x587
r6k_test_img_blb_59_jpg.rf.c582f5641edf85e0fabd9418f5c191d3.jpg,587,587,1.0,587x587
r6k_test_img_blb_60_jpg.rf.7966d3d1527647c636a0b6d07d95a549.jpg,587,587,1.0,587x587
r6k_test_img_blb_61_jpg.rf.19296ad13c448c0e0d68fcb18aeb30d8.jpg,587,587,1.0,587x587
r6k_test_img_blb_61_jpg.rf.9b4237c2b8152ad9b0b15892e38b2c0e.jpg,587,587,1.0,587x587
r6k_test_img_blb_61_jpg.rf.df0fd97d0efb906532bd661d8a640dd6.jpg,587,587,1.0,587x587
r6k_test_img_blb_66_jpeg_jpg.rf.e9443081157909ae27790de9ac1c1cb1.jpg,587,587,1.0,587x587
r6k_test_img_blb_71_jpg.rf.df384a51f9d90b73a4d98ae10b4be9b0.jpg,587,587,1.0,587x587
r6k_test_img_blb_73_jpg.rf.96e9508f7f4b4cbe172cbaaf6887377d.jpg,587,587,1.0,587x587
r6k_test_img_blb_75_jpg.rf.ddcd52d3427af8da556ba9444e7b0c1e.jpg,587,587,1.0,587x587
r6k_test_img_blb_76_jpeg_jpg.rf.c0bea949e43faad4790adb779f98eff2.jpg,587,587,1.0,587x587
r6k_test_img_blb_84_JPG_jpg.rf.63489b7aedfa5f008c4738addc616f6b.jpg,587,587,1.0,587x587
r6k_test_img_blb_90_png_jpg.rf.30e52176f0336a33689004ef6df58165.jpg,587,587,1.0,587x587
r6k_test_img_blb_92_jpeg_jpg.rf.a84312a3110e9216885842d81da33709.jpg,587,587,1.0,587x587
r6k_test_img_blb_94_jpeg_jpg.rf.04e35bbdfcc4b09544793880e54ddc30.jpg,587,587,1.0,587x587
r6k_test_img_blb_94_jpeg_jpg.rf.0b0d913a51c048e3cd71ca2728d8b422.jpg,587,587,1.0,587x587
r6k_test_img_blb_94_jpeg_jpg.rf.eb2010cb408cc0de907f98e1868f14f2.jpg,587,587,1.0,587x587
r6k_test_img_blb_97_jpeg_jpg.rf.4b32b07a68d2c007b9f99df0a57f3513.jpg,587,587,1.0,587x587
r6k_test_img_brown_108_jpeg_jpg.rf.a7e4c3ac93202c6be90c4c455d23f29c.jpg,587,587,1.0,587x587
r6k_test_img_brown_108_jpeg_jpg.rf.d1f7f50d32789194bf62b087a2327184.jpg,587,587,1.0,587x587
r6k_test_img_brown_10_jpeg_jpg.rf.133bd5b5606ad19c492ebf52d7ac867e.jpg,587,587,1.0,587x587
r6k_test_img_brown_10_jpeg_jpg.rf.3b6778f67e84016208f0d4a8beda59e2.jpg,587,587,1.0,587x587
r6k_test_img_brown_10_jpeg_jpg.rf.83b692d6f13f194cea3412d35b77fef9.jpg,587,587,1.0,587x587
r6k_test_img_brown_110_jpg.rf.23542638dbc0e0e8edb1d7fbeb529eec.jpg,587,587,1.0,587x587
r6k_test_img_brown_110_jpg.rf.26bbc738ac0670c8cef36ab561112ce6.jpg,587,587,1.0,587x587
r6k_test_img_brown_118_jpg.rf.1caa1c86f2ee498a992fa511092deacc.jpg,587,587,1.0,587x587
r6k_test_img_brown_11_jpeg_jpg.rf.fa761a5b635db63d88cff5eebd2c22d6.jpg,587,587,1.0,587x587
r6k_test_img_brown_125_jpg.rf.019a550416e68e3416cfb3a3026a8d4f.jpg,587,587,1.0,587x587
r6k_test_img_brown_125_jpg.rf.226d9607d38d603235f7e8921b865ddc.jpg,587,587,1.0,587x587
r6k_test_img_brown_128_jpg.rf.18ed6ef35dfffb673b6d19b11223d82c.jpg,587,587,1.0,587x587
r6k_test_img_brown_128_jpg.rf.659deb0c1d3e8cd320378ed62a5a8327.jpg,587,587,1.0,587x587
r6k_test_img_brown_128_jpg.rf.95194d825a036221a194279bba2ec099.jpg,587,587,1.0,587x587
r6k_test_img_brown_12_jpg.rf.9213be7ec84378eb46b40b7e508451e6.jpg,587,587,1.0,587x587
r6k_test_img_brown_12_jpg.rf.9a2bd86fde3cebb472bc26acac93b817.jpg,587,587,1.0,587x587
r6k_test_img_brown_135_jpg.rf.2d61cd39a381f7d465441d3c0b5fa808.jpg,587,587,1.0,587x587
r6k_test_img_brown_13_jpeg_jpg.rf.d5027ce9c0bc699899d34937e6703d2b.jpg,587,587,1.0,587x587
r6k_test_img_brown_147_jpg.rf.71fe06d68819ecb5090ded820b67a469.jpg,587,587,1.0,587x587
r6k_test_img_brown_149_jpg.rf.3b385ab1f2fadcc32b94f11ea464c0b0.jpg,587,587,1.0,587x587
r6k_test_img_brown_17_jpg.rf.5251a41bb5c1841556f11e6ee48ec2dd.jpg,587,587,1.0,587x587
r6k_test_img_brown_18_jpg.rf.b11664054768a6247149f381b7ea92f0.jpg,587,587,1.0,587x587
r6k_test_img_brown_20_jpg.rf.9f13f12de9050c69342f9a0b78c005ec.jpg,587,587,1.0,587x587
r6k_test_img_brown_23_jpg.rf.01211aa9b1f5779c3173d7e18de3abaa.jpg,587,587,1.0,587x587
r6k_test_img_brown_24_JPG_jpg.rf.165fa020714ad663f1ec0b7bc0f95296.jpg,587,587,1.0,587x587
r6k_test_img_brown_26_JPG_jpg.rf.ac752469ca145df2a44e23eaaa7ec0ab.jpg,587,587,1.0,587x587
r6k_test_img_brown_27_JPG_jpg.rf.448d6bfce51962850ca45dc9c61152a5.jpg,587,587,1.0,587x587
r6k_test_img_brown_32_JPG_jpg.rf.7ef798794a3ec64c91db2f352abeda5d.jpg,587,587,1.0,587x587
r6k_test_img_brown_32_JPG_jpg.rf.8ddcab0d9881dafde4cc2fb79f7c754b.jpg,587,587,1.0,587x587
r6k_test_img_brown_33_JPG_jpg.rf.d0d2b267251b2d0d7c39ce16ead22c16.jpg,587,587,1.0,587x587
r6k_test_img_brown_34_JPG_jpg.rf.887a95e64866cdced3aa0fa869648105.jpg,587,587,1.0,587x587
r6k_test_img_brown_35_JPG_jpg.rf.3433e68e8c922eac0678a04b3e1916af.jpg,587,587,1.0,587x587
r6k_test_img_brown_36_JPG_jpg.rf.8e913c1c2f30e97c0717a55d2c71877c.jpg,587,587,1.0,587x587
r6k_test_img_brown_37_JPG_jpg.rf.2475af379c510e8a639114d7a4451422.jpg,587,587,1.0,587x587
r6k_test_img_brown_37_JPG_jpg.rf.64b812326b6b1b285368d91112073fb5.jpg,587,587,1.0,587x587
r6k_test_img_brown_38_jpg.rf.3bb762fa6c7a6a661d691a8aa2535e20.jpg,587,587,1.0,587x587
r6k_test_img_brown_39_JPG_jpg.rf.4797843c32173469ad784de9867949a8.jpg,587,587,1.0,587x587
r6k_test_img_brown_3_jpg.rf.81f68495e21102b6a7de91a9cdc0003b.jpg,587,587,1.0,587x587
r6k_test_img_brown_40_JPG_jpg.rf.75639da34a01ac7c00aa5f489c5f4e8d.jpg,587,587,1.0,587x587
r6k_test_img_brown_46_jpg.rf.69337978c351089a50bb08150808a548.jpg,587,587,1.0,587x587
r6k_test_img_brown_46_jpg.rf.efd453e1fbcfc1580e7c27aee398d089.jpg,587,587,1.0,587x587
r6k_test_img_brown_47_jpg.rf.2a26449717c427f32b2e45d328a144aa.jpg,587,587,1.0,587x587
r6k_test_img_brown_48_jpg.rf.e0ebc6da98ffbe19619c9edbc1173bfc.jpg,587,587,1.0,587x587
r6k_test_img_brown_50_jpg.rf.9237b092edb417fc4e38a63d4eb78c25.jpg,587,587,1.0,587x587
r6k_test_img_brown_54_jpeg_jpg.rf.43992fbc7f482bf9c8fccc19319a7454.jpg,587,587,1.0,587x587
r6k_test_img_brown_55_jpeg_jpg.rf.030dab7f567af98c3bf9e979a3b7ea7b.jpg,587,587,1.0,587x587
r6k_test_img_brown_55_jpeg_jpg.rf.cbda939a8e0a6eb3c74c10f7ade9202f.jpg,587,587,1.0,587x587
r6k_test_img_brown_55_jpeg_jpg.rf.f0a9d7d66198c821e198e57098b8d84b.jpg,587,587,1.0,587x587
r6k_test_img_brown_56_jpeg_jpg.rf.c6c3ee2e1554340d2d6a1036265ac894.jpg,587,587,1.0,587x587
r6k_test_img_brown_61_jpeg_jpg.rf.1a4aa0d569e5218f308c9bb4a6f33804.jpg,587,587,1.0,587x587
r6k_test_img_brown_62_jpeg_jpg.rf.99dc41dfbeb541288d11c7212c8012d1.jpg,587,587,1.0,587x587
r6k_test_img_brown_63_jpeg_jpg.rf.1eb26d4fecd1364b691e9a9b541e0860.jpg,587,587,1.0,587x587
r6k_test_img_brown_64_jpeg_jpg.rf.46aed4ed282e33d0652dd2129d3ba904.jpg,587,587,1.0,587x587
r6k_test_img_brown_64_jpeg_jpg.rf.d93562507907b2a026b08e3b67427ad2.jpg,587,587,1.0,587x587
r6k_test_img_brown_64_jpeg_jpg.rf.e28c78cd25b5701e7f23869d17973432.jpg,587,587,1.0,587x587
r6k_test_img_brown_64_jpeg_jpg.rf.eee0c7f02085167cf072cfb3b7d9615c.jpg,587,587,1.0,587x587
r6k_test_img_brown_68_jpeg_jpg.rf.4046ad77903f8e9e4da7c867750d74e3.jpg,587,587,1.0,587x587
r6k_test_img_brown_68_jpeg_jpg.rf.fc5353da99b76e38d6d61c4ecef6afc9.jpg,587,587,1.0,587x587
r6k_test_img_brown_71_JPG_jpg.rf.101de392b1fb5526270881f035b52fa4.jpg,587,587,1.0,587x587
r6k_test_img_brown_73_jpg.rf.b8965c4f2b7bbf856cd83701fc2956d5.jpg,587,587,1.0,587x587
r6k_test_img_brown_7_jpg.rf.2ce800242f36a0f70b05d8e312280c50.jpg,587,587,1.0,587x587
r6k_test_rice-blast-03_jpg.rf.c2aad04b14335a45fb3af462f71b3482.jpg,587,587,1.0,587x587
r6k_test_rice-blast-03_jpg.rf.d6cc8458509af5ace35714b6ebdca99d.jpg,587,587,1.0,587x587
r6k_test_rice-blast-06_jpg.rf.12d91431496e1468521f7f17a8699f45.jpg,587,587,1.0,587x587
r6k_test_rice-blast-06_jpg.rf.771ebe4d72261e882d31555369aa9d4c.jpg,587,587,1.0,587x587
r6k_test_rice-blast-11_jpg.rf.6d99c4b5f894ea6736caebe33af43347.jpg,587,587,1.0,587x587
r6k_test_rice-blast-12_jpeg_jpg.rf.3782526c3d723d21f19e8e26ef2ae6a5.jpg,587,587,1.0,587x587
r6k_test_rice-blast-13_jpeg_jpg.rf.62f4b6b055cce2a4ccd7c8f045bf6563.jpg,587,587,1.0,587x587
r6k_test_rice-blast-14_jpeg_jpg.rf.eed9e7018263c8edb3ddce58592c3a1b.jpg,587,587,1.0,587x587
r6k_test_rice-blast-15_jpeg_jpg.rf.89fe6c4de950e72080288171db8f4799.jpg,587,587,1.0,587x587
r6k_test_rice-blast-15_jpeg_jpg.rf.8f44b78e84cd6a0b9191c3ea4764afd7.jpg,587,587,1.0,587x587
r6k_train_Blast_101-2-_jpg.rf.b430e29bb60fc65dd3eab4cefec2d5af.jpg,587,587,1.0,587x587
r6k_train_Blast_101-2-_jpg.rf.c27d613b476f1beb565bfa00d951c664.jpg,587,587,1.0,587x587
r6k_train_Blast_101-2-_jpg.rf.f84a2fdf450cbb02ba925ee3af61d028.jpg,587,587,1.0,587x587
r6k_train_Blast_1039_jpg.rf.6149f8c199a684d08ac48f30b7b909fa.jpg,587,587,1.0,587x587
r6k_train_Blast_1039_jpg.rf.e58913db0040011288cb066231f8a471.jpg,587,587,1.0,587x587
r6k_train_Blast_1040_jpg.rf.6d6d7cc95e4a5ada4438ead41220fbe7.jpg,587,587,1.0,587x587
r6k_train_Blast_1041_jpg.rf.77e3bb0e58b41fc7c4f24f5d1e17cdf0.jpg,587,587,1.0,587x587
r6k_train_Blast_1042_jpg.rf.bfccec3b8ae974b5c18043707716c9cf.jpg,587,587,1.0,587x587
r6k_train_Blast_1042_jpg.rf.c43055a1783551aba386a8a590f3f472.jpg,587,587,1.0,587x587
r6k_train_Blast_1044_jpg.rf.08d8cc00f1a9a8a63e4376257cf449c3.jpg,587,587,1.0,587x587
r6k_train_Blast_1045_jpg.rf.016fc97e1d4ae8619e1487a5f68aca4b.jpg,587,587,1.0,587x587
r6k_train_Blast_1045_jpg.rf.4946239b4bf1b379c8d88a4aa300c585.jpg,587,587,1.0,587x587
r6k_train_Blast_1045_jpg.rf.607099b7d3a04ae6056ff830ef5c5a1c.jpg,587,587,1.0,587x587
r6k_train_Blast_1048_jpg.rf.05bd39f822746c1415ceec108c69eca5.jpg,587,587,1.0,587x587
r6k_train_Blast_105-2-_jpg.rf.2cf975821fe343dcf551c51110c5b812.jpg,587,587,1.0,587x587
r6k_train_Blast_1050_jpg.rf.54de3712a4b76e6b1a7b52f5a217b4ec.jpg,587,587,1.0,587x587
r6k_train_Blast_1050_jpg.rf.d93a1162ff7488fcfccba102a9b6ab5f.jpg,587,587,1.0,587x587
r6k_train_Blast_1051_jpg.rf.7f44eb6b3058b0775b1fe088c8c9c6cb.jpg,587,587,1.0,587x587
r6k_train_Blast_1052_jpg.rf.28b5d92b9a1a7db5e6b03cc88074bece.jpg,587,587,1.0,587x587
r6k_train_Blast_1052_jpg.rf.67bb7f4336843936f0700fc84aa5693d.jpg,587,587,1.0,587x587
r6k_train_Blast_1052_jpg.rf.f4c9c44ea0cf79824c0b639a1bd5a296.jpg,587,587,1.0,587x587
r6k_train_Blast_1053_jpg.rf.00478a61976e32c4720cdc8a52e44494.jpg,587,587,1.0,587x587
r6k_train_Blast_1054_jpg.rf.be9502af6d13044aac6e17c1b7ec2eeb.jpg,587,587,1.0,587x587
r6k_train_Blast_1055_jpg.rf.5d074d39ab57c3ff8296147bf00f7930.jpg,587,587,1.0,587x587
r6k_train_Blast_1055_jpg.rf.9c659c9ba0204909f7d5d285c646a97f.jpg,587,587,1.0,587x587
r6k_train_Blast_1056_jpg.rf.6be1b4ee8ee74a2503f5a328f476d9d6.jpg,587,587,1.0,587x587
r6k_train_Blast_1056_jpg.rf.7b24f3766c0a925c2611a0a294006200.jpg,587,587,1.0,587x587
r6k_train_Blast_1057_jpg.rf.25ec504cb045a2f7d90c1c40d18dd4ff.jpg,587,587,1.0,587x587
r6k_train_Blast_1059_jpg.rf.578faf3aad32db56402d87481cb6f924.jpg,587,587,1.0,587x587
r6k_train_Blast_1059_jpg.rf.d08dbe9b501df7e96f3a60b31f163fa6.jpg,587,587,1.0,587x587
r6k_train_Blast_1059_jpg.rf.fdb45b87541ac440c37a0d8e65751d7f.jpg,587,587,1.0,587x587
r6k_train_Blast_1060_jpg.rf.9179c5cb7c75eec0b5d9019fedee8d67.jpg,587,587,1.0,587x587
r6k_train_Blast_1060_jpg.rf.c6ba4005d734e2f3397e780308e20426.jpg,587,587,1.0,587x587
r6k_train_Blast_1062_jpg.rf.02b95e056739ba83317dfb99ae7e088d.jpg,587,587,1.0,587x587
r6k_train_Blast_1062_jpg.rf.36316b2da310d6ff24f23a52220aea6a.jpg,587,587,1.0,587x587
r6k_train_Blast_1063_jpg.rf.67106a261ae50b8428ca036721c9c052.jpg,587,587,1.0,587x587
r6k_train_Blast_1064_jpg.rf.790f7dbe788a01715d828de4bdaf8d45.jpg,587,587,1.0,587x587
r6k_train_Blast_1065_jpg.rf.7adc60a255fe49fa40a88ed58496b317.jpg,587,587,1.0,587x587
r6k_train_Blast_1066_jpg.rf.05539099f710a4a267bbd49c59759fc6.jpg,587,587,1.0,587x587
r6k_train_Blast_1066_jpg.rf.a505d5eb0a845dd24a3da18082bc0a6e.jpg,587,587,1.0,587x587
r6k_train_Blast_1066_jpg.rf.ee2246cc63fbe3367621e245ddff3d3c.jpg,587,587,1.0,587x587
r6k_train_Blast_1068_jpg.rf.1b78a6f0ddd6ab6c83592719847ffc2c.jpg,587,587,1.0,587x587
r6k_train_Blast_1068_jpg.rf.5a22889b2bc0c6d27fe6027a39798b99.jpg,587,587,1.0,587x587
r6k_train_Blast_1071_jpg.rf.aca493421f46201a7c94e1cfd692768f.jpg,587,587,1.0,587x587
r6k_train_Blast_1073_jpg.rf.1d1d214ac2e820ec7c23b936664cbdb8.jpg,587,587,1.0,587x587
r6k_train_Blast_1073_jpg.rf.403dfa8c85bde12aaf83801aedc7a8fe.jpg,587,587,1.0,587x587
r6k_train_Blast_1073_jpg.rf.965dc879b7f0bfed29516ce5e30c5516.jpg,587,587,1.0,587x587
r6k_train_Blast_1074_jpg.rf.3957e5031fab055395f95aed641d859b.jpg,587,587,1.0,587x587
r6k_train_Blast_1074_jpg.rf.93e120974d1d80f7d40d448b281da362.jpg,587,587,1.0,587x587
r6k_train_Blast_1074_jpg.rf.ad1a9e6f09ddd7d79a3ab6c2b74c3819.jpg,587,587,1.0,587x587
r6k_train_Blast_1075_jpg.rf.07882d2389cd9d3d181ca0b68d3583f3.jpg,587,587,1.0,587x587
r6k_train_Blast_1075_jpg.rf.17bce9a56ad120b811d4342e8c6f8bae.jpg,587,587,1.0,587x587
r6k_train_Blast_1075_jpg.rf.b7f189cc41c9503e0ee143c6ea4062d6.jpg,587,587,1.0,587x587
r6k_train_Blast_1076_jpg.rf.88821d9bf128c8507b4d5c17499c3856.jpg,587,587,1.0,587x587
r6k_train_Blast_1077_jpg.rf.2fff20445ca3dd6fc75409c6cdee1c08.jpg,587,587,1.0,587x587
r6k_train_Blast_1078_jpg.rf.0012e1938236126a633a41614d50e007.jpg,587,587,1.0,587x587
r6k_train_Blast_1078_jpg.rf.929f74eb571506b82dfe7d10f88cd54f.jpg,587,587,1.0,587x587
r6k_train_Blast_1079_jpg.rf.8b5ed29e720d444831699d4dc514d03e.jpg,587,587,1.0,587x587
r6k_train_Blast_1084_jpg.rf.3b18f9fda86c4e60a4fdaa83c9026f5a.jpg,587,587,1.0,587x587
r6k_train_Blast_1086_jpg.rf.553877cc1c281443dfcc9752e3cd762f.jpg,587,587,1.0,587x587
r6k_train_Blast_1086_jpg.rf.ddffd8851ce76688ad5cc2fcca85ccf7.jpg,587,587,1.0,587x587
r6k_train_Blast_1087_jpg.rf.82ab2c2eeb4defc9d058d3718e003613.jpg,587,587,1.0,587x587
r6k_train_Blast_1088_jpg.rf.0c963be0094b286e1272a9fafb87a93c.jpg,587,587,1.0,587x587
r6k_train_Blast_1090_jpg.rf.55064dd2fa72d7b1ee0a39c697348e33.jpg,587,587,1.0,587x587
r6k_train_Blast_1092_jpg.rf.40e3dec7e986576428282b88392df6c6.jpg,587,587,1.0,587x587
r6k_train_Blast_1094_jpg.rf.2925475a034eff04b8d8421e104f8d8f.jpg,587,587,1.0,587x587
r6k_train_Blast_1095_jpg.rf.20360dc6d8baec687c74be02a4cf2c01.jpg,587,587,1.0,587x587
r6k_train_Blast_1095_jpg.rf.d20f267c19defe1de5e736944673eeea.jpg,587,587,1.0,587x587
r6k_train_Blast_1096_jpg.rf.71a50f3737af564a6ef9269421f560e6.jpg,587,587,1.0,587x587
r6k_train_Blast_1096_jpg.rf.d613606e4e3b4c87774d4d81dadb8b54.jpg,587,587,1.0,587x587
r6k_train_Blast_1098_jpg.rf.598fb4160047b3f0bcd83cfed02b947f.jpg,587,587,1.0,587x587
r6k_train_Blast_1099_jpg.rf.71eceea6f37e85672935adeb6c497013.jpg,587,587,1.0,587x587
r6k_train_Blast_11-2-_jpg.rf.a00ea9266ae78881a8114f11e1ba9e0b.jpg,587,587,1.0,587x587
r6k_train_Blast_1101_jpg.rf.ea92154b166fe70a02969327b8002c42.jpg,587,587,1.0,587x587
r6k_train_Blast_1103_jpg.rf.5b01eb161a641fa987bae151d1289c39.jpg,587,587,1.0,587x587
r6k_train_Blast_1103_jpg.rf.aff69550c9e1390b6df65f6a2cf7363f.jpg,587,587,1.0,587x587
r6k_train_Blast_1105_jpg.rf.0239b19ccaf75f0705090c7b35396d0d.jpg,587,587,1.0,587x587
r6k_train_Blast_1106_jpg.rf.d8993b30b79b0b78d97110c2930aabcc.jpg,587,587,1.0,587x587
r6k_train_Blast_1107_jpg.rf.ed917345574ed8e58006ed605653199d.jpg,587,587,1.0,587x587
r6k_train_Blast_1108_jpg.rf.767f7fa1e718a6e60b0a4045bbbb8462.jpg,587,587,1.0,587x587
r6k_train_Blast_1108_jpg.rf.78db11215c225b42187edc0197374fc9.jpg,587,587,1.0,587x587
r6k_train_Blast_1110_jpg.rf.f8d4b56d8c4f6e246ad76be47a866664.jpg,587,587,1.0,587x587
r6k_train_Blast_1111_jpg.rf.d08fd023f3e90970704f255d96e7d618.jpg,587,587,1.0,587x587
r6k_train_Blast_1112_jpg.rf.3352563f19382793f4d2c7490aa37393.jpg,587,587,1.0,587x587
r6k_train_Blast_1112_jpg.rf.966e6a79b0e7d0c20a25f77e7ebeac90.jpg,587,587,1.0,587x587
r6k_train_Blast_1114_jpg.rf.06788260673c459ee1702a4ea051bbed.jpg,587,587,1.0,587x587
r6k_train_Blast_1114_jpg.rf.5c4eb388cf78d33e7d573bcb208379ab.jpg,587,587,1.0,587x587
r6k_train_Blast_1114_jpg.rf.6cb37c9d3ed7b183757299a03bd7c246.jpg,587,587,1.0,587x587
r6k_train_Blast_1115_jpg.rf.753642c42cc84c96e09a027bc9c3c17d.jpg,587,587,1.0,587x587
r6k_train_Blast_1115_jpg.rf.c059baf58e416128a3e182791e9d3202.jpg,587,587,1.0,587x587
r6k_train_Blast_1116_jpg.rf.ddd13c0bfe905a4abc1885c061291ebe.jpg,587,587,1.0,587x587
r6k_train_Blast_1117_jpg.rf.5739b3bbd95d65d55823f3e06e348697.jpg,587,587,1.0,587x587
r6k_train_Blast_1117_jpg.rf.6c2023528527aa94def36283a32fee9c.jpg,587,587,1.0,587x587
r6k_train_Blast_1117_jpg.rf.97ea0ce3d297b5cfec1cbadb82c172cd.jpg,587,587,1.0,587x587
r6k_train_Blast_1118_jpg.rf.073661fe37d768494fca90bfff28a8c5.jpg,587,587,1.0,587x587
r6k_train_Blast_1118_jpg.rf.72a32af67abd852bdac08efb3b69fc5b.jpg,587,587,1.0,587x587
r6k_train_Blast_1118_jpg.rf.8210c9660a71d8af718dc4ee38f42a3b.jpg,587,587,1.0,587x587
r6k_train_Blast_1119_jpg.rf.5f7d64304f1267150195f9ae54f419f2.jpg,587,587,1.0,587x587
r6k_train_Blast_1121_jpg.rf.3341b09bb55f7b0c71642d312cd0c3fd.jpg,587,587,1.0,587x587
r6k_train_Blast_1123_jpg.rf.7c7c149dcc09efdfe413ea03af8c95ca.jpg,587,587,1.0,587x587
r6k_train_Blast_1123_jpg.rf.936fe43c02789cc8d35d431fc43197fc.jpg,587,587,1.0,587x587
r6k_train_Blast_1125_jpg.rf.0d9b7a5bd3f1ec3d46006bb33d9d5f78.jpg,587,587,1.0,587x587
r6k_train_Blast_1126_jpg.rf.0c89ad737578600707b7e65d5a888551.jpg,587,587,1.0,587x587
r6k_train_Blast_1127_jpg.rf.1ade45ae9948c740f19111d2bfb6e25a.jpg,587,587,1.0,587x587
r6k_train_Blast_1127_jpg.rf.4d1ac35e009d8d4a8895d5891e5dc07d.jpg,587,587,1.0,587x587
r6k_train_Blast_1127_jpg.rf.7020628c4e5728b560bfa263e9379def.jpg,587,587,1.0,587x587
r6k_train_Blast_1128_jpg.rf.58d2f55c9317a5766895447b4c760f0c.jpg,587,587,1.0,587x587
r6k_train_Blast_1128_jpg.rf.da9c8a7ff3d10b3995cbd79eaf774195.jpg,587,587,1.0,587x587
r6k_train_Blast_1129_jpg.rf.74f0dc4e06e00dbfe45af067d6e00a9f.jpg,587,587,1.0,587x587
r6k_train_Blast_1129_jpg.rf.903da0397be6df35c8f14bd4608bcd5c.jpg,587,587,1.0,587x587
r6k_train_Blast_113-2-_jpg.rf.83503fb4f8d97f567df64118c9354ed3.jpg,587,587,1.0,587x587
r6k_train_Blast_1131_jpg.rf.8c599892704b5fe18cefa8bc657147f0.jpg,587,587,1.0,587x587
r6k_train_Blast_1131_jpg.rf.f6894dc3ee52e3a7d93d91e6cb35a8a9.jpg,587,587,1.0,587x587
r6k_train_Blast_1132_jpg.rf.234265156d8347dc6afc81deeac80a22.jpg,587,587,1.0,587x587
r6k_train_Blast_1132_jpg.rf.c039c08885a5e11da7a998ef7a259139.jpg,587,587,1.0,587x587
r6k_train_Blast_1134_jpg.rf.1234d3c2d6a3e787f9c7cbc41c4c5631.jpg,587,587,1.0,587x587
r6k_train_Blast_1136_jpg.rf.afe7b7b7919eaa34513e25858ab7dfaf.jpg,587,587,1.0,587x587
r6k_train_Blast_1137_jpg.rf.2228da45ecfd3b0eda35bb2bd5a8fc5a.jpg,587,587,1.0,587x587
r6k_train_Blast_1137_jpg.rf.4505b414c63c699bb768b27690c852ab.jpg,587,587,1.0,587x587
r6k_train_Blast_1137_jpg.rf.53163d9b9bd5cb2c4747d1034ba77b27.jpg,587,587,1.0,587x587
r6k_train_Blast_1139_jpg.rf.1d21acd5dc352b5624130c0e22fe284c.jpg,587,587,1.0,587x587
r6k_train_Blast_1142_jpg.rf.6d14afc3a83fabefda519e5417463f55.jpg,587,587,1.0,587x587
r6k_train_Blast_1142_jpg.rf.b560e2dd9fd52a691af9492f2dc11e4b.jpg,587,587,1.0,587x587
r6k_train_Blast_1144_jpg.rf.83012a0f3ab59a258425e98390276719.jpg,587,587,1.0,587x587
r6k_train_Blast_1145_jpg.rf.873b849db63c7e9284e4139b63d6c8e4.jpg,587,587,1.0,587x587
r6k_train_Blast_1148_jpg.rf.1f51f194c72a5cc829b1e3f054995897.jpg,587,587,1.0,587x587
r6k_train_Blast_1149_jpg.rf.3e085b4e2c6b9f5001b1779292166d8c.jpg,587,587,1.0,587x587
r6k_train_Blast_1150_jpg.rf.4377a974c4f4312aa01cb3eed888ae8c.jpg,587,587,1.0,587x587
r6k_train_Blast_1151_jpg.rf.91702869044a8c6782af65e85ae19a35.jpg,587,587,1.0,587x587
r6k_train_Blast_1152_jpg.rf.1390d0a6bf998167ddd878c62f9f92bb.jpg,587,587,1.0,587x587
r6k_train_Blast_1152_jpg.rf.163bc5e5f62c9639193ff5af2e9d1351.jpg,587,587,1.0,587x587
r6k_train_Blast_1152_jpg.rf.740063fdd2a6c1a3db81f563115df405.jpg,587,587,1.0,587x587
r6k_train_Blast_1153_jpg.rf.a9a1c17077bc2bc36fab6eb2260a041f.jpg,587,587,1.0,587x587
r6k_train_Blast_1154_jpg.rf.17ffb68e701b1de2e3552559fa1f46f9.jpg,587,587,1.0,587x587
r6k_train_Blast_1154_jpg.rf.9aaa497ae63a29b85546f5d71494ad43.jpg,587,587,1.0,587x587
r6k_train_Blast_1156_jpg.rf.003818a815787a2a0cac4bb3db958165.jpg,587,587,1.0,587x587
r6k_train_Blast_1157_jpg.rf.a502b5a045dd141c8a4f69cf4294dc20.jpg,587,587,1.0,587x587
r6k_train_Blast_1157_jpg.rf.d627a854f88128b06fae13bb8fa3323c.jpg,587,587,1.0,587x587
r6k_train_Blast_1160_jpg.rf.24c53d6e9d06e761ad70a7e391d04d99.jpg,587,587,1.0,587x587
r6k_train_Blast_1171_jpg.rf.a26e2dd6973b056a0386a882d3883487.jpg,587,587,1.0,587x587
r6k_train_Blast_1178_jpg.rf.8c47c7b99b6e9696999ccff357219da2.jpg,587,587,1.0,587x587
r6k_train_Blast_1178_jpg.rf.9bb767f1fa69ea07c48954077638dba5.jpg,587,587,1.0,587x587
r6k_train_Blast_1179_jpg.rf.d192b062d5f314815fd1a41127cd1984.jpg,587,587,1.0,587x587
r6k_train_Blast_1179_jpg.rf.f7e1e180c82be8a20bc247b0898f60f4.jpg,587,587,1.0,587x587
r6k_train_Blast_118-2-_jpg.rf.a37f65822090c4b8a30fdb7d1412e8c0.jpg,587,587,1.0,587x587
r6k_train_Blast_118-2-_jpg.rf.e47b9afaa09ecedcc081142febefb2f0.jpg,587,587,1.0,587x587
r6k_train_Blast_1180_jpg.rf.b3ae6c436b8cb2dc787c704c3e27d803.jpg,587,587,1.0,587x587
r6k_train_Blast_1182_jpg.rf.110c4e4594759e45490c20bdebaa7cd1.jpg,587,587,1.0,587x587
r6k_train_Blast_1182_jpg.rf.bee2b9e77eea5e591d1c900a6edfefd4.jpg,587,587,1.0,587x587
r6k_train_Blast_1183_jpg.rf.944db0feb79d4a17bc93d07ddbb15aa4.jpg,587,587,1.0,587x587
r6k_train_Blast_1185_jpg.rf.770ff3718a7a6ad0133fcfc1e08b3ede.jpg,587,587,1.0,587x587
r6k_train_Blast_1185_jpg.rf.ea26b2ac5e1f198a711dea04fb7860f8.jpg,587,587,1.0,587x587
r6k_train_Blast_1188_jpg.rf.9ab26cde11f8ed39beaa04ec510154f8.jpg,587,587,1.0,587x587
r6k_train_Blast_1190_jpg.rf.d671048157f2c507095b5bd8a190ca1f.jpg,587,587,1.0,587x587
r6k_train_Blast_1190_jpg.rf.f184884fe434b846fe921369ca44f9e5.jpg,587,587,1.0,587x587
r6k_train_Blast_1198_jpg.rf.ba72d0cd86affcd5561ed1143c694da4.jpg,587,587,1.0,587x587
r6k_train_Blast_1199_jpg.rf.004da369237226140d2f4ea0a19758a2.jpg,587,587,1.0,587x587
r6k_train_Blast_12-2-_jpg.rf.6656a58fe1a699bdbd7aa0c27559e3b9.jpg,587,587,1.0,587x587
r6k_train_Blast_1200_jpg.rf.7e650d18472d1c3099f0921e5c876a42.jpg,587,587,1.0,587x587
r6k_train_Blast_1200_jpg.rf.d1289505551cfde29229f21ddb48a570.jpg,587,587,1.0,587x587
r6k_train_Blast_1204_jpg.rf.21dbc437359e57479eabce65ded0315c.jpg,587,587,1.0,587x587
r6k_train_Blast_1205_jpg.rf.56668fb42fd1e8a9c7c1ab42dc54be55.jpg,587,587,1.0,587x587
r6k_train_Blast_1205_jpg.rf.8da83bc8493cc5c888602e38f47b1f82.jpg,587,587,1.0,587x587
r6k_train_Blast_1208_jpg.rf.68c450b61b7cea3686c3a79b1124c49c.jpg,587,587,1.0,587x587
r6k_train_Blast_1209_jpg.rf.e189dd582ab001ad1b3f0b05db72ffcd.jpg,587,587,1.0,587x587
r6k_train_Blast_1232_jpg.rf.48cd6fd677ec4874d62c1ba3847bfaa7.jpg,587,587,1.0,587x587
r6k_train_Blast_1235_jpg.rf.584ab522a798da952e08974dddd7db0c.jpg,587,587,1.0,587x587
r6k_train_Blast_1235_jpg.rf.b2ce2ebc96c1e7599e2866144b66982a.jpg,587,587,1.0,587x587
r6k_train_Blast_1246_jpg.rf.3a46685e30433284f82468b49b2365e1.jpg,587,587,1.0,587x587
r6k_train_Blast_1248_jpg.rf.5ca2b5c89d8227a5659278c0fda61671.jpg,587,587,1.0,587x587
r6k_train_Blast_1251_jpg.rf.12053f6275319065a476c30fc3348291.jpg,587,587,1.0,587x587
r6k_train_Blast_1252_jpg.rf.b6f5a57d1fc5b2b8ee2d479d8fca9fb6.jpg,587,587,1.0,587x587
r6k_train_Blast_1256_jpg.rf.203f7ec712cb9032731268c789bd106c.jpg,587,587,1.0,587x587
r6k_train_Blast_1256_jpg.rf.657c3ed552c3a7a3f2ed14d7cfcc4d96.jpg,587,587,1.0,587x587
r6k_train_Blast_1257_jpg.rf.35bbc3a86f9ff1ce95ac2ab12d0b6249.jpg,587,587,1.0,587x587
r6k_train_Blast_1257_jpg.rf.c123cabfa69e8a013c7ef2d58324a0ed.jpg,587,587,1.0,587x587
r6k_train_Blast_1257_jpg.rf.cbeb4497995a52859b48e2346291ebd6.jpg,587,587,1.0,587x587
r6k_train_Blast_1264_jpg.rf.689a24043f25ae6900423f03928dd1cd.jpg,587,587,1.0,587x587
r6k_train_Blast_1265_jpg.rf.2099de406cb1b11e500a282ad81d5755.jpg,587,587,1.0,587x587
r6k_train_Blast_1265_jpg.rf.9a16ae846b3c37bba0af97c839dcd939.jpg,587,587,1.0,587x587
r6k_train_Blast_1266_jpg.rf.9ba34a708001f2005f6bf961b7ec9867.jpg,587,587,1.0,587x587
r6k_train_Blast_1266_jpg.rf.9d586e4a16ec641ceab668959a848f2d.jpg,587,587,1.0,587x587
r6k_train_Blast_1267_jpg.rf.35e7eab46a547eff0cda27d9c547a81c.jpg,587,587,1.0,587x587
r6k_train_Blast_1267_jpg.rf.537a552dcea47fce1667becf4f1505b2.jpg,587,587,1.0,587x587
r6k_train_Blast_1269_jpg.rf.3a3037d525efeffe099a81bca511c256.jpg,587,587,1.0,587x587
r6k_train_Blast_130-2-_jpg.rf.420f8db331518cc65d4ff3e796b98827.jpg,587,587,1.0,587x587
r6k_train_Blast_130-2-_jpg.rf.5b8d41d0303d5240c268a9de7fd4c40e.jpg,587,587,1.0,587x587
r6k_train_Blast_140-2-_jpg.rf.24baf79f3932bc4bc51cdd531745e078.jpg,587,587,1.0,587x587
r6k_train_Blast_142-2-_jpg.rf.39afe8e0cd3f98c9abbb104167ef782d.jpg,587,587,1.0,587x587
r6k_train_Blast_142-2-_jpg.rf.5cb2e7ae6b967b731cc634b21b7944ee.jpg,587,587,1.0,587x587
r6k_train_Blast_142-2-_jpg.rf.958157a9fe0720d56cbb176bb475f921.jpg,587,587,1.0,587x587
r6k_train_Blast_1595_jpg.rf.1db81fe57406e006290c6403e0a0ca69.jpg,587,587,1.0,587x587
r6k_train_Blast_1595_jpg.rf.f3a1c1bdaa627d5a855582cc54c5e50c.jpg,587,587,1.0,587x587
r6k_train_Blast_1596_jpg.rf.f57c069d4d56187ba562ed0f81c09451.jpg,587,587,1.0,587x587
r6k_train_Blast_1597_jpg.rf.353a23c7e18bd235c0c7670dc24225ea.jpg,587,587,1.0,587x587
r6k_train_Blast_1597_jpg.rf.a03828ca80d858635b1334954245d02f.jpg,587,587,1.0,587x587
r6k_train_Blast_1599_jpg.rf.5fa98b26dae49475a1d274e76a98132e.jpg,587,587,1.0,587x587
r6k_train_Blast_16-2-_jpg.rf.20813fc61f4ffd74fe2e733ba7458e2c.jpg,587,587,1.0,587x587
r6k_train_Blast_18-2-_jpg.rf.3f7d59c5caa58646a03a61a0d97d3cda.jpg,587,587,1.0,587x587
r6k_train_Blast_18-2-_jpg.rf.df9c6f1d5f22ff581bb4601febef7c60.jpg,587,587,1.0,587x587
r6k_train_Blast_191-2-_jpg.rf.4d8ff8f782658a5534c9fc16e8595195.jpg,587,587,1.0,587x587
r6k_train_Blast_191-2-_jpg.rf.d488084944a6c116e0df69eeb29f3cf1.jpg,587,587,1.0,587x587
r6k_train_Blast_193-2-_jpg.rf.abb885c45c07e51ce23473d01af2e7a3.jpg,587,587,1.0,587x587
r6k_train_Blast_193-2-_jpg.rf.cd4acd7451ec1cef6c86d3b47439654f.jpg,587,587,1.0,587x587
r6k_train_Blast_199-2-_jpg.rf.f895a8c5c9c22b8536e80bb4080ae554.jpg,587,587,1.0,587x587
r6k_train_Blast_224_jpg.rf.9239fc6720f5454cfc341660f94eb00a.jpg,587,587,1.0,587x587
r6k_train_Blast_234_jpg.rf.663411f86f0736eac5a5a979549fd6d1.jpg,587,587,1.0,587x587
r6k_train_Blast_235_jpg.rf.33a7b8e96fd9043394c95b11fa6aa637.jpg,587,587,1.0,587x587
r6k_train_Blast_236_jpg.rf.083b781b731ec0bee3710273c41bf669.jpg,587,587,1.0,587x587
r6k_train_Blast_236_jpg.rf.0e9e76798f9b1ac3cb44e7d1c76115a8.jpg,587,587,1.0,587x587
r6k_train_Blast_237_jpg.rf.5ce231b2b29dae3e851bb6961ca04df1.jpg,587,587,1.0,587x587
r6k_train_Blast_237_jpg.rf.c8339ad5f22c6c58fe8151cc7f399fc8.jpg,587,587,1.0,587x587
r6k_train_Blast_238_jpg.rf.5dd071a2c9d797af1a3e2463ea35b085.jpg,587,587,1.0,587x587
r6k_train_Blast_238_jpg.rf.76af5fb264bf2c1a3876264a2e787f9b.jpg,587,587,1.0,587x587
r6k_train_Blast_245_jpg.rf.345be6884bd5adca389e1b9cdb8a70d6.jpg,587,587,1.0,587x587
r6k_train_Blast_256_jpg.rf.3947c0406c277e1670a7c91e98d89e1c.jpg,587,587,1.0,587x587
r6k_train_Blast_256_jpg.rf.8942738a7abacf2d3092fb2136e54e26.jpg,587,587,1.0,587x587
r6k_train_blast_orig_004_png_jpg.rf.01d3c23aaa51c1b1d755f868851b9293.jpg,587,587,1.0,587x587
r6k_train_blast_orig_004_png_jpg.rf.20290bc9ca599d0fe821665a052cf4ad.jpg,587,587,1.0,587x587
r6k_train_blast_orig_004_png_jpg.rf.477c68b380308f981fbe39262dc90517.jpg,587,587,1.0,587x587
r6k_train_blast_orig_004_png_jpg.rf.8b70f3ff1facb6614deec3900274e159.jpg,587,587,1.0,587x587
r6k_train_blast_orig_004_png_jpg.rf.c8953fb95f706bd5dc72da0d21b71046.jpg,587,587,1.0,587x587
r6k_train_blast_orig_004_png_jpg.rf.f1481d96f1c12b760000495b778fd6a6.jpg,587,587,1.0,587x587
r6k_train_blast_orig_004_png_jpg.rf.f85c8cdd943c360bca25c60a61c67fad.jpg,587,587,1.0,587x587
r6k_train_blast_orig_005_jpg.rf.11c29051221b42ab2384fdcf7c466b73.jpg,587,587,1.0,587x587
r6k_train_blast_orig_005_jpg.rf.d3aad3373d68d457d9679e128bd21ca5.jpg,587,587,1.0,587x587
r6k_train_blast_orig_005_jpg.rf.d9f65bf42cd787025ff70de5b7f1f09a.jpg,587,587,1.0,587x587
r6k_train_blast_orig_005_jpg.rf.e1c10bf9d1f1b2278d2088d429fe02f2.jpg,587,587,1.0,587x587
r6k_train_blast_orig_005_jpg.rf.e72544ab871c45146d72a86f35c2dcf2.jpg,587,587,1.0,587x587
r6k_train_blast_orig_006_png_jpg.rf.296c63c25c4ba18804a1bd0503f64ef4.jpg,587,587,1.0,587x587
r6k_train_blast_orig_006_png_jpg.rf.4f5d5d9e6c3d9954baa7bc6ac57d4967.jpg,587,587,1.0,587x587
r6k_train_blast_orig_006_png_jpg.rf.5ffe734b41ad0b09d5a7c1bb8a91c707.jpg,587,587,1.0,587x587
r6k_train_blast_orig_006_png_jpg.rf.a1dfa94b91e36662f4ff62343ddf4a95.jpg,587,587,1.0,587x587
r6k_train_blast_orig_006_png_jpg.rf.b9c5f7b02d381bf19f174bcf2ddf899d.jpg,587,587,1.0,587x587
r6k_train_blast_orig_006_png_jpg.rf.c21a2b46cafa6ebc5999c5efa016b1ba.jpg,587,587,1.0,587x587
r6k_train_blast_orig_006_png_jpg.rf.f268ca5b6a47d2678e841d868d2a5ba8.jpg,587,587,1.0,587x587
r6k_train_blast_orig_007_jpg.rf.02632ef7026d36062a453d57980e54fd.jpg,587,587,1.0,587x587
r6k_train_blast_orig_007_jpg.rf.08a07b636e216261b9646d2e12d5e4d2.jpg,587,587,1.0,587x587
r6k_train_blast_orig_007_jpg.rf.1894696bbb0293d7944afb0c02f63d52.jpg,587,587,1.0,587x587
r6k_train_blast_orig_007_jpg.rf.1ea2a6d59a48c5bc26dd21569c09cc9f.jpg,587,587,1.0,587x587
r6k_train_blast_orig_007_jpg.rf.2a990ed9d298cbde48288b99174c423f.jpg,587,587,1.0,587x587
r6k_train_blast_orig_007_jpg.rf.2ca9072601963608affe183f46ee1362.jpg,587,587,1.0,587x587
r6k_train_blast_orig_007_jpg.rf.2ea629a1568a161865cafcfe650e3af3.jpg,587,587,1.0,587x587
r6k_train_blast_orig_007_jpg.rf.3988dafdd940f8adbc13e253917e4c82.jpg,587,587,1.0,587x587
r6k_train_blast_orig_007_jpg.rf.753ed5d213ab806eba965c9b91c9612c.jpg,587,587,1.0,587x587
r6k_train_blast_orig_007_jpg.rf.bb134ae609baed7b4d1f0a93e6fe07d0.jpg,587,587,1.0,587x587
r6k_train_blast_orig_007_jpg.rf.c12ce2479aafceced4dd4ae61ba40771.jpg,587,587,1.0,587x587
r6k_train_blast_orig_007_jpg.rf.f36b627676c7f584cb5bd331e6222f74.jpg,587,587,1.0,587x587
r6k_train_blast_orig_007_jpg.rf.f73a6f08e3172d66715fdf1fc68356c1.jpg,587,587,1.0,587x587
r6k_train_blast_orig_009_jpg.rf.45d5cf844b36db587f4db1938ca1a15c.jpg,587,587,1.0,587x587
r6k_train_blast_orig_009_jpg.rf.62648a8a83280c7d26b42a2becfede72.jpg,587,587,1.0,587x587
r6k_train_blast_orig_009_jpg.rf.6493fa97a0b60555edb9e44293d1b088.jpg,587,587,1.0,587x587
r6k_train_blast_orig_009_jpg.rf.8689131891abf55dd7bea4d843bd800f.jpg,587,587,1.0,587x587
r6k_train_blast_orig_009_jpg.rf.bb02ffc9ae390119925f24d5f196414a.jpg,587,587,1.0,587x587
r6k_train_blast_orig_009_jpg.rf.ce383100b2d3900a0f770a17c200471f.jpg,587,587,1.0,587x587
r6k_train_blast_orig_009_jpg.rf.e7fac80b6a4cf0c3efb7638c916b69b1.jpg,587,587,1.0,587x587
r6k_train_blast_orig_009_jpg.rf.f423cff0980adae2e402afae97df9d11.jpg,587,587,1.0,587x587
r6k_train_blast_orig_010_png_jpg.rf.29c8649ff30da46a28287b7e50a2b8ff.jpg,587,587,1.0,587x587
r6k_train_blast_orig_010_png_jpg.rf.921fe9951dab985bf607ce36e99aa020.jpg,587,587,1.0,587x587
r6k_train_blast_orig_011_jpg.rf.066181245ff97c1baba3adbbee5b440c.jpg,587,587,1.0,587x587
r6k_train_blast_orig_011_jpg.rf.2299171d9081fa8dd84c473c9d4d15d6.jpg,587,587,1.0,587x587
r6k_train_blast_orig_011_jpg.rf.2ff7d6748f9d0e1c938c7c3bd4792cd0.jpg,587,587,1.0,587x587
r6k_train_blast_orig_011_jpg.rf.326ed3a333e87ead7cf093c7e66b0bfb.jpg,587,587,1.0,587x587
r6k_train_blast_orig_011_jpg.rf.43c5f39851e1e1b524a6d99f710bf75a.jpg,587,587,1.0,587x587
r6k_train_blast_orig_011_jpg.rf.4c623cf15ff3d9c93888a54c9aef2150.jpg,587,587,1.0,587x587
r6k_train_blast_orig_011_jpg.rf.587c0a5176cd3b83a990f77cf199cd99.jpg,587,587,1.0,587x587
r6k_train_blast_orig_011_jpg.rf.6216a7d19df9d12c1747ad2d28266a0e.jpg,587,587,1.0,587x587
r6k_train_blast_orig_011_jpg.rf.7a732a54c7ae60ead1cc2c2100c34d7a.jpg,587,587,1.0,587x587
r6k_train_blast_orig_011_jpg.rf.9cf738e1fdc7fba401d291b1cb13de1e.jpg,587,587,1.0,587x587
r6k_train_blast_orig_011_jpg.rf.ad872f87dffd9f7c2bb6f9520eeeb619.jpg,587,587,1.0,587x587
r6k_train_blast_orig_011_jpg.rf.c22b53526bad4c4695f624c182242d76.jpg,587,587,1.0,587x587
r6k_train_blast_orig_012_png_jpg.rf.4804a3a6d6f2627672bb7c98774b8855.jpg,587,587,1.0,587x587
r6k_train_blast_orig_012_png_jpg.rf.4d80b2911af6e5f19d747180312b21f1.jpg,587,587,1.0,587x587
r6k_train_blast_orig_012_png_jpg.rf.546413c0e73f2bc23db7ed78ec307ed4.jpg,587,587,1.0,587x587
r6k_train_blast_orig_012_png_jpg.rf.63d5e3090b478559fc105d17f985ffe9.jpg,587,587,1.0,587x587
r6k_train_blast_orig_012_png_jpg.rf.64a7293a502765033c00425b52bc69d7.jpg,587,587,1.0,587x587
r6k_train_blast_orig_012_png_jpg.rf.68a24e50c7040227dc26681e39a3acde.jpg,587,587,1.0,587x587
r6k_train_blast_orig_012_png_jpg.rf.708a8679f45528ab7e148e071364738e.jpg,587,587,1.0,587x587
r6k_train_blast_orig_012_png_jpg.rf.96bcd3c7650921c4d2893b906c1530a3.jpg,587,587,1.0,587x587
r6k_train_blast_orig_012_png_jpg.rf.c8f460b89c1cf39b51fbb4e0c16fe366.jpg,587,587,1.0,587x587
r6k_train_blast_orig_012_png_jpg.rf.cae40882b95726ffaf240b77f61442db.jpg,587,587,1.0,587x587
r6k_train_blast_orig_012_png_jpg.rf.d3e114459dd515cb5b1c45eeb6af2ead.jpg,587,587,1.0,587x587
r6k_train_blast_orig_012_png_jpg.rf.fff2281e91ceb54f7969900d971df3b8.jpg,587,587,1.0,587x587
r6k_train_blast_orig_014_png_jpg.rf.0be797ab7d491a0b3481d7c10bf48166.jpg,587,587,1.0,587x587
r6k_train_blast_orig_014_png_jpg.rf.13e40207bf2ab4fcb72adaa12ae84d46.jpg,587,587,1.0,587x587
r6k_train_blast_orig_014_png_jpg.rf.5979c02eb958dd3ca5bdc1b4843f14fb.jpg,587,587,1.0,587x587
r6k_train_blast_orig_014_png_jpg.rf.6db951b969c295840e87a6cf874f439e.jpg,587,587,1.0,587x587
r6k_train_blast_orig_014_png_jpg.rf.8fbc06437db8d5ed705cce3d054c1334.jpg,587,587,1.0,587x587
r6k_train_blast_orig_014_png_jpg.rf.9563c808ccaa895b8afe27754bfa5b9c.jpg,587,587,1.0,587x587
r6k_train_blast_orig_014_png_jpg.rf.c2c55f18c6662d8cd3f6135ec1be5dfc.jpg,587,587,1.0,587x587
r6k_train_blast_orig_014_png_jpg.rf.ff3c62768e1fbfa4115d35b94e7a82f4.jpg,587,587,1.0,587x587
r6k_train_blast_orig_018_png_jpg.rf.0215ec6fb763661cbe3daee308e98ed1.jpg,587,587,1.0,587x587
r6k_train_blast_orig_018_png_jpg.rf.154e87ace9553c341cebc6421dfdcb97.jpg,587,587,1.0,587x587
r6k_train_blast_orig_018_png_jpg.rf.2702bbc46a2dbc0e8f37097f37c27192.jpg,587,587,1.0,587x587
r6k_train_blast_orig_018_png_jpg.rf.61621a7a845bd472651fc01fc4f53e6a.jpg,587,587,1.0,587x587
r6k_train_blast_orig_018_png_jpg.rf.766fe38fd81576a8861233bd78430dcc.jpg,587,587,1.0,587x587
r6k_train_blast_orig_018_png_jpg.rf.945445af91388033fc24f299ce6f11d7.jpg,587,587,1.0,587x587
r6k_train_blast_orig_018_png_jpg.rf.bece3ded789ea9e846e5862db13349f6.jpg,587,587,1.0,587x587
r6k_train_blast_orig_018_png_jpg.rf.d8bd2bc945d9aa4b71f9b01779eea014.jpg,587,587,1.0,587x587
r6k_train_blast_orig_018_png_jpg.rf.fe24be1bef7d70acd30043d4c2bf6f6b.jpg,587,587,1.0,587x587
r6k_train_blast_orig_020_png_jpg.rf.01216ef3ea97165742d5bf8e53160ea8.jpg,587,587,1.0,587x587
r6k_train_blast_orig_020_png_jpg.rf.13da0ee5532cf2eae6e838d9547525c8.jpg,587,587,1.0,587x587
r6k_train_blast_orig_020_png_jpg.rf.25888a4f127d85d53b7a7e46856c04ea.jpg,587,587,1.0,587x587
r6k_train_blast_orig_020_png_jpg.rf.2b5fe03c4193c6b08e2e5d0d9ae53893.jpg,587,587,1.0,587x587
r6k_train_blast_orig_020_png_jpg.rf.68d32a1f518922627230afa3fe6a8818.jpg,587,587,1.0,587x587
r6k_train_blast_orig_020_png_jpg.rf.b1fe85dd4141a0ab5770d089add447d0.jpg,587,587,1.0,587x587
r6k_train_blast_orig_020_png_jpg.rf.b73c83fd85281d8da35ff915e9b6533f.jpg,587,587,1.0,587x587
r6k_train_blast_orig_020_png_jpg.rf.c16dc238943d66e0136527b624892c2d.jpg,587,587,1.0,587x587
r6k_train_blast_orig_020_png_jpg.rf.ca7f944f15e23242baeab88b71b2293c.jpg,587,587,1.0,587x587
r6k_train_blast_orig_020_png_jpg.rf.e32a8077dd93e3c30c64a4e9f47c5f89.jpg,587,587,1.0,587x587
r6k_train_blast_orig_020_png_jpg.rf.ede157d82ce926a020f33c49ad7847b2.jpg,587,587,1.0,587x587
r6k_train_blast_orig_021_jpg.rf.0a19a704a0955f3f1a463e4b634fb7ef.jpg,587,587,1.0,587x587
r6k_train_blast_orig_021_jpg.rf.9cb66caccb80023318b81dbdbc68d7f6.jpg,587,587,1.0,587x587
r6k_train_blast_orig_021_jpg.rf.b43897480ebc068f68bb1fe0d2935f3c.jpg,587,587,1.0,587x587
r6k_train_blast_orig_021_jpg.rf.ca739cf348fd53c06fdba769ef9f428d.jpg,587,587,1.0,587x587
r6k_train_blast_orig_021_jpg.rf.e2ab1e13a3435d8ae7b89763a933f834.jpg,587,587,1.0,587x587
r6k_train_blast_orig_021_jpg.rf.e8752c37e820a5fc877f620096ce3ad6.jpg,587,587,1.0,587x587
r6k_train_blast_orig_021_jpg.rf.f841e72df5d12c3a61a7a67e8dac9f0e.jpg,587,587,1.0,587x587
r6k_train_blast_orig_022_png_jpg.rf.15e92745f7741eb03e9bf335fa80b0b0.jpg,587,587,1.0,587x587
r6k_train_blast_orig_022_png_jpg.rf.2d11d0aec0d26acbf2f1e4023e53c2e9.jpg,587,587,1.0,587x587
r6k_train_blast_orig_022_png_jpg.rf.39660925918494940945376010700eb9.jpg,587,587,1.0,587x587
r6k_train_blast_orig_022_png_jpg.rf.3db5b76a383c919d2669bea9f2c036c3.jpg,587,587,1.0,587x587
r6k_train_blast_orig_022_png_jpg.rf.5c114cc414b5ebfbda9938931fe8428f.jpg,587,587,1.0,587x587
r6k_train_blast_orig_022_png_jpg.rf.609db7b2f918293a3aece557cbca59b2.jpg,587,587,1.0,587x587
r6k_train_blast_orig_022_png_jpg.rf.96514726751974a11b10706089e00267.jpg,587,587,1.0,587x587
r6k_train_blast_orig_024_png_jpg.rf.4c7fcbfee45bbab1f07a9105ccbb862a.jpg,587,587,1.0,587x587
r6k_train_blast_orig_024_png_jpg.rf.8745f0d102b71f86bf0101f825192437.jpg,587,587,1.0,587x587
r6k_train_blast_orig_024_png_jpg.rf.d41a49e78af9f8c3fbff176c92dfe6d6.jpg,587,587,1.0,587x587
r6k_train_blast_orig_024_png_jpg.rf.dd9d27a9fa45beb38d92a1615f0157d2.jpg,587,587,1.0,587x587
r6k_train_blast_orig_025_jpg.rf.2543a8e1d78e0e780da71618a9c1188a.jpg,587,587,1.0,587x587
r6k_train_blast_orig_025_jpg.rf.7e5649e97eda6b4c0eb9c360dab09254.jpg,587,587,1.0,587x587
r6k_train_blast_orig_025_jpg.rf.92a9d79f1f4243c2ac96c92672e9ae85.jpg,587,587,1.0,587x587
r6k_train_blast_orig_025_jpg.rf.c758e9d622dfc779aec6d4e510acdcbc.jpg,587,587,1.0,587x587
r6k_train_blast_orig_025_jpg.rf.daf43633f752b94f58432cd7ee6ae0ea.jpg,587,587,1.0,587x587
r6k_train_blast_orig_025_jpg.rf.e87c94137888d2b2bc2917e18ae5e6df.jpg,587,587,1.0,587x587
r6k_train_blast_orig_025_jpg.rf.e9ff35ce165f185c240820720ca7a0ce.jpg,587,587,1.0,587x587
r6k_train_blast_orig_026_png_jpg.rf.4729226e5ad0779b2ba5cc59eb211456.jpg,587,587,1.0,587x587
r6k_train_blast_orig_026_png_jpg.rf.7c80b0b10dade40da454947cb506fb9c.jpg,587,587,1.0,587x587
r6k_train_blast_orig_026_png_jpg.rf.7d513db21f24515c2db85f6aeeb4e8bf.jpg,587,587,1.0,587x587
r6k_train_blast_orig_026_png_jpg.rf.8f41a0256939b232a92037a81386b2e7.jpg,587,587,1.0,587x587
r6k_train_blast_orig_026_png_jpg.rf.9dc95bae27617afc23ea3fdcc0488eff.jpg,587,587,1.0,587x587
r6k_train_blast_orig_026_png_jpg.rf.a72284a8a29ba3829ad9da5827061410.jpg,587,587,1.0,587x587
r6k_train_blast_orig_026_png_jpg.rf.be2c8cbb85d72e5b4efcd79ee131e8e0.jpg,587,587,1.0,587x587
r6k_train_blast_orig_026_png_jpg.rf.c63e23b1cc9b3041035f3059219fa059.jpg,587,587,1.0,587x587
r6k_train_blast_orig_027_jpg.rf.4b1cbacece426e85bf3eed5d737962f8.jpg,587,587,1.0,587x587
r6k_train_blast_orig_027_jpg.rf.78d7211402e4124e197abb862e7025cc.jpg,587,587,1.0,587x587
r6k_train_blast_orig_027_jpg.rf.a45646f0aba3fea3ca5cd9fae1507c01.jpg,587,587,1.0,587x587
r6k_train_blast_orig_027_jpg.rf.b3f56287f5dce753b2263423821dccdf.jpg,587,587,1.0,587x587
r6k_train_blast_orig_027_jpg.rf.c671b3f07ddb89e96a591d558feefcc1.jpg,587,587,1.0,587x587
r6k_train_blast_orig_028_png_jpg.rf.1e6775980695ba8fcf9cd5b67e587c9d.jpg,587,587,1.0,587x587
r6k_train_blast_orig_028_png_jpg.rf.47a312686d5036d3cab520ca980b8770.jpg,587,587,1.0,587x587
r6k_train_blast_orig_028_png_jpg.rf.730bcc778a9c7d13c6534389a5e265ac.jpg,587,587,1.0,587x587
r6k_train_blast_orig_028_png_jpg.rf.82647d9443a777846b9dd640ce1bcbfd.jpg,587,587,1.0,587x587
r6k_train_blast_orig_028_png_jpg.rf.f0a80ed385ba01c6479681affc8ab63d.jpg,587,587,1.0,587x587
r6k_train_blast_orig_032_png_jpg.rf.345c57474d9d3c92e086d84ac9fdaaa2.jpg,587,587,1.0,587x587
r6k_train_blast_orig_032_png_jpg.rf.4925dc35e4462866b0ddce8b5f904437.jpg,587,587,1.0,587x587
r6k_train_blast_orig_032_png_jpg.rf.57eab1e3986e818826274b7a8d7666ea.jpg,587,587,1.0,587x587
r6k_train_blast_orig_032_png_jpg.rf.684ff6322661ba35ac4025c13cdfdefe.jpg,587,587,1.0,587x587
r6k_train_blast_orig_032_png_jpg.rf.81d0da1e08f1ef36498e3bb9b1eb520c.jpg,587,587,1.0,587x587
r6k_train_blast_orig_032_png_jpg.rf.a09b7cff5e81355a90e04bc28ded1e24.jpg,587,587,1.0,587x587
r6k_train_blast_orig_032_png_jpg.rf.ac2c7a82ef2a1de5771472dff07de9e3.jpg,587,587,1.0,587x587
r6k_train_blast_orig_033_JPG_jpg.rf.2f2dda0593e8cf6e4cf39f1d17c3c029.jpg,587,587,1.0,587x587
r6k_train_blast_orig_033_JPG_jpg.rf.448a3e6a4ea6f0f5cf17110fe0d3b972.jpg,587,587,1.0,587x587
r6k_train_blast_orig_033_JPG_jpg.rf.596be2e1b82bc1b4035655086acc318b.jpg,587,587,1.0,587x587
r6k_train_blast_orig_033_JPG_jpg.rf.9016a3bab9d1ec7f4cba1450b6e7b7c6.jpg,587,587,1.0,587x587
r6k_train_blast_orig_033_JPG_jpg.rf.9374beda474c2a470c46a0e944e107ba.jpg,587,587,1.0,587x587
r6k_train_blast_orig_033_JPG_jpg.rf.b2ab0c214e542f89910dda74e36040d5.jpg,587,587,1.0,587x587
r6k_train_blast_orig_033_JPG_jpg.rf.d3f2926e34fe77e2ecff122dd3476261.jpg,587,587,1.0,587x587
r6k_train_blast_orig_034_png_jpg.rf.2e40a43933f7c00c04dd78817ca4342b.jpg,587,587,1.0,587x587
r6k_train_blast_orig_035_JPG_jpg.rf.8bfc94ae6b9b2f8d0bdcc3a7823f6fa4.jpg,587,587,1.0,587x587
r6k_train_blast_orig_035_JPG_jpg.rf.982168171a6580125874e3f5f3ee05b8.jpg,587,587,1.0,587x587
r6k_train_blast_orig_035_JPG_jpg.rf.a59334e71d90f587e340c2ab7295d795.jpg,587,587,1.0,587x587
r6k_train_blast_orig_035_JPG_jpg.rf.b0781a0115a725a7fcc6f7a071a5b279.jpg,587,587,1.0,587x587
r6k_train_blast_orig_035_JPG_jpg.rf.f716c7723d8e0793ceaba03c16edf2c9.jpg,587,587,1.0,587x587
r6k_train_blast_orig_035_JPG_jpg.rf.ff54b54e0ec372cf0e05195823d17c6b.jpg,587,587,1.0,587x587
r6k_train_blast_orig_036_png_jpg.rf.29df110bacafc6e4f8d26595a0d0fe92.jpg,587,587,1.0,587x587
r6k_train_blast_orig_036_png_jpg.rf.2f126716373e1daf1905a2197e6194f5.jpg,587,587,1.0,587x587
r6k_train_blast_orig_036_png_jpg.rf.3f47ada364f16594914f8c3e5135d66a.jpg,587,587,1.0,587x587
r6k_train_blast_orig_036_png_jpg.rf.58e30411216bc2dbbf1b0cbe25fc39f0.jpg,587,587,1.0,587x587
r6k_train_blast_orig_036_png_jpg.rf.5a57c7446b04403693f782a166d0b5cc.jpg,587,587,1.0,587x587
r6k_train_blast_orig_036_png_jpg.rf.696b097285766d8fc57b09beea8e5af7.jpg,587,587,1.0,587x587
r6k_train_blast_orig_036_png_jpg.rf.970601e50bf11da0c126c4602ac5d26f.jpg,587,587,1.0,587x587
r6k_train_blast_orig_036_png_jpg.rf.c8b9cbe6c42dcee2555d1a10a890872f.jpg,587,587,1.0,587x587
r6k_train_blast_orig_036_png_jpg.rf.ce7c64575c0ebe1a523803b4116e1050.jpg,587,587,1.0,587x587
r6k_train_blast_orig_036_png_jpg.rf.df300227965aab4f29602b8bc3f139be.jpg,587,587,1.0,587x587
r6k_train_blast_orig_036_png_jpg.rf.e52bbf1fcf75fdf1de16483e3c9c3de6.jpg,587,587,1.0,587x587
r6k_train_blast_orig_037_JPG_jpg.rf.2d46746b9db9e287c3a40376bc9c8e75.jpg,587,587,1.0,587x587
r6k_train_blast_orig_037_JPG_jpg.rf.4a88eeecf64a775fd38ca91de7d9670d.jpg,587,587,1.0,587x587
r6k_train_blast_orig_037_JPG_jpg.rf.4e013299d168ef67cf8a2982a6c96284.jpg,587,587,1.0,587x587
r6k_train_blast_orig_037_JPG_jpg.rf.88fd553ccfc8cc2c9cd30e57afea7ad0.jpg,587,587,1.0,587x587
r6k_train_blast_orig_037_JPG_jpg.rf.ea7c5199c834559a8e05e4d58ed95a3f.jpg,587,587,1.0,587x587
r6k_train_blast_orig_037_JPG_jpg.rf.fe3503487de73f4c3c0fb8ae72e5166e.jpg,587,587,1.0,587x587
r6k_train_blast_orig_038_png_jpg.rf.ec65cba049deaaca61dc5473f44e445d.jpg,587,587,1.0,587x587
r6k_train_blast_orig_038_png_jpg.rf.f55f038009e00ae104bc731afa63e35b.jpg,587,587,1.0,587x587
r6k_train_blast_orig_039_JPG_jpg.rf.02e364ee18e2f1d3d3c8ddd146632196.jpg,587,587,1.0,587x587
r6k_train_blast_orig_039_JPG_jpg.rf.0481f6db110150801ffc32d499aa42ec.jpg,587,587,1.0,587x587
r6k_train_blast_orig_039_JPG_jpg.rf.098ad4618a3edcee04011b26fcbae5f4.jpg,587,587,1.0,587x587
r6k_train_blast_orig_039_JPG_jpg.rf.5a321c0fc65b49f898dbd626c78aedd8.jpg,587,587,1.0,587x587
r6k_train_blast_orig_039_JPG_jpg.rf.62b72594136719e783ead36c0844612f.jpg,587,587,1.0,587x587
r6k_train_blast_orig_039_JPG_jpg.rf.65175e9e82b1dd17f5e30d4fc2bfb372.jpg,587,587,1.0,587x587
r6k_train_blast_orig_039_JPG_jpg.rf.7d3ea473174c0ed469391889b515ee3e.jpg,587,587,1.0,587x587
r6k_train_blast_orig_039_JPG_jpg.rf.9303da5d46ccdb8dc6f58fb9e7d07bd2.jpg,587,587,1.0,587x587
r6k_train_blast_orig_039_JPG_jpg.rf.a2491274c7c05e53e5bde0eadc6cbe89.jpg,587,587,1.0,587x587
r6k_train_blast_orig_039_JPG_jpg.rf.b1bc1e37c9284f92a012636ad91a649d.jpg,587,587,1.0,587x587
r6k_train_blast_orig_039_JPG_jpg.rf.d2a70f95ab297ee4a4ece46c9149cdb9.jpg,587,587,1.0,587x587
r6k_train_blast_orig_039_JPG_jpg.rf.dd4e8baa8b383494fb372554366ec85b.jpg,587,587,1.0,587x587
r6k_train_blast_orig_039_JPG_jpg.rf.eac1284b20f0775df18231f94816e3e3.jpg,587,587,1.0,587x587
r6k_train_blast_orig_041_JPG_jpg.rf.1316b01ec4bfbac9627055cbdbc517e0.jpg,587,587,1.0,587x587
r6k_train_blast_orig_041_JPG_jpg.rf.556a6c8c942971b71423f50ef61f1628.jpg,587,587,1.0,587x587
r6k_train_blast_orig_041_JPG_jpg.rf.55f01298b71ad08b18cf449cab3565d1.jpg,587,587,1.0,587x587
r6k_train_blast_orig_041_JPG_jpg.rf.71f892e3957750af23a869437c141ba4.jpg,587,587,1.0,587x587
r6k_train_blast_orig_041_JPG_jpg.rf.7b1133bb4bafe0823c512e26daac10c8.jpg,587,587,1.0,587x587
r6k_train_blast_orig_041_JPG_jpg.rf.7cce4fbb74016ad9a39edff81fca35e2.jpg,587,587,1.0,587x587
r6k_train_blast_orig_041_JPG_jpg.rf.7debdc0d92869c880f3c0534a24464f4.jpg,587,587,1.0,587x587
r6k_train_blast_orig_041_JPG_jpg.rf.8fb73bc4e7ee17dee0cf692a424a0721.jpg,587,587,1.0,587x587
r6k_train_blast_orig_041_JPG_jpg.rf.96422d2a7f5534b72d2dd4a7d883ecc4.jpg,587,587,1.0,587x587
r6k_train_blast_orig_041_JPG_jpg.rf.e0abfb4def4bd91f3f9bc8a0eba7a3f0.jpg,587,587,1.0,587x587
r6k_train_blast_orig_042_png_jpg.rf.18584aa594381a58f78e6042e556d47a.jpg,587,587,1.0,587x587
r6k_train_blast_orig_042_png_jpg.rf.1e9fdff9efcba4f3f513922f6feee50c.jpg,587,587,1.0,587x587
r6k_train_blast_orig_042_png_jpg.rf.2737b130bc9d48b06a32b1938e01b804.jpg,587,587,1.0,587x587
r6k_train_blast_orig_042_png_jpg.rf.340a324cb4e726dbdf2f825bc00a3e6e.jpg,587,587,1.0,587x587
r6k_train_blast_orig_042_png_jpg.rf.345519d6fe8fd491287075a6631f6053.jpg,587,587,1.0,587x587
r6k_train_blast_orig_042_png_jpg.rf.4eb7f6590729ac00056c62722261fb34.jpg,587,587,1.0,587x587
r6k_train_blast_orig_042_png_jpg.rf.6f68873de1932cad51425989b4906c4f.jpg,587,587,1.0,587x587
r6k_train_blast_orig_042_png_jpg.rf.7c5a3b0a2b1719d7fd6ceeaad43bcdfb.jpg,587,587,1.0,587x587
r6k_train_blast_orig_042_png_jpg.rf.bfd2b10fb1bf1f48686e82d27bc44b88.jpg,587,587,1.0,587x587
r6k_train_blast_orig_046_png_jpg.rf.02fe3846fe375c9055fb8ca86b338a2d.jpg,587,587,1.0,587x587
r6k_train_blast_orig_046_png_jpg.rf.033191db35ead4f76b668ed33acd27d0.jpg,587,587,1.0,587x587
r6k_train_blast_orig_046_png_jpg.rf.17f7485eab47a3c19c10c038703ed3c2.jpg,587,587,1.0,587x587
r6k_train_blast_orig_046_png_jpg.rf.277f8aaa2d34bd5c3ea8a8341060559a.jpg,587,587,1.0,587x587
r6k_train_blast_orig_046_png_jpg.rf.60950b4b74aa16a3c7b9a7ba31775eab.jpg,587,587,1.0,587x587
r6k_train_blast_orig_046_png_jpg.rf.6acc380e6ecee231fc42a0d4c52e2cc4.jpg,587,587,1.0,587x587
r6k_train_blast_orig_046_png_jpg.rf.9c3d8161fc57cd337936535d3e2f9ee9.jpg,587,587,1.0,587x587
r6k_train_blast_orig_046_png_jpg.rf.b91791af9c35cc76a8e2b1bf69262b80.jpg,587,587,1.0,587x587
r6k_train_blast_orig_046_png_jpg.rf.c543827b469e61d13cd2a6c31732d9c1.jpg,587,587,1.0,587x587
r6k_train_blast_orig_046_png_jpg.rf.ca9e1e5818e14d50383b81c7d00a3553.jpg,587,587,1.0,587x587
r6k_train_blast_orig_046_png_jpg.rf.cfdad8bbd5aeba052b359c410a55eeef.jpg,587,587,1.0,587x587
r6k_train_blast_orig_046_png_jpg.rf.deaa06062fd0c455df9520a713d8fb68.jpg,587,587,1.0,587x587
r6k_train_blast_orig_046_png_jpg.rf.fd2574d9301007c8047c2563095f4442.jpg,587,587,1.0,587x587
r6k_train_blast_orig_048_JPG_jpg.rf.08df84f6816933ce8b262d180e80f08b.jpg,587,587,1.0,587x587
r6k_train_blast_orig_048_JPG_jpg.rf.660c4b0a376fb1439cc9ded5f5d4227f.jpg,587,587,1.0,587x587
r6k_train_blast_orig_048_JPG_jpg.rf.70896c5b49facff9a227fab32fddf807.jpg,587,587,1.0,587x587
r6k_train_blast_orig_048_JPG_jpg.rf.71c5c0545893d261a46471631f1b97e4.jpg,587,587,1.0,587x587
r6k_train_blast_orig_048_JPG_jpg.rf.73231816f09fa7416991a945fd853341.jpg,587,587,1.0,587x587
r6k_train_blast_orig_048_JPG_jpg.rf.86a576c59650ac4e63c9e9165706c67b.jpg,587,587,1.0,587x587
r6k_train_blast_orig_048_JPG_jpg.rf.9a4bb867131859a1a1b194c15ccb73ce.jpg,587,587,1.0,587x587
r6k_train_blast_orig_048_JPG_jpg.rf.a06c0ea73eafa5063c5579b1f56bca79.jpg,587,587,1.0,587x587
r6k_train_blast_orig_048_JPG_jpg.rf.af038a7c980faf02236420c15505cf16.jpg,587,587,1.0,587x587
r6k_train_blast_orig_048_JPG_jpg.rf.b70836c63544642f17cafced361b81d2.jpg,587,587,1.0,587x587
r6k_train_blast_orig_048_JPG_jpg.rf.cbc112cf56611bfa1bb08e1704276b3b.jpg,587,587,1.0,587x587
r6k_train_blast_orig_048_JPG_jpg.rf.ee372708b4c2f845ee34c17591bfe6e0.jpg,587,587,1.0,587x587
r6k_train_blast_orig_049_JPG_jpg.rf.13d5b944d13a4bcb9fc12697e6255b11.jpg,587,587,1.0,587x587
r6k_train_blast_orig_049_JPG_jpg.rf.ba9de23379c391008b2a935dc421cdcf.jpg,587,587,1.0,587x587
r6k_train_blast_orig_050_JPG_jpg.rf.2d3222826d7dd242e5bf293070dd8b79.jpg,587,587,1.0,587x587
r6k_train_blast_orig_050_JPG_jpg.rf.52b3322cd72faff2de95814b7524b7ed.jpg,587,587,1.0,587x587
r6k_train_blast_orig_050_JPG_jpg.rf.58a2e3054f0479e33387c677bcd70931.jpg,587,587,1.0,587x587
r6k_train_blast_orig_050_JPG_jpg.rf.ba29d50541d43277ab94f69f9f7a0a49.jpg,587,587,1.0,587x587
r6k_train_blast_orig_051_JPG_jpg.rf.23698490883e04f1af5255aeb2700497.jpg,587,587,1.0,587x587
r6k_train_blast_orig_051_JPG_jpg.rf.351d372cf5c9625735623f1d8a1c9488.jpg,587,587,1.0,587x587
r6k_train_blast_orig_051_JPG_jpg.rf.360f29255e77d2d22ed1ad6476254336.jpg,587,587,1.0,587x587
r6k_train_blast_orig_051_JPG_jpg.rf.4c94ef5c36c394af75c494c9ca82f9fd.jpg,587,587,1.0,587x587
r6k_train_blast_orig_051_JPG_jpg.rf.566c0e5058ee18f151c566ecc82294da.jpg,587,587,1.0,587x587
r6k_train_blast_orig_051_JPG_jpg.rf.657bee621f06d46022f7c2bae96b2e4a.jpg,587,587,1.0,587x587
r6k_train_blast_orig_051_JPG_jpg.rf.819daa18dfc75ebf42d63736a0e37816.jpg,587,587,1.0,587x587
r6k_train_blast_orig_051_JPG_jpg.rf.c630833d34d81270f03b0bfa9c707ed0.jpg,587,587,1.0,587x587
r6k_train_blast_orig_051_JPG_jpg.rf.de10a06b21e5fbd0e119e2334de2fe91.jpg,587,587,1.0,587x587
r6k_train_blast_orig_051_JPG_jpg.rf.e25029522fc94754f194b62bb3c1df91.jpg,587,587,1.0,587x587
r6k_train_blast_orig_051_JPG_jpg.rf.e8dcf403a0bcc002ab144b9c9a24df5d.jpg,587,587,1.0,587x587
r6k_train_blast_orig_051_JPG_jpg.rf.f72601adcd0f85b6e6f91972c56a65c2.jpg,587,587,1.0,587x587
r6k_train_blast_orig_052_jpg.rf.90f8eee5789bf3edc75607d1ed622310.jpg,587,587,1.0,587x587
r6k_train_blast_orig_052_jpg.rf.ac88cc148f5d062cf5c8ff28f8378527.jpg,587,587,1.0,587x587
r6k_train_blast_orig_052_jpg.rf.c5b03bbeac8e3d0cca637c26a2af0524.jpg,587,587,1.0,587x587
r6k_train_blast_orig_052_jpg.rf.d3bddfb765164a57be84c11350625835.jpg,587,587,1.0,587x587
r6k_train_blast_orig_052_jpg.rf.e36c2cf1627e35f25c234fb6d1c0e67e.jpg,587,587,1.0,587x587
r6k_train_blast_orig_052_jpg.rf.eb427799ec1431760923a4d113ca01db.jpg,587,587,1.0,587x587
r6k_train_blast_orig_053_JPG_jpg.rf.18762b2c4cc8d8a9ad5aa6953805c561.jpg,587,587,1.0,587x587
r6k_train_blast_orig_053_JPG_jpg.rf.3aef35ad1c5253485dc9fb8a1f28c833.jpg,587,587,1.0,587x587
r6k_train_blast_orig_053_JPG_jpg.rf.4a4346caafdf21227dbbd3c1cd9fc7bb.jpg,587,587,1.0,587x587
r6k_train_blast_orig_053_JPG_jpg.rf.bd85d063cb4048844986a49ab1d3a1d6.jpg,587,587,1.0,587x587
r6k_train_blast_orig_054_JPG_jpg.rf.0d6de1d21d2a86d32246b8d87825bffd.jpg,587,587,1.0,587x587
r6k_train_blast_orig_054_JPG_jpg.rf.2b592d3b48d9743cdd46ce0f227c30a5.jpg,587,587,1.0,587x587
r6k_train_blast_orig_054_JPG_jpg.rf.305234d404d1410c9963cae8f577e0cb.jpg,587,587,1.0,587x587
r6k_train_blast_orig_054_JPG_jpg.rf.3ae64faeb2b02ec8230f7ec46721c319.jpg,587,587,1.0,587x587
r6k_train_blast_orig_054_JPG_jpg.rf.469c69a1388bf490dab1f2ce6c638b93.jpg,587,587,1.0,587x587
r6k_train_blast_orig_054_JPG_jpg.rf.822c46f10b888306dc8e5127c3305955.jpg,587,587,1.0,587x587
r6k_train_blast_orig_054_JPG_jpg.rf.a71d06e542848c3923b2fff908cb44a2.jpg,587,587,1.0,587x587
r6k_train_blast_orig_054_JPG_jpg.rf.d6993f4a0b6ab34f913fa1f82291f308.jpg,587,587,1.0,587x587
r6k_train_blast_orig_055_jpg.rf.6fa505f7f1323488e13aace8f0dd09fc.jpg,587,587,1.0,587x587
r6k_train_blast_orig_055_jpg.rf.a4aabfe26cbbc17784b0968d9789f53a.jpg,587,587,1.0,587x587
r6k_train_blast_orig_055_jpg.rf.e7f64ae560edcb4cad9811935971596b.jpg,587,587,1.0,587x587
r6k_train_blast_orig_056_JPG_jpg.rf.132da8e377036c9e633dbedc071b5f71.jpg,587,587,1.0,587x587
r6k_train_blast_orig_056_JPG_jpg.rf.1770ba8f978da5e0713bc8837cd9fa09.jpg,587,587,1.0,587x587
r6k_train_blast_orig_056_JPG_jpg.rf.1defd8a40513919d7b379147b53d7bf4.jpg,587,587,1.0,587x587
r6k_train_blast_orig_056_JPG_jpg.rf.4ba850fb22e5b1141bcb9e9b72b82f15.jpg,587,587,1.0,587x587
r6k_train_blast_orig_056_JPG_jpg.rf.69afd45e4765537056668b7e509d1a2a.jpg,587,587,1.0,587x587
r6k_train_blast_orig_056_JPG_jpg.rf.9b8be809666ae921be714c5175253802.jpg,587,587,1.0,587x587
r6k_train_blast_orig_056_JPG_jpg.rf.f35d3294afa78e583c4fdc04852708e1.jpg,587,587,1.0,587x587
r6k_train_blast_orig_060_JPG_jpg.rf.3d71b7d9b112a38f64457eedecc5e5d4.jpg,587,587,1.0,587x587
r6k_train_blast_orig_060_JPG_jpg.rf.40faf81b8fd21c1bf13cde212da397d9.jpg,587,587,1.0,587x587
r6k_train_blast_orig_061_JPG_jpg.rf.0beb782733a92c7d731c74f38a0ee756.jpg,587,587,1.0,587x587
r6k_train_blast_orig_061_JPG_jpg.rf.3c24c886dc8aab24f4cb5524adc03bb5.jpg,587,587,1.0,587x587
r6k_train_blast_orig_061_JPG_jpg.rf.69271f510baa1c733f6fafc204fff9e2.jpg,587,587,1.0,587x587
r6k_train_blast_orig_061_JPG_jpg.rf.85e8a372f7ae581ae9c6a3746a91503a.jpg,587,587,1.0,587x587
r6k_train_blast_orig_061_JPG_jpg.rf.8bdf5737b034412879d6fdaf0d240966.jpg,587,587,1.0,587x587
r6k_train_blast_orig_061_JPG_jpg.rf.bc0cf1db70771d2f23e88e8c433e27ff.jpg,587,587,1.0,587x587
r6k_train_blast_orig_061_JPG_jpg.rf.c490ced38de0a878e3aa1cb647dad9b8.jpg,587,587,1.0,587x587
r6k_train_blast_orig_061_JPG_jpg.rf.e5ac2d0ba741a147f85fdf0c912bcad3.jpg,587,587,1.0,587x587
r6k_train_blast_orig_061_JPG_jpg.rf.eda84a225d539af818589c23ac34fd62.jpg,587,587,1.0,587x587
r6k_train_blast_orig_062_jpg.rf.0c9f22519f738390c53d2a9c25ff93b4.jpg,587,587,1.0,587x587
r6k_train_blast_orig_062_jpg.rf.1c09e85b581b5984122d9ff01cfa19af.jpg,587,587,1.0,587x587
r6k_train_blast_orig_062_jpg.rf.3d3c4f698395dc122a247e2db13ace0b.jpg,587,587,1.0,587x587
r6k_train_blast_orig_062_jpg.rf.7914c03f697a524dc6139a34d1e415d1.jpg,587,587,1.0,587x587
r6k_train_blast_orig_062_jpg.rf.7dbf9b7b5b49fe7b30a2d6d7907ec418.jpg,587,587,1.0,587x587
r6k_train_blast_orig_062_jpg.rf.8aed96c23ed73bd5182c12481c5e6b9b.jpg,587,587,1.0,587x587
r6k_train_blast_orig_062_jpg.rf.c40c531b612209d37136fc6a490415ea.jpg,587,587,1.0,587x587
r6k_train_blast_orig_062_jpg.rf.d403c57a79d0e95829f0b58f4e731545.jpg,587,587,1.0,587x587
r6k_train_blast_orig_062_jpg.rf.d827621d5bee3bee71dad045f2109cf9.jpg,587,587,1.0,587x587
r6k_train_blast_orig_063_JPG_jpg.rf.136553673b152b7106671618ec91dfb9.jpg,587,587,1.0,587x587
r6k_train_blast_orig_063_JPG_jpg.rf.138a89cf1f8aea39226b8da7325acbb1.jpg,587,587,1.0,587x587
r6k_train_blast_orig_063_JPG_jpg.rf.143cc7a936e324227edf8120904a8493.jpg,587,587,1.0,587x587
r6k_train_blast_orig_063_JPG_jpg.rf.1e5e2c1d9158e58839882fa04d7f54f8.jpg,587,587,1.0,587x587
r6k_train_blast_orig_063_JPG_jpg.rf.556d0a5621020255cecc8d6baf477ea3.jpg,587,587,1.0,587x587
r6k_train_blast_orig_063_JPG_jpg.rf.65643d7d16892e0a40a526794e603e28.jpg,587,587,1.0,587x587
r6k_train_blast_orig_063_JPG_jpg.rf.6c9e17d4136675e8c806b85714076692.jpg,587,587,1.0,587x587
r6k_train_blast_orig_063_JPG_jpg.rf.71024a69335f82297f0cdf606ffb4197.jpg,587,587,1.0,587x587
r6k_train_blast_orig_063_JPG_jpg.rf.b5c5376c547583b9e49be885c2d61e73.jpg,587,587,1.0,587x587
r6k_train_blast_orig_063_JPG_jpg.rf.ccb42cc24da2a38cbc133834abfe0858.jpg,587,587,1.0,587x587
r6k_train_blast_orig_063_JPG_jpg.rf.e52dbc04a595bce92ba1a004bb6b4830.jpg,587,587,1.0,587x587
r6k_train_blast_orig_064_JPG_jpg.rf.01fc59caef0243fdcc7d62bf8747921e.jpg,587,587,1.0,587x587
r6k_train_blast_orig_064_JPG_jpg.rf.1ecf3125f56ee48ac53c90190113e984.jpg,587,587,1.0,587x587
r6k_train_blast_orig_064_JPG_jpg.rf.230152e0da382abe5719f03f995ac86d.jpg,587,587,1.0,587x587
r6k_train_blast_orig_064_JPG_jpg.rf.639608d7173dc583bd6d4ea0934ba6f3.jpg,587,587,1.0,587x587
r6k_train_blast_orig_064_JPG_jpg.rf.67c4002fbafc4702face42264c806484.jpg,587,587,1.0,587x587
r6k_train_blast_orig_064_JPG_jpg.rf.767fdecf018de4e2011862dc177b364c.jpg,587,587,1.0,587x587
r6k_train_blast_orig_064_JPG_jpg.rf.944e1dbd1a27cfc7bb85c88b5fc0a113.jpg,587,587,1.0,587x587
r6k_train_blast_orig_064_JPG_jpg.rf.c19c04cf47de9853983af8a54b948739.jpg,587,587,1.0,587x587
r6k_train_blast_orig_064_JPG_jpg.rf.fd5700d67ef1c1cc5392be0f0420ef2e.jpg,587,587,1.0,587x587
r6k_train_blast_orig_067_JPG_jpg.rf.050af21f19a70bf6b9bb46b9765e3ca1.jpg,587,587,1.0,587x587
r6k_train_blast_orig_067_JPG_jpg.rf.5231b73328fffa355fe36ddb1fd64334.jpg,587,587,1.0,587x587
r6k_train_blast_orig_067_JPG_jpg.rf.5b6d99deaed07afb2c619b86f1a9de9a.jpg,587,587,1.0,587x587
r6k_train_blast_orig_068_JPG_jpg.rf.07c35b641bba021e57df5d622acca2b2.jpg,587,587,1.0,587x587
r6k_train_blast_orig_068_JPG_jpg.rf.1391b0b7700e33e309175c43702169b3.jpg,587,587,1.0,587x587
r6k_train_blast_orig_068_JPG_jpg.rf.29ca92298ad28f69a931f7e6ab8444cc.jpg,587,587,1.0,587x587
r6k_train_blast_orig_068_JPG_jpg.rf.345bc378de61b578db65aee5aab0a22e.jpg,587,587,1.0,587x587
r6k_train_blast_orig_068_JPG_jpg.rf.8ac1e0c3cf48571985ef48bcc8ece8bc.jpg,587,587,1.0,587x587
r6k_train_blast_orig_068_JPG_jpg.rf.9a61312d8d0dcc4684de625b38a53887.jpg,587,587,1.0,587x587
r6k_train_blast_orig_068_JPG_jpg.rf.b487e0c0a33553ef3bf195c8ee4f49ae.jpg,587,587,1.0,587x587
r6k_train_blast_orig_068_JPG_jpg.rf.e218014baacf1898a694fb22acae5ca0.jpg,587,587,1.0,587x587
r6k_train_blast_orig_068_JPG_jpg.rf.e2d914e7aeca33eaacb636a5981b5cd8.jpg,587,587,1.0,587x587
r6k_train_blast_orig_069_JPG_jpg.rf.3561c5909bec18e609e8cd1b1f47563d.jpg,587,587,1.0,587x587
r6k_train_blast_orig_069_JPG_jpg.rf.3eaf48337dbd6776b8c95a9ffea7e07e.jpg,587,587,1.0,587x587
r6k_train_blast_orig_069_JPG_jpg.rf.5785887f1603163acfe71cd29bbc8f28.jpg,587,587,1.0,587x587
r6k_train_blast_orig_069_JPG_jpg.rf.808234d3b0faa59634bafbec0f841d44.jpg,587,587,1.0,587x587
r6k_train_blast_orig_069_JPG_jpg.rf.8bbcf63f0536a1246e4a1e0aa24d421a.jpg,587,587,1.0,587x587
r6k_train_blast_orig_069_JPG_jpg.rf.8e02daed0c87506897b09f738e08ecc9.jpg,587,587,1.0,587x587
r6k_train_blast_orig_069_JPG_jpg.rf.8efdfaceb2ddef8d4c62537a528f836d.jpg,587,587,1.0,587x587
r6k_train_blast_orig_069_JPG_jpg.rf.a0f783ec9f0d558e33dadec810084008.jpg,587,587,1.0,587x587
r6k_train_blast_orig_069_JPG_jpg.rf.a4173ab8783044461a4c2e8c716aa615.jpg,587,587,1.0,587x587
r6k_train_blast_orig_069_JPG_jpg.rf.d09530ed9e85c3d25162a291ab6262d7.jpg,587,587,1.0,587x587
r6k_train_blast_orig_070_JPG_jpg.rf.730c3540612903525a85e0975c280d86.jpg,587,587,1.0,587x587
r6k_train_blast_orig_070_JPG_jpg.rf.af1ecb382612371a4bdcee3f57d876cc.jpg,587,587,1.0,587x587
r6k_train_blast_orig_070_JPG_jpg.rf.b20ee11f04cadab82dc449e4ab2faac8.jpg,587,587,1.0,587x587
r6k_train_blast_orig_070_JPG_jpg.rf.d68ceeda6f1a3e7f1794182ea8aed9b4.jpg,587,587,1.0,587x587
r6k_train_blast_orig_070_JPG_jpg.rf.e0a6161224258d42e71a1b55fd894bde.jpg,587,587,1.0,587x587
r6k_train_blast_orig_071_JPG_jpg.rf.15e29a8daf2cbf25e2388a81ef99237c.jpg,587,587,1.0,587x587
r6k_train_blast_orig_071_JPG_jpg.rf.3e77cac5f1e1919c8fe7ddddf2f9c9ec.jpg,587,587,1.0,587x587
r6k_train_blast_orig_071_JPG_jpg.rf.4001796567ad568ff17b5f6c433752bd.jpg,587,587,1.0,587x587
r6k_train_blast_orig_071_JPG_jpg.rf.65901f50473ae4a41b9c7fa302d7c1de.jpg,587,587,1.0,587x587
r6k_train_blast_orig_071_JPG_jpg.rf.6656332d544d2a8dbe7754d94dff5026.jpg,587,587,1.0,587x587
r6k_train_blast_orig_071_JPG_jpg.rf.7dfcd3358ed54e6eb6aae6232c12c5ed.jpg,587,587,1.0,587x587
r6k_train_blast_orig_071_JPG_jpg.rf.af7bda793cb076b2b53b5d1353016516.jpg,587,587,1.0,587x587
r6k_train_blast_orig_071_JPG_jpg.rf.b693985c2f362170797dc0e5adddf01c.jpg,587,587,1.0,587x587
r6k_train_blast_orig_071_JPG_jpg.rf.b7589b517ffe53dc4cbde06867cd8d54.jpg,587,587,1.0,587x587
r6k_train_blast_orig_071_JPG_jpg.rf.f559f0796c505908fff66f23d75175b2.jpg,587,587,1.0,587x587
r6k_train_blast_orig_071_JPG_jpg.rf.fa9ea704d892c0ab8dcde08735e4a0c3.jpg,587,587,1.0,587x587
r6k_train_blast_orig_075_jpg.rf.3549d1809a63bf9d1b65abcdd58735b9.jpg,587,587,1.0,587x587
r6k_train_blast_orig_075_jpg.rf.35bf1df784c8abefe96484c94d4246c1.jpg,587,587,1.0,587x587
r6k_train_blast_orig_075_jpg.rf.566614140eac31a7bae72b70542377df.jpg,587,587,1.0,587x587
r6k_train_blast_orig_075_jpg.rf.7dd456ce184d8bf6a3e207908c4c5c89.jpg,587,587,1.0,587x587
r6k_train_blast_orig_075_jpg.rf.7efb19968acdcc8b061858b06fa6d285.jpg,587,587,1.0,587x587
r6k_train_blast_orig_075_jpg.rf.915ff6a42094c25cf6cace6e67555698.jpg,587,587,1.0,587x587
r6k_train_blast_orig_075_jpg.rf.bf2bc5d7d2370aa401fc6c0751a44152.jpg,587,587,1.0,587x587
r6k_train_blast_orig_075_jpg.rf.cd72cfe01ca6acc2a409bb074b271194.jpg,587,587,1.0,587x587
r6k_train_blast_orig_075_jpg.rf.de3f258436305bf7d8c1a0b4157075ca.jpg,587,587,1.0,587x587
r6k_train_blast_orig_075_jpg.rf.f9f54e13a2c20f637ce62e67772e8c94.jpg,587,587,1.0,587x587
r6k_train_blast_orig_075_jpg.rf.fb6b30dfaaaa5a5c24416b7339a0042a.jpg,587,587,1.0,587x587
r6k_train_blast_orig_076_jpg.rf.11fd40df19284ae2330e6b99fc83446e.jpg,587,587,1.0,587x587
r6k_train_blast_orig_076_jpg.rf.2af748e75755453fb02690309c276a62.jpg,587,587,1.0,587x587
r6k_train_blast_orig_076_jpg.rf.3e148ad1cc882f3f3eea5868c8c10fbe.jpg,587,587,1.0,587x587
r6k_train_blast_orig_076_jpg.rf.490f8597ec800507009ddaaa218f8e71.jpg,587,587,1.0,587x587
r6k_train_blast_orig_076_jpg.rf.5446e56519c7b8ad1f101aa5ca7dd6db.jpg,587,587,1.0,587x587
r6k_train_blast_orig_076_jpg.rf.585f4e7d464bd935592517bbf06d5c72.jpg,587,587,1.0,587x587
r6k_train_blast_orig_076_jpg.rf.5e49b99cfcdc09c2f365970ea41a947f.jpg,587,587,1.0,587x587
r6k_train_blast_orig_076_jpg.rf.7a1ddf77c2fbbde17a24a4a1bbb206ae.jpg,587,587,1.0,587x587
r6k_train_blast_orig_076_jpg.rf.cca9f8ea7f6fa5d6d7471ab2a6de19df.jpg,587,587,1.0,587x587
r6k_train_blast_orig_076_jpg.rf.f40a4e6d2a2c23c1dd72bed2a081b4ae.jpg,587,587,1.0,587x587
r6k_train_blast_orig_077_jpg.rf.008ea76cb8d97edff1d97ff7a95c47e0.jpg,587,587,1.0,587x587
r6k_train_blast_orig_077_jpg.rf.622562532cab8e4e603bd8d76a2d2897.jpg,587,587,1.0,587x587
r6k_train_blast_orig_077_jpg.rf.64fcddd12efd88cf7873bc42cbe5e724.jpg,587,587,1.0,587x587
r6k_train_blast_orig_077_jpg.rf.749812ee72ed812df277fecfbdba2f2b.jpg,587,587,1.0,587x587
r6k_train_blast_orig_077_jpg.rf.9e1f7620066361e24115f090d9faeacd.jpg,587,587,1.0,587x587
r6k_train_blast_orig_077_jpg.rf.ae395a841e3db5c28af991530f215ae2.jpg,587,587,1.0,587x587
r6k_train_blast_orig_077_jpg.rf.aeacf0a842ef865f785d295f61e6bcc7.jpg,587,587,1.0,587x587
r6k_train_blast_orig_077_jpg.rf.bb2d2b3a159716c0f465ac304b166e50.jpg,587,587,1.0,587x587
r6k_train_blast_orig_077_jpg.rf.eb37db7de808878a1359f91ccfa68e92.jpg,587,587,1.0,587x587
r6k_train_blast_orig_077_jpg.rf.f78f2219bc5cbabb579667e2b616b9e5.jpg,587,587,1.0,587x587
r6k_train_blast_orig_079_jpg.rf.201f976126f4983678447855b48d84b4.jpg,587,587,1.0,587x587
r6k_train_blast_orig_079_jpg.rf.36920accc19098b4c0ba4c36db2fe3be.jpg,587,587,1.0,587x587
r6k_train_blast_orig_079_jpg.rf.4d4973661d64681d91a3a0e7c5f78a45.jpg,587,587,1.0,587x587
r6k_train_blast_orig_079_jpg.rf.93321099c7beb4f22d4f529c965b8c07.jpg,587,587,1.0,587x587
r6k_train_blast_orig_079_jpg.rf.998d69b647b8dd54d0d017be444f0c1b.jpg,587,587,1.0,587x587
r6k_train_blast_orig_079_jpg.rf.c0206dcbf0c7f415406b8a76ec6a0f6c.jpg,587,587,1.0,587x587
r6k_train_blast_orig_079_jpg.rf.c3f5997318557f2e840a6d851d4979a5.jpg,587,587,1.0,587x587
r6k_train_blast_orig_079_jpg.rf.cd8c6f2e1bf1b0e70960e2214fa34745.jpg,587,587,1.0,587x587
r6k_train_blast_orig_079_jpg.rf.df127904d57fb24ec82d46002eec92f5.jpg,587,587,1.0,587x587
r6k_train_blast_orig_079_jpg.rf.e7ae0c2a7feaceef477faf177fe16ab9.jpg,587,587,1.0,587x587
r6k_train_blast_orig_079_jpg.rf.f1d26a52922e13997977cc5f926362bf.jpg,587,587,1.0,587x587
r6k_train_blast_orig_080_jpg.rf.00182ec8728b0847a526f5a6b219c787.jpg,587,587,1.0,587x587
r6k_train_blast_orig_080_jpg.rf.01460e7cf17c679c93e684a408078026.jpg,587,587,1.0,587x587
r6k_train_blast_orig_080_jpg.rf.28f74bef4559f3e87f66fba298ac3b8b.jpg,587,587,1.0,587x587
r6k_train_blast_orig_080_jpg.rf.345c8dfc4beb4d88e34c70adfd625ebd.jpg,587,587,1.0,587x587
r6k_train_blast_orig_080_jpg.rf.6809cab853ee27e42ec17f3ab139d0cf.jpg,587,587,1.0,587x587
r6k_train_blast_orig_080_jpg.rf.d14f85682cf4c040a24defa85a0d6e13.jpg,587,587,1.0,587x587
r6k_train_blast_orig_080_jpg.rf.e149b61f9e07965f3dbabec3d72c1320.jpg,587,587,1.0,587x587
r6k_train_blast_rotated_001_jpg.rf.48ce0f6aaff41de45f3e0fb0826d010e.jpg,587,587,1.0,587x587
r6k_train_blast_rotated_001_jpg.rf.6e26da4e90324a0d44fb5d4541b16de7.jpg,587,587,1.0,587x587
r6k_train_blast_rotated_001_jpg.rf.f8b765d58f65520150fc2caa5c9246a0.jpg,587,587,1.0,587x587
r6k_train_blast_rotated_002_png_jpg.rf.429750bb4ffcfc16d06d2aaae30d9077.jpg,587,587,1.0,587x587
r6k_train_blast_rotated_002_png_jpg.rf.8b5dcb522248bd8777821e34d8d7f38b.jpg,587,587,1.0,587x587
r6k_train_blast_rotated_002_png_jpg.rf.a3055570c6590cf0d3096e2cdfbcaa73.jpg,587,587,1.0,587x587
r6k_train_blast_rotated_002_png_jpg.rf.bc26f7d036810200a4a98199fc925911.jpg,587,587,1.0,587x587
r6k_train_blast_rotated_002_png_jpg.rf.daa787b9302e9e857f9cd43e7f35cb54.jpg,587,587,1.0,587x587
r6k_train_blast_rotated_002_png_jpg.rf.dcb908ac4034364d388f35e58676a9c1.jpg,587,587,1.0,587x587
r6k_train_blast_rotated_003_jpg.rf.080d39e7af06487a9e833ea12da98b26.jpg,587,587,1.0,587x587
r6k_train_blast_rotated_003_jpg.rf.11917d72bdf0a4d5cfc72a112ba72116.jpg,587,587,1.0,587x587
r6k_train_blast_rotated_003_jpg.rf.59fd7992c20c9e7e625db2e3cd6d734b.jpg,587,587,1.0,587x587
r6k_train_blast_rotated_003_jpg.rf.5f55a0ee2a81dc5384fd7cc68e082f81.jpg,587,587,1.0,587x587
r6k_train_blast_rotated_003_jpg.rf.68931acfec6589733257ce8ab18e0675.jpg,587,587,1.0,587x587
r6k_train_blast_rotated_003_jpg.rf.853af60e418ade7a7435f26965593e64.jpg,587,587,1.0,587x587
r6k_train_blast_rotated_004_png_jpg.rf.2e1c2fdf7525e72f93c48d04b7ae317d.jpg,587,587,1.0,587x587
r6k_train_blast_rotated_004_png_jpg.rf.6ff5a7f40b63618f1b9316f6b93505ea.jpg,587,587,1.0,587x587
r6k_train_blast_rotated_004_png_jpg.rf.7965e105f9dd411a42a20e518f9d23d4.jpg,587,587,1.0,587x587
r6k_train_blast_rotated_004_png_jpg.rf.959d336adde5fc998de5743d368540c7.jpg,587,587,1.0,587x587
r6k_train_blast_rotated_004_png_jpg.rf.98cb751aeb89edf1378be49ea2562e7c.jpg,587,587,1.0,587x587
r6k_train_blast_rotated_004_png_jpg.rf.b27dadb65322cb48b9f80dc6fa9e8500.jpg,587,587,1.0,587x587
r6k_train_blast_rotated_004_png_jpg.rf.b6b55be96dba1855498b47cb40d6933a.jpg,587,587,1.0,587x587
r6k_train_blast_rotated_004_png_jpg.rf.cecefbc59c5490ac1d4fbffd34d16d26.jpg,587,587,1.0,587x587
r6k_train_blast_rotated_004_png_jpg.rf.d094b9630fc42f0b946f8d5408573dfd.jpg,587,587,1.0,587x587
r6k_train_blast_rotated_004_png_jpg.rf.d28ffb669a5005375d2e4a01b77faaf7.jpg,587,587,1.0,587x587
r6k_train_blast_rotated_004_png_jpg.rf.edfeaceb82df8aa21f5ca6a108a3e818.jpg,587,587,1.0,587x587
r6k_train_blast_rotated_005_jpg.rf.1f6c768ddb61b7c49d5a40efb6d1a24a.jpg,587,587,1.0,587x587
r6k_train_blast_rotated_005_jpg.rf.31a988a2dd52aa29fd8e57937e16b350.jpg,587,587,1.0,587x587
r6k_train_blast_rotated_005_jpg.rf.49d9b370b9d87cacfd56aa01153ecc45.jpg,587,587,1.0,587x587
r6k_train_blast_rotated_005_jpg.rf.52a15a23c06c534b4e7c34d96b4d067d.jpg,587,587,1.0,587x587
r6k_train_blast_rotated_005_jpg.rf.52fefa51276cbbeefde0c375fc2836ca.jpg,587,587,1.0,587x587
r6k_train_blast_rotated_005_jpg.rf.5a3bffe76603151d48b4b11bfe4ab497.jpg,587,587,1.0,587x587
r6k_train_blast_rotated_005_jpg.rf.8b75af9551151cbdd6f721da8ab4641c.jpg,587,587,1.0,587x587
r6k_train_blast_rotated_009_jpg.rf.17aa1acdca1c6eae191972a50914edb7.jpg,587,587,1.0,587x587
r6k_train_blast_rotated_009_jpg.rf.24b376c3a3cccb8ea0f180894db4dafc.jpg,587,587,1.0,587x587
r6k_train_blast_rotated_009_jpg.rf.4998957b0eba83b4e58f516b2f4d6ad4.jpg,587,587,1.0,587x587
r6k_train_blast_rotated_009_jpg.rf.9c2d598e4dd1721633d78697ded378a6.jpg,587,587,1.0,587x587
r6k_train_blast_rotated_009_jpg.rf.b9de7f16a7520bc5cd93556338024a82.jpg,587,587,1.0,587x587
r6k_train_blast_rotated_009_jpg.rf.be16abd5aa47b68e1731597090837daf.jpg,587,587,1.0,587x587
r6k_train_blast_rotated_010_png_jpg.rf.08cc60cccd97a1d0de1841fef7ca233c.jpg,587,587,1.0,587x587
r6k_train_blast_rotated_010_png_jpg.rf.2b10d00022c4fe2b901a4f499145e5b1.jpg,587,587,1.0,587x587
r6k_train_blast_rotated_010_png_jpg.rf.421334f5d4e966f5f4d7d15f9bacb68e.jpg,587,587,1.0,587x587
r6k_train_blast_rotated_010_png_jpg.rf.66370304487364498d97d865949cf163.jpg,587,587,1.0,587x587
r6k_train_blast_rotated_010_png_jpg.rf.7d0899a71e420b3adfa4bf381186c04c.jpg,587,587,1.0,587x587
r6k_train_blast_rotated_010_png_jpg.rf.90088c41fa13a8ebb1a316a415273b69.jpg,587,587,1.0,587x587
r6k_train_blast_rotated_010_png_jpg.rf.99211cf139229992d471f2fd02d57d4f.jpg,587,587,1.0,587x587
r6k_train_blast_rotated_010_png_jpg.rf.caebb6e1fd216aa4c3b1f951faf5b7e8.jpg,587,587,1.0,587x587
r6k_train_blast_rotated_010_png_jpg.rf.ffd208be376933685ea45dc4938b00a0.jpg,587,587,1.0,587x587
r6k_train_blast_rotated_011_jpg.rf.1275b81ff1f20267516360a7c39c1a58.jpg,587,587,1.0,587x587
r6k_train_blast_rotated_011_jpg.rf.2a632a9acafa8afbd7d23f7dd13d18e2.jpg,587,587,1.0,587x587
r6k_train_blast_rotated_011_jpg.rf.7062e6698bd8263e6f6c95f477411c8a.jpg,587,587,1.0,587x587
r6k_train_blast_rotated_011_jpg.rf.84285a82756df186216971af17a6199d.jpg,587,587,1.0,587x587
r6k_train_blast_rotated_011_jpg.rf.b796b134ae034d040ebb995cfcc6553e.jpg,587,587,1.0,587x587
r6k_train_blast_rotated_011_jpg.rf.de99f66528e7c9fdab625d71ad733c5f.jpg,587,587,1.0,587x587
r6k_train_blast_rotated_012_png_jpg.rf.46bd30b578ab238185908a7f4b8ba001.jpg,587,587,1.0,587x587
r6k_train_blast_rotated_012_png_jpg.rf.4ab6a76c35618c847313a77e4ed3e0a6.jpg,587,587,1.0,587x587
r6k_train_blast_rotated_012_png_jpg.rf.50409181cc9c6e639e8843e252b697ea.jpg,587,587,1.0,587x587
r6k_train_blast_rotated_012_png_jpg.rf.58ba14ea41fd0b649faba5cd81f7ea07.jpg,587,587,1.0,587x587
r6k_train_blast_rotated_012_png_jpg.rf.6006e4543fccd3e1766834b41d489527.jpg,587,587,1.0,587x587
r6k_train_blast_rotated_012_png_jpg.rf.a47b4812c4b5fe42c427761248c0328d.jpg,587,587,1.0,587x587
r6k_train_blast_rotated_012_png_jpg.rf.ad444876ef846cfde460b374f248b765.jpg,587,587,1.0,587x587
r6k_train_blast_rotated_012_png_jpg.rf.d5102b5b44afa153fff3138e9697f04b.jpg,587,587,1.0,587x587
r6k_train_blast_rotated_012_png_jpg.rf.dd94fdf08587e4a9689139b4f59f7bb6.jpg,587,587,1.0,587x587
r6k_train_blast_rotated_013_jpg.rf.568595dc32cf8d0daf4a179a00182db4.jpg,587,587,1.0,587x587
r6k_train_blast_rotated_013_jpg.rf.5a26313ad4190f0f73b0781251dfe44f.jpg,587,587,1.0,587x587
r6k_train_blast_rotated_013_jpg.rf.86ffce4f2b2d2954c6906302de69c46b.jpg,587,587,1.0,587x587
r6k_train_blast_rotated_013_jpg.rf.f87b62bb6ffcf0ac7c38e434f03fd981.jpg,587,587,1.0,587x587
r6k_train_blast_rotated_014_png_jpg.rf.17c089a786f19c1f54d3919bbb3cf97b.jpg,587,587,1.0,587x587
r6k_train_blast_rotated_014_png_jpg.rf.1f3e5d53eab6a8435e50b46c1e21b42a.jpg,587,587,1.0,587x587
r6k_train_blast_rotated_014_png_jpg.rf.826b95fc3dab767e249bc8aecf94e80c.jpg,587,587,1.0,587x587
r6k_train_blast_rotated_014_png_jpg.rf.b1cf8310366e250e53863595f7264675.jpg,587,587,1.0,587x587
r6k_train_blast_rotated_014_png_jpg.rf.cf8698b4bc0e7c5519e45213787b503f.jpg,587,587,1.0,587x587
r6k_train_blast_rotated_014_png_jpg.rf.db2c0ba593fc72e680d16b8a462f4146.jpg,587,587,1.0,587x587
r6k_train_blast_rotated_014_png_jpg.rf.e10cb5e6dfe367d3517a47f55bb31f40.jpg,587,587,1.0,587x587
r6k_train_blast_rotated_014_png_jpg.rf.ef4b72d0325d771125f6f04d1850cf5d.jpg,587,587,1.0,587x587
r6k_train_blast_rotated_014_png_jpg.rf.fd5091ecc0cbc98fa709e080cf60c06d.jpg,587,587,1.0,587x587
r6k_train_blast_rotated_015_jpg.rf.0ddb102e6f5bc17cb8389b8cc790d42f.jpg,587,587,1.0,587x587
r6k_train_blast_rotated_016_png_jpg.rf.8cf087e42fb6ab825e490f3e0c95bbc2.jpg,587,587,1.0,587x587
r6k_train_blast_rotated_016_png_jpg.rf.caf4212b67caab030f2bdd824358bce5.jpg,587,587,1.0,587x587
r6k_train_blast_rotated_017_jpg.rf.053464f23844683c4449afc4f8b5904e.jpg,587,587,1.0,587x587
r6k_train_blast_rotated_017_jpg.rf.0d9a53985956c0a33bc40120e6ae9041.jpg,587,587,1.0,587x587
r6k_train_blast_rotated_017_jpg.rf.2ae35ee1447574e997280a0b94d5514c.jpg,587,587,1.0,587x587
r6k_train_blast_rotated_017_jpg.rf.48649207d0e3d4239a16040a1036a640.jpg,587,587,1.0,587x587
r6k_train_blast_rotated_017_jpg.rf.6a57a1b90e6cff9ca7c43bfa27cb6502.jpg,587,587,1.0,587x587
r6k_train_blast_rotated_017_jpg.rf.80e2467dd98fc229f6bffb4471724c4a.jpg,587,587,1.0,587x587
r6k_train_blast_rotated_017_jpg.rf.8278622582cfb3907b828fa645a55b81.jpg,587,587,1.0,587x587
r6k_train_blast_rotated_017_jpg.rf.f620af78e779cf5ee08f27325e2a85ed.jpg,587,587,1.0,587x587
r6k_train_blast_rotated_018_png_jpg.rf.12ae770abf26d3a36f04cd504a6ff7ee.jpg,587,587,1.0,587x587
r6k_train_blast_rotated_018_png_jpg.rf.2ca30425a58920ed6d796dc7fe2cfaf8.jpg,587,587,1.0,587x587
r6k_train_blast_rotated_018_png_jpg.rf.5d2348d1b3fe923a04acbfcb6134a2d5.jpg,587,587,1.0,587x587
r6k_train_blast_rotated_018_png_jpg.rf.6bf23c96b47d35ba54a9d4c412e442ed.jpg,587,587,1.0,587x587
r6k_train_blast_rotated_018_png_jpg.rf.7de27fd3e1fb00015599944ab9160235.jpg,587,587,1.0,587x587
r6k_train_blast_rotated_018_png_jpg.rf.8b2e24787729400bef9dd7ae69b55f45.jpg,587,587,1.0,587x587
r6k_train_blast_rotated_018_png_jpg.rf.95db81529bd23bdb45b8e03558ebbddb.jpg,587,587,1.0,587x587
r6k_train_blast_rotated_018_png_jpg.rf.b0f7866d1365874c045e195f32874957.jpg,587,587,1.0,587x587
r6k_train_blast_rotated_018_png_jpg.rf.bcb021e52684e9a5dd8eb1e6bda66ee4.jpg,587,587,1.0,587x587
r6k_train_blast_rotated_018_png_jpg.rf.c022c85c337b8a63a4f7069f1fbf2723.jpg,587,587,1.0,587x587
r6k_train_blast_rotated_018_png_jpg.rf.e88cea96a4f5be3e875fc58333405c32.jpg,587,587,1.0,587x587
r6k_train_blast_rotated_019_jpg.rf.14bba850b3827907957be5068a5b7c64.jpg,587,587,1.0,587x587
r6k_train_blast_rotated_019_jpg.rf.3c42777c665d577bc7401a0c1a657ef9.jpg,587,587,1.0,587x587
r6k_train_blast_rotated_019_jpg.rf.48bbacf24ca712f218ba94838dd008a7.jpg,587,587,1.0,587x587
r6k_train_blast_rotated_019_jpg.rf.48ec46b6fd1f6b558e7d64b73954b6cf.jpg,587,587,1.0,587x587
r6k_train_blast_rotated_019_jpg.rf.7f1f666a784d156a376367fce4678d57.jpg,587,587,1.0,587x587
r6k_train_blast_rotated_019_jpg.rf.a6b12c681d8f6bbcec0c12aad45beaf9.jpg,587,587,1.0,587x587
r6k_train_blast_rotated_019_jpg.rf.adbc87dba7f8673d0bca3d59502bc9c1.jpg,587,587,1.0,587x587
r6k_train_blast_rotated_019_jpg.rf.da97cc69c89743055503b78677cf9c60.jpg,587,587,1.0,587x587
r6k_train_blast_rotated_023_jpg.rf.41f7791970d9c0415e0ec5083e28fe50.jpg,587,587,1.0,587x587
r6k_train_blast_rotated_023_jpg.rf.5cc9bffa4cb422844e0bbacbf1988b6d.jpg,587,587,1.0,587x587
r6k_train_blast_rotated_023_jpg.rf.82006bab5a14ed9ac4464366b32b6bac.jpg,587,587,1.0,587x587
r6k_train_blast_rotated_023_jpg.rf.824fce8d0902e7b99d7d1d203b4c3882.jpg,587,587,1.0,587x587
r6k_train_blast_rotated_023_jpg.rf.bcc54201ba215dd821995458ea5d2ae2.jpg,587,587,1.0,587x587
r6k_train_blast_rotated_024_png_jpg.rf.1cd04152aff3d0c43c6eaefd6f9131a9.jpg,587,587,1.0,587x587
r6k_train_blast_rotated_024_png_jpg.rf.2b0bb5eac991f9a24d1c8953557ca100.jpg,587,587,1.0,587x587
r6k_train_blast_rotated_024_png_jpg.rf.2dbe4de710282e496a6308ec73929382.jpg,587,587,1.0,587x587
r6k_train_blast_rotated_024_png_jpg.rf.4227a1ab0fa2769c7b5b53237d1d23ba.jpg,587,587,1.0,587x587
r6k_train_blast_rotated_024_png_jpg.rf.73135ceee34397710cd4f861a4140805.jpg,587,587,1.0,587x587
r6k_train_blast_rotated_024_png_jpg.rf.96ddbca4ef3d154ce90b21cc03f7a138.jpg,587,587,1.0,587x587
r6k_train_blast_rotated_024_png_jpg.rf.e224af91790b0af0671ae699b0d482ec.jpg,587,587,1.0,587x587
r6k_train_blast_rotated_024_png_jpg.rf.f28ad3c79252a98e233449f5d3d7682c.jpg,587,587,1.0,587x587
r6k_train_blast_rotated_025_jpg.rf.18c25119e28bbe8632277d27d7688679.jpg,587,587,1.0,587x587
r6k_train_blast_rotated_025_jpg.rf.4e7f2d523b75c4a21df687160ce46e04.jpg,587,587,1.0,587x587
r6k_train_blast_rotated_025_jpg.rf.6a4350a4d415fe4abab983ac4a1debbc.jpg,587,587,1.0,587x587
r6k_train_blast_rotated_025_jpg.rf.72f2b8c6bcce6b4a73a6b56aee1eef21.jpg,587,587,1.0,587x587
r6k_train_blast_rotated_025_jpg.rf.95f334c523bd4a4e3222b624468dc825.jpg,587,587,1.0,587x587
r6k_train_blast_rotated_025_jpg.rf.97b48328bd3c8cf7dbd89afade9eb004.jpg,587,587,1.0,587x587
r6k_train_blast_rotated_026_png_jpg.rf.0fd495f6eea52a8cf031d8191ef2be39.jpg,587,587,1.0,587x587
r6k_train_blast_rotated_026_png_jpg.rf.23d870bafdd9ab67a623076de71cb941.jpg,587,587,1.0,587x587
r6k_train_blast_rotated_026_png_jpg.rf.52eba92e486b8d4909e5e8671e307fb2.jpg,587,587,1.0,587x587
r6k_train_blast_rotated_026_png_jpg.rf.68e9637be9e1dfee30f35c795be10c88.jpg,587,587,1.0,587x587
r6k_train_blast_rotated_026_png_jpg.rf.9a348e302ce2638711e6631f8fc8c0d1.jpg,587,587,1.0,587x587
r6k_train_blast_rotated_026_png_jpg.rf.a626491e4d22127f525a050345765c73.jpg,587,587,1.0,587x587
r6k_train_blast_rotated_026_png_jpg.rf.afb9025512f78eeabc0c9da6c6694681.jpg,587,587,1.0,587x587
r6k_train_blast_rotated_026_png_jpg.rf.bfd3d4d17dc80f6da426257b7e436bfe.jpg,587,587,1.0,587x587
r6k_train_blast_rotated_026_png_jpg.rf.e6dac56ad6c1370d4ee63fd6037a6872.jpg,587,587,1.0,587x587
r6k_train_blast_rotated_027_jpg.rf.1b74a1b857d889d3b2c5c4989aadb581.jpg,587,587,1.0,587x587
r6k_train_blast_rotated_027_jpg.rf.3c38751d5c8b023667013c1e53215dfc.jpg,587,587,1.0,587x587
r6k_train_blast_rotated_028_png_jpg.rf.49c328cbd8a7fe93b07c2dc62341a6c4.jpg,587,587,1.0,587x587
r6k_train_blast_rotated_028_png_jpg.rf.53726a397604368a74fdd9c6ed0090af.jpg,587,587,1.0,587x587
r6k_train_blast_rotated_028_png_jpg.rf.71f5be6a0a56e55266ab383ead2900df.jpg,587,587,1.0,587x587
r6k_train_blast_rotated_028_png_jpg.rf.913ad52168ebeaa1d119b5609603f823.jpg,587,587,1.0,587x587
r6k_train_blast_rotated_028_png_jpg.rf.96aa290f24594e77eaf90102328c085f.jpg,587,587,1.0,587x587
r6k_train_blast_rotated_028_png_jpg.rf.98928ae12ece3799ac8abfb286fcdaed.jpg,587,587,1.0,587x587
r6k_train_blast_rotated_028_png_jpg.rf.98e9321938449df3a8e3ad7e75d7b81d.jpg,587,587,1.0,587x587
r6k_train_blast_rotated_028_png_jpg.rf.b1df1701a867302ddf8a50ee4a2de1ae.jpg,587,587,1.0,587x587
r6k_train_blast_rotated_028_png_jpg.rf.deaf2722521006768a696bc965f0ce6b.jpg,587,587,1.0,587x587
r6k_train_blast_rotated_029_JPG_jpg.rf.78f9dd62d4e95d77ac0cbd9971e95640.jpg,587,587,1.0,587x587
r6k_train_blast_rotated_029_JPG_jpg.rf.cf0a930d59ae4f9bcbb41e46381af424.jpg,587,587,1.0,587x587
r6k_train_blast_rotated_029_JPG_jpg.rf.d7fec95614ffcf4a865c88e86867326f.jpg,587,587,1.0,587x587
r6k_train_blast_rotated_029_JPG_jpg.rf.f75b4fe671aceaf214a69da32afb2ed5.jpg,587,587,1.0,587x587
r6k_train_blast_rotated_030_png_jpg.rf.abea233e4804f25f3733faab18457850.jpg,587,587,1.0,587x587
r6k_train_blast_rotated_030_png_jpg.rf.b801bb7c6e27209f506dbdabdfbb8ee6.jpg,587,587,1.0,587x587
r6k_train_blast_rotated_030_png_jpg.rf.d801348090af2224093f2a19c65e1532.jpg,587,587,1.0,587x587
r6k_train_blast_rotated_031_JPG_jpg.rf.14dff10d65fe0d740e274153a4945133.jpg,587,587,1.0,587x587
r6k_train_blast_rotated_031_JPG_jpg.rf.304cd421c134f3c1e7ff799a0e29ef2c.jpg,587,587,1.0,587x587
r6k_train_blast_rotated_031_JPG_jpg.rf.39cf7ab800b1e443882958365eed9b13.jpg,587,587,1.0,587x587
r6k_train_blast_rotated_031_JPG_jpg.rf.442f0a6f4b41364b2cc8c399e0b048e1.jpg,587,587,1.0,587x587
r6k_train_blast_rotated_031_JPG_jpg.rf.77097562c348a343341eaa6e5dd4bd35.jpg,587,587,1.0,587x587
r6k_train_blast_rotated_031_JPG_jpg.rf.b78ac8eaf17f5cf629c0abb222807b78.jpg,587,587,1.0,587x587
r6k_train_blast_rotated_031_JPG_jpg.rf.bb5ffecda4436b583b8526b8ad9d585f.jpg,587,587,1.0,587x587
r6k_train_blast_rotated_032_png_jpg.rf.20ab92be11c8f4deea5e2e12d1fa92f0.jpg,587,587,1.0,587x587
r6k_train_blast_rotated_032_png_jpg.rf.4a270e04e6813cede432022922400b50.jpg,587,587,1.0,587x587
r6k_train_blast_rotated_032_png_jpg.rf.5877719ab0ae51b625d423ce14484cf0.jpg,587,587,1.0,587x587
r6k_train_blast_rotated_032_png_jpg.rf.783abff5fbe47e7776a5ec92a0e50326.jpg,587,587,1.0,587x587
r6k_train_blast_rotated_032_png_jpg.rf.7d97765cbf7dcdd57f9193f72eb46790.jpg,587,587,1.0,587x587
r6k_train_blast_rotated_032_png_jpg.rf.a618563e631b3a8b3e6767a5e9400b07.jpg,587,587,1.0,587x587
r6k_train_blast_rotated_032_png_jpg.rf.afec81d616b732a9863372785a8b534c.jpg,587,587,1.0,587x587
r6k_train_blast_rotated_032_png_jpg.rf.be9c4f14c1f37a7c6060bd30e39f03fc.jpg,587,587,1.0,587x587
r6k_train_blast_rotated_032_png_jpg.rf.ef2cb61ada6c5f52ca9e2c6fe603e2a6.jpg,587,587,1.0,587x587
r6k_train_blast_rotated_032_png_jpg.rf.fc10b6f0d76c45dcdf1fc2a2c18974d2.jpg,587,587,1.0,587x587
r6k_train_blast_rotated_033_JPG_jpg.rf.0550bb0719742b654d8491bcbdbd1b7e.jpg,587,587,1.0,587x587
r6k_train_blast_rotated_033_JPG_jpg.rf.0b4f03c927b06a673495ef1c7da075c8.jpg,587,587,1.0,587x587
r6k_train_blast_rotated_033_JPG_jpg.rf.239e3c0baeffc37637ee0ffe225502fc.jpg,587,587,1.0,587x587
r6k_train_blast_rotated_033_JPG_jpg.rf.bc570dc6805ec80065573b0c04d9bd47.jpg,587,587,1.0,587x587
r6k_train_blast_rotated_033_JPG_jpg.rf.d2992bdc3adad91ace8126189535b8b4.jpg,587,587,1.0,587x587
r6k_train_blast_rotated_033_JPG_jpg.rf.d87954b859439c78acf99157bf3ac07e.jpg,587,587,1.0,587x587
r6k_train_blast_rotated_033_JPG_jpg.rf.dab08e61086aa9464cb5a76f558268f7.jpg,587,587,1.0,587x587
r6k_train_blast_rotated_033_JPG_jpg.rf.dd57426bfa76695772e92d417b9f9b6a.jpg,587,587,1.0,587x587
r6k_train_blast_rotated_038_png_jpg.rf.061c4398d773fb393183a5cabd94c1fd.jpg,587,587,1.0,587x587
r6k_train_blast_rotated_038_png_jpg.rf.08142122d96ab76e7fa73b53b846ff05.jpg,587,587,1.0,587x587
r6k_train_blast_rotated_038_png_jpg.rf.1a01b7443b864430040a02fafaf5438b.jpg,587,587,1.0,587x587
r6k_train_blast_rotated_038_png_jpg.rf.4a1952f7ce3be1317735e02b8c58ca48.jpg,587,587,1.0,587x587
r6k_train_blast_rotated_038_png_jpg.rf.55c7dd907e94667dd2359eda8f1e5bd9.jpg,587,587,1.0,587x587
r6k_train_blast_rotated_038_png_jpg.rf.5f03bcf280f45a33ab25002c6b2fc608.jpg,587,587,1.0,587x587
r6k_train_blast_rotated_038_png_jpg.rf.7e6a9379ce6a37765eb7d209956c7c21.jpg,587,587,1.0,587x587
r6k_train_blast_rotated_038_png_jpg.rf.8250378150b4bae74f801bedda2ed113.jpg,587,587,1.0,587x587
r6k_train_blast_rotated_038_png_jpg.rf.836b866ded4d5f9d37909b1e1ac5b8b1.jpg,587,587,1.0,587x587
r6k_train_blast_rotated_038_png_jpg.rf.852a969426870cfe0e39eca6e0eaaea1.jpg,587,587,1.0,587x587
r6k_train_blast_rotated_038_png_jpg.rf.a76a41e46a2cbfc0244df590e204ed11.jpg,587,587,1.0,587x587
r6k_train_blast_rotated_038_png_jpg.rf.b693750326ef61736069775fbb519f55.jpg,587,587,1.0,587x587
r6k_train_blast_rotated_038_png_jpg.rf.d59c9359ccad90fa12315f562a007192.jpg,587,587,1.0,587x587
r6k_train_blast_rotated_039_JPG_jpg.rf.58fbd9f91b63e0598d1a1f214d179468.jpg,587,587,1.0,587x587
r6k_train_blast_rotated_039_JPG_jpg.rf.6b72270d13adea8e098829fb2857692d.jpg,587,587,1.0,587x587
r6k_train_blast_rotated_039_JPG_jpg.rf.79bb4b1003a2ce42bb75aeb5f03850f0.jpg,587,587,1.0,587x587
r6k_train_blast_rotated_039_JPG_jpg.rf.8dba5cb27ed5fc1ab4226982d58fffa4.jpg,587,587,1.0,587x587
r6k_train_blast_rotated_039_JPG_jpg.rf.a01d5dfa94a26eb8af20f9a665c8c1ad.jpg,587,587,1.0,587x587
r6k_train_blast_rotated_039_JPG_jpg.rf.b1c7a74bd8ec0ca2cfb6ce9f19b19b32.jpg,587,587,1.0,587x587
r6k_train_blast_rotated_039_JPG_jpg.rf.ca96eedad47bc08511ee2a235530ddf7.jpg,587,587,1.0,587x587
r6k_train_blast_rotated_039_JPG_jpg.rf.dfc1b148b427cdf8723961b8a2b4205d.jpg,587,587,1.0,587x587
r6k_train_blast_rotated_039_JPG_jpg.rf.f950a9870ef17132818ef1f5281cf575.jpg,587,587,1.0,587x587
r6k_train_blast_rotated_041_JPG_jpg.rf.0a2eece14d375b1259664e470c5e4882.jpg,587,587,1.0,587x587
r6k_train_blast_rotated_041_JPG_jpg.rf.0bc45c9e6a79b9f95f8fdd206d192562.jpg,587,587,1.0,587x587
r6k_train_blast_rotated_041_JPG_jpg.rf.31b6db143c8d67e8c49f9a423dbd61b1.jpg,587,587,1.0,587x587
r6k_train_blast_rotated_041_JPG_jpg.rf.3961799e1bf0a16edfd08f23187db2f6.jpg,587,587,1.0,587x587
r6k_train_blast_rotated_041_JPG_jpg.rf.88809ff1759cfebadfade2c2a39cdf15.jpg,587,587,1.0,587x587
r6k_train_blast_rotated_042_png_jpg.rf.376171145fe16a50e26018f850bfb2be.jpg,587,587,1.0,587x587
r6k_train_blast_rotated_042_png_jpg.rf.789382f058596002a6930197785a97bc.jpg,587,587,1.0,587x587
r6k_train_blast_rotated_043_JPG_jpg.rf.152473cb8ddfe944fd711e1970e4888f.jpg,587,587,1.0,587x587
r6k_train_blast_rotated_043_JPG_jpg.rf.1c3ea3be78e1ee76315b644dac9e51f9.jpg,587,587,1.0,587x587
r6k_train_blast_rotated_043_JPG_jpg.rf.414a1ab070fcdcf6da058d1fabf66058.jpg,587,587,1.0,587x587
r6k_train_blast_rotated_043_JPG_jpg.rf.4afab5e171394b21d0a679e78a2743c7.jpg,587,587,1.0,587x587
r6k_train_blast_rotated_043_JPG_jpg.rf.4c19a3fb96919204c79dad2201c371ae.jpg,587,587,1.0,587x587
r6k_train_blast_rotated_043_JPG_jpg.rf.6bc246bd92d488e6525178492d91a080.jpg,587,587,1.0,587x587
r6k_train_blast_rotated_043_JPG_jpg.rf.7a38f6adc3dd58e8fb6b3231d52a24eb.jpg,587,587,1.0,587x587
r6k_train_blast_rotated_043_JPG_jpg.rf.c8767a5347e31b200a56bec27f8ecfb2.jpg,587,587,1.0,587x587
r6k_train_blast_rotated_043_JPG_jpg.rf.ee27ca4ef64421bb7bb9626818f970a1.jpg,587,587,1.0,587x587
r6k_train_blast_rotated_043_JPG_jpg.rf.fb202f4b25cbc33c4ae7b68a108a2716.jpg,587,587,1.0,587x587
r6k_train_blast_rotated_044_png_jpg.rf.3446825aa0c09ef10fd7f48635067144.jpg,587,587,1.0,587x587
r6k_train_blast_rotated_044_png_jpg.rf.47376bb93d62ff67885d5f66b6c97cc4.jpg,587,587,1.0,587x587
r6k_train_blast_rotated_044_png_jpg.rf.aaf95f434050772352ecfba1182eec2a.jpg,587,587,1.0,587x587
r6k_train_blast_rotated_044_png_jpg.rf.b96f3103e3ab4c1b9440eccea19d95e6.jpg,587,587,1.0,587x587
r6k_train_blast_rotated_045_jpg.rf.16008f815cccd9372346441c9bd818f5.jpg,587,587,1.0,587x587
r6k_train_blast_rotated_045_jpg.rf.2271dc1c6b592d05b722e2914fbc7e28.jpg,587,587,1.0,587x587
r6k_train_blast_rotated_045_jpg.rf.253316b90b57a9c60538e6fabaab5fb1.jpg,587,587,1.0,587x587
r6k_train_blast_rotated_045_jpg.rf.56a2f3f7d36b7ecadf3fee0c5225c3d9.jpg,587,587,1.0,587x587
r6k_train_blast_rotated_045_jpg.rf.deee53aa3f78522029a05a29db25cac8.jpg,587,587,1.0,587x587
r6k_train_blast_rotated_046_png_jpg.rf.55db4404cca142b749d93dd148596163.jpg,587,587,1.0,587x587
r6k_train_blast_rotated_046_png_jpg.rf.5893a8d69b3bbe4f8165d4c965b37cb3.jpg,587,587,1.0,587x587
r6k_train_blast_rotated_046_png_jpg.rf.b26f3be5cb5c702683d417fe23dc097c.jpg,587,587,1.0,587x587
r6k_train_blast_rotated_046_png_jpg.rf.b45636b980665d70aa31cbb9b2fb7083.jpg,587,587,1.0,587x587
r6k_train_blast_rotated_046_png_jpg.rf.f53c5b0f242c104402cd61f81eaecc76.jpg,587,587,1.0,587x587
r6k_train_blast_rotated_047_JPG_jpg.rf.07bcce8744e1d466754f05eae72781c4.jpg,587,587,1.0,587x587
r6k_train_blast_rotated_047_JPG_jpg.rf.2c63a52e9f8e1e850455905f84894a32.jpg,587,587,1.0,587x587
r6k_train_blast_rotated_047_JPG_jpg.rf.4278101a500f1140b905700e6f20afef.jpg,587,587,1.0,587x587
r6k_train_blast_rotated_047_JPG_jpg.rf.964463242754aae795fb1bc4993a5a97.jpg,587,587,1.0,587x587
r6k_train_blast_rotated_047_JPG_jpg.rf.9b6e917b0b91219feb809b36c491a630.jpg,587,587,1.0,587x587
r6k_train_blast_rotated_047_JPG_jpg.rf.af914cb28d7e4886a1fd999ea1ad4c05.jpg,587,587,1.0,587x587
r6k_train_blast_rotated_047_JPG_jpg.rf.e9b925f16d365b2d7f5c28fe01227f45.jpg,587,587,1.0,587x587
r6k_train_blast_rotated_047_JPG_jpg.rf.ec2825c1199135311703eb039af74937.jpg,587,587,1.0,587x587
r6k_train_blast_rotated_051_jpg.rf.23dba6351e37528e090dde0ea4897893.jpg,587,587,1.0,587x587
r6k_train_blast_rotated_051_jpg.rf.310ca493bc5e51c3c59d98d28f633deb.jpg,587,587,1.0,587x587
r6k_train_blast_rotated_051_jpg.rf.4e4d40bbf8b815718e7b2ebcdc465da5.jpg,587,587,1.0,587x587
r6k_train_blast_rotated_051_jpg.rf.a1b7b0dd58a6ef5c6145579a6754e72a.jpg,587,587,1.0,587x587
r6k_train_blast_rotated_051_jpg.rf.bfef739fa77b6ab35ab7cd5b4ef8d87f.jpg,587,587,1.0,587x587
r6k_train_blast_rotated_051_jpg.rf.d005fe2edd1803b0afeb21129902aa0d.jpg,587,587,1.0,587x587
r6k_train_blast_rotated_051_jpg.rf.e91da5be6f0393c7f6bd6b730eb68856.jpg,587,587,1.0,587x587
r6k_train_blast_rotated_051_jpg.rf.f76170600fa192366a0548c9f500368c.jpg,587,587,1.0,587x587
r6k_train_blast_rotated_051_jpg.rf.fbc09a114f87bc359dde2b87c5021f9e.jpg,587,587,1.0,587x587
r6k_train_blast_rotated_052_JPG_jpg.rf.3839a8f01c5274be8043a9452be87435.jpg,587,587,1.0,587x587
r6k_train_blast_rotated_052_JPG_jpg.rf.428e4be77415b58855aa03815bf9b1c6.jpg,587,587,1.0,587x587
r6k_train_blast_rotated_052_JPG_jpg.rf.49bdd8e69eaf6d7d76e9e3e1841993f5.jpg,587,587,1.0,587x587
r6k_train_blast_rotated_052_JPG_jpg.rf.676d63d4085a78895551075172a686af.jpg,587,587,1.0,587x587
r6k_train_blast_rotated_052_JPG_jpg.rf.9d3f07a033da6536f12f15121a2ea2fb.jpg,587,587,1.0,587x587
r6k_train_blast_rotated_052_JPG_jpg.rf.b403f62aed97b15e343b7b1e02aad830.jpg,587,587,1.0,587x587
r6k_train_blast_rotated_052_JPG_jpg.rf.d617ac487f02c5cca905ae994eec62ff.jpg,587,587,1.0,587x587
r6k_train_blast_rotated_052_JPG_jpg.rf.e8e6667749bc5690d404879697883f57.jpg,587,587,1.0,587x587
r6k_train_blast_rotated_052_JPG_jpg.rf.f27c52c8d7ff58cd850b058745cd3253.jpg,587,587,1.0,587x587
r6k_train_blast_rotated_053_JPG_jpg.rf.6eee7c5f6ee44273e599976890adf59a.jpg,587,587,1.0,587x587
r6k_train_blast_rotated_053_JPG_jpg.rf.8f1ac631781de84351a304ac9590ba6a.jpg,587,587,1.0,587x587
r6k_train_blast_rotated_053_JPG_jpg.rf.a5156ae20d31646f09110251ebc4d770.jpg,587,587,1.0,587x587
r6k_train_blast_rotated_053_JPG_jpg.rf.c18f8d6732e63ab0b8705465f2a840a7.jpg,587,587,1.0,587x587
r6k_train_blast_rotated_054_jpg.rf.ed6e1e34efad20b9266473baf32ce205.jpg,587,587,1.0,587x587
r6k_train_blast_rotated_055_JPG_jpg.rf.1ddcdd4311697aa2efe477815ab78775.jpg,587,587,1.0,587x587
r6k_train_blast_rotated_055_JPG_jpg.rf.277ed9ccfd16fa601566b61e69f3e5c2.jpg,587,587,1.0,587x587
r6k_train_blast_rotated_055_JPG_jpg.rf.39f3afde0f6dd3994367cf0f9f58feda.jpg,587,587,1.0,587x587
r6k_train_blast_rotated_055_JPG_jpg.rf.3f6a0e5afbdb3e20438c8600547e5299.jpg,587,587,1.0,587x587
r6k_train_blast_rotated_055_JPG_jpg.rf.87b91ee6b2f61df91f0d95dfa7fb6425.jpg,587,587,1.0,587x587
r6k_train_blast_rotated_055_JPG_jpg.rf.96837e7a475cb03025352b72940eefb6.jpg,587,587,1.0,587x587
r6k_train_blast_rotated_055_JPG_jpg.rf.ae4bdfcb19ffc36730c68e472c8e5f4f.jpg,587,587,1.0,587x587
r6k_train_blast_rotated_055_JPG_jpg.rf.be53ec79befad8c98ada2220a6e9dd32.jpg,587,587,1.0,587x587
r6k_train_blast_rotated_055_JPG_jpg.rf.f717bfd8f69cfe1106a9fd7a6b267860.jpg,587,587,1.0,587x587
r6k_train_blast_rotated_056_JPG_jpg.rf.136ed3760be910ca80927d9debdf08b8.jpg,587,587,1.0,587x587
r6k_train_blast_rotated_056_JPG_jpg.rf.1ad0beb38c7996e2d5751e1a4e1f44bf.jpg,587,587,1.0,587x587
r6k_train_blast_rotated_056_JPG_jpg.rf.2f502597537461e37771098f245fa826.jpg,587,587,1.0,587x587
r6k_train_blast_rotated_056_JPG_jpg.rf.34cc3855a1047a3440a241979d1a55e6.jpg,587,587,1.0,587x587
r6k_train_blast_rotated_056_JPG_jpg.rf.4e8832adf45580b43d08afbb2d86f7bc.jpg,587,587,1.0,587x587
r6k_train_blast_rotated_056_JPG_jpg.rf.531b82f4f258f2580845aafb7301788a.jpg,587,587,1.0,587x587
r6k_train_blast_rotated_056_JPG_jpg.rf.57ee84bb176cff8277139c8962a9b135.jpg,587,587,1.0,587x587
r6k_train_blast_rotated_056_JPG_jpg.rf.5a850c51d16159b49f33f64bd5aa19e7.jpg,587,587,1.0,587x587
r6k_train_blast_rotated_056_JPG_jpg.rf.73c3c54de1d56fc7dd856aa6ed8504b8.jpg,587,587,1.0,587x587
r6k_train_blast_rotated_056_JPG_jpg.rf.8488b8f853796a6652166965beef70f0.jpg,587,587,1.0,587x587
r6k_train_blast_rotated_056_JPG_jpg.rf.c64abbbf838b0c8872dec6ffeafe1a5e.jpg,587,587,1.0,587x587
r6k_train_blast_rotated_056_JPG_jpg.rf.f7a88da3320f04cee18753a68578bea0.jpg,587,587,1.0,587x587
r6k_train_blast_rotated_057_JPG_jpg.rf.04a3eac63cc014cc69e3c847e8046b89.jpg,587,587,1.0,587x587
r6k_train_blast_rotated_057_JPG_jpg.rf.098df96bd333ca4b4f1137d5153ed390.jpg,587,587,1.0,587x587
r6k_train_blast_rotated_057_JPG_jpg.rf.2a1d9642e221b39e2c8a43d32d99318b.jpg,587,587,1.0,587x587
r6k_train_blast_rotated_057_JPG_jpg.rf.2db41c1a6202dcc37a6d6aa6317f08df.jpg,587,587,1.0,587x587
r6k_train_blast_rotated_057_JPG_jpg.rf.79634b9af25290df780cd7730efb2138.jpg,587,587,1.0,587x587
r6k_train_blast_rotated_057_JPG_jpg.rf.96e04b40edc6ecffb2d243771ea11503.jpg,587,587,1.0,587x587
r6k_train_blast_rotated_057_JPG_jpg.rf.a14f0a6258bda80c73decb4913179791.jpg,587,587,1.0,587x587
r6k_train_blast_rotated_057_JPG_jpg.rf.a4d636c3d7cb49982429e688daa576e4.jpg,587,587,1.0,587x587
r6k_train_blast_rotated_057_JPG_jpg.rf.ca9cd0f2e9305e01ad1e9c1513d7b8af.jpg,587,587,1.0,587x587
r6k_train_blast_rotated_057_JPG_jpg.rf.fd32fdbfbb9134f4ef47ce861875f6c8.jpg,587,587,1.0,587x587
r6k_train_blast_rotated_058_JPG_jpg.rf.2495ee7753546f1e2f49d0ce21d3fe63.jpg,587,587,1.0,587x587
r6k_train_blast_rotated_058_JPG_jpg.rf.3f548ac5ca03f5795583a017b2f4b8ee.jpg,587,587,1.0,587x587
r6k_train_blast_rotated_058_JPG_jpg.rf.5421a71bd77f1863018c58153fcdebe1.jpg,587,587,1.0,587x587
r6k_train_blast_rotated_060_JPG_jpg.rf.043cb61b3d6e7344b40ccb987e0df0b2.jpg,587,587,1.0,587x587
r6k_train_blast_rotated_060_JPG_jpg.rf.209819a294b7bdeec5616aa43fe19cd4.jpg,587,587,1.0,587x587
r6k_train_blast_rotated_060_JPG_jpg.rf.31bf0f8e84ee972e5eb0e132f11486c0.jpg,587,587,1.0,587x587
r6k_train_blast_rotated_060_JPG_jpg.rf.41eb3d193147b5404763570082428c9a.jpg,587,587,1.0,587x587
r6k_train_blast_rotated_060_JPG_jpg.rf.53fa8e03a7a5d6a388b6105a2f0470e1.jpg,587,587,1.0,587x587
r6k_train_blast_rotated_060_JPG_jpg.rf.5dc169d837befe0c6f5c7134f230db21.jpg,587,587,1.0,587x587
r6k_train_blast_rotated_060_JPG_jpg.rf.60a4b4150847e24715ac266f412ed303.jpg,587,587,1.0,587x587
r6k_train_blast_rotated_060_JPG_jpg.rf.dc6f07bd832dad4363bf2118e69f863d.jpg,587,587,1.0,587x587
r6k_train_blast_rotated_061_jpg.rf.069b43b4292cdc1ee7e20b300ce1a84b.jpg,587,587,1.0,587x587
r6k_train_blast_rotated_061_jpg.rf.16fd14ed022a9e833de822cdc37b3397.jpg,587,587,1.0,587x587
r6k_train_blast_rotated_061_jpg.rf.5aa174a3bcc270c7d0fb405be2d7bbea.jpg,587,587,1.0,587x587
r6k_train_blast_rotated_061_jpg.rf.86d32560ddbc11aec7365a8cb74dc51f.jpg,587,587,1.0,587x587
r6k_train_blast_rotated_061_jpg.rf.a715f28962005e8bfff68be058e6ffdb.jpg,587,587,1.0,587x587
r6k_train_blast_rotated_061_jpg.rf.c38eed459733d7ac0b59501774bb3f39.jpg,587,587,1.0,587x587
r6k_train_blast_rotated_061_jpg.rf.c4db4c7cebd6a3e78724af0dbbb87d3f.jpg,587,587,1.0,587x587
r6k_train_blast_rotated_061_jpg.rf.d53ce8834f150d49dff3a94c14c7e885.jpg,587,587,1.0,587x587
r6k_train_blast_rotated_065_JPG_jpg.rf.03fc784da7b37a4def4c76f8dcd76238.jpg,587,587,1.0,587x587
r6k_train_blast_rotated_065_JPG_jpg.rf.27288f73c658327ce33f40c946cbcf00.jpg,587,587,1.0,587x587
r6k_train_blast_rotated_065_JPG_jpg.rf.53ef2b21216fe9fb0cbcb9c7dcc5027f.jpg,587,587,1.0,587x587
r6k_train_blast_rotated_065_JPG_jpg.rf.557a46b369f11417ae53321f9ff98f44.jpg,587,587,1.0,587x587
r6k_train_blast_rotated_065_JPG_jpg.rf.675f83dfbe23551a2e2066d3a0188f1a.jpg,587,587,1.0,587x587
r6k_train_blast_rotated_065_JPG_jpg.rf.a08366073a463d3313e9a0bca728df8f.jpg,587,587,1.0,587x587
r6k_train_blast_rotated_065_JPG_jpg.rf.b1ecf2060d30c3f5d2e2bf86fc17fd2d.jpg,587,587,1.0,587x587
r6k_train_blast_rotated_066_JPG_jpg.rf.057d7c1d973ab66fb0ff5c4750249d5c.jpg,587,587,1.0,587x587
r6k_train_blast_rotated_066_JPG_jpg.rf.19757ee72af3787ad027c6c468dfa180.jpg,587,587,1.0,587x587
r6k_train_blast_rotated_066_JPG_jpg.rf.70a3dc90778bdb9d84783ac5ade595e2.jpg,587,587,1.0,587x587
r6k_train_blast_rotated_066_JPG_jpg.rf.7e552f6d06376dbb549681c17e3fbb5a.jpg,587,587,1.0,587x587
r6k_train_blast_rotated_066_JPG_jpg.rf.a6e2421555d5923829de047c48e794a6.jpg,587,587,1.0,587x587
r6k_train_blast_rotated_066_JPG_jpg.rf.ac313532564ecbf12f5eaa4ff282c62c.jpg,587,587,1.0,587x587
r6k_train_blast_rotated_066_JPG_jpg.rf.c382722fa2f1087af38dcba722c2c9de.jpg,587,587,1.0,587x587
r6k_train_blast_rotated_066_JPG_jpg.rf.dac68af870957451275f5e58e0b3b03c.jpg,587,587,1.0,587x587
r6k_train_blast_rotated_067_JPG_jpg.rf.1548b34500d17ae7edaed95d1b6fd5f1.jpg,587,587,1.0,587x587
r6k_train_blast_rotated_067_JPG_jpg.rf.1cdb4006ec213957ed4e8a98f28cf44d.jpg,587,587,1.0,587x587
r6k_train_blast_rotated_067_JPG_jpg.rf.5b785780e6d37641bbe5641b2b481efb.jpg,587,587,1.0,587x587
r6k_train_blast_rotated_067_JPG_jpg.rf.649cef2f1f09e6f5f56615dec00c832e.jpg,587,587,1.0,587x587
r6k_train_blast_rotated_067_JPG_jpg.rf.704e5bfebdc71755a49934e1ab662158.jpg,587,587,1.0,587x587
r6k_train_blast_rotated_067_JPG_jpg.rf.89f37e1a3cf6717acff73aa04cbe7baa.jpg,587,587,1.0,587x587
r6k_train_blast_rotated_067_JPG_jpg.rf.bd34f353b177f9242940ea45fa929b3f.jpg,587,587,1.0,587x587
r6k_train_blast_rotated_067_JPG_jpg.rf.d701daa521ce282a48f7f3abc4e84504.jpg,587,587,1.0,587x587
r6k_train_blast_rotated_067_JPG_jpg.rf.e77a8355f0f5e95a3306da218aec2b61.jpg,587,587,1.0,587x587
r6k_train_blast_rotated_068_JPG_jpg.rf.2a59c7f6d7024c3c8ae869a01e051d52.jpg,587,587,1.0,587x587
r6k_train_blast_rotated_068_JPG_jpg.rf.40a8e3b7b0555ae0170a3ce15a95178f.jpg,587,587,1.0,587x587
r6k_train_blast_rotated_068_JPG_jpg.rf.6a785020e9fa7015d231dc230e07b41d.jpg,587,587,1.0,587x587
r6k_train_blast_rotated_068_JPG_jpg.rf.6f813765301d6e914968a22e0258aa1c.jpg,587,587,1.0,587x587
r6k_train_blast_rotated_068_JPG_jpg.rf.bc50019bbdfdb925bde9d38405879660.jpg,587,587,1.0,587x587
r6k_train_blast_rotated_068_JPG_jpg.rf.c4ac36266f591d6e1d3bc28f670019fc.jpg,587,587,1.0,587x587
r6k_train_blast_rotated_068_JPG_jpg.rf.e190d8582ad161d0cb4dc96eba82cb0d.jpg,587,587,1.0,587x587
r6k_train_blast_rotated_069_JPG_jpg.rf.0d3f6f6420c0997ed34e6ead9862265c.jpg,587,587,1.0,587x587
r6k_train_blast_rotated_069_JPG_jpg.rf.1224fbf5e70758150edb65233cc231cb.jpg,587,587,1.0,587x587
r6k_train_blast_rotated_069_JPG_jpg.rf.19c9fd7b97982278357f04ea922e596f.jpg,587,587,1.0,587x587
r6k_train_blast_rotated_069_JPG_jpg.rf.6137e4dbf5e9bcfe63ae63f8ae260fa6.jpg,587,587,1.0,587x587
r6k_train_blast_rotated_069_JPG_jpg.rf.8b88f420caeb59de9c22d1bef3a98863.jpg,587,587,1.0,587x587
r6k_train_blast_rotated_069_JPG_jpg.rf.dd453432a750c4e92aaf9e5b5d594ac5.jpg,587,587,1.0,587x587
r6k_train_blast_rotated_069_JPG_jpg.rf.e0af97a2f73043683d5715527575d775.jpg,587,587,1.0,587x587
r6k_train_blast_rotated_069_JPG_jpg.rf.fd099c082ee4e08348d0f83cfcbda616.jpg,587,587,1.0,587x587
r6k_train_blast_rotated_070_JPG_jpg.rf.0e0cb0cb04bdf3294569f08d3cb3e37f.jpg,587,587,1.0,587x587
r6k_train_blast_rotated_070_JPG_jpg.rf.18192faf60981caa6ece1d363226685f.jpg,587,587,1.0,587x587
r6k_train_blast_rotated_070_JPG_jpg.rf.50182ee366cd5743f4d95df61cb185dd.jpg,587,587,1.0,587x587
r6k_train_blast_rotated_070_JPG_jpg.rf.a4f9fe052683953482bc12bd7703d13f.jpg,587,587,1.0,587x587
r6k_train_blast_rotated_070_JPG_jpg.rf.c7ac8361d4f803a9e4f2a471fb3605b2.jpg,587,587,1.0,587x587
r6k_train_blast_rotated_071_jpg.rf.1bb79e3b4b810cf93266fd97232fe421.jpg,587,587,1.0,587x587
r6k_train_blast_rotated_071_jpg.rf.71bbbed675b96b0af4c120b82feedaed.jpg,587,587,1.0,587x587
r6k_train_blast_rotated_071_jpg.rf.8055d8e99d01d07d6863a104ac8bdc91.jpg,587,587,1.0,587x587
r6k_train_blast_rotated_071_jpg.rf.805a69a09b8a764f29dbecf3deab5730.jpg,587,587,1.0,587x587
r6k_train_blast_rotated_071_jpg.rf.85e8abc22bdc059b8aeaf8142bb8a0be.jpg,587,587,1.0,587x587
r6k_train_blast_rotated_071_jpg.rf.86ef15e63a60f3012024119b8612d639.jpg,587,587,1.0,587x587
r6k_train_blast_rotated_071_jpg.rf.917c01d8edf1a016ddf6db3934461f2a.jpg,587,587,1.0,587x587
r6k_train_blast_rotated_071_jpg.rf.ac231f11fc8f794bb404200174b837ab.jpg,587,587,1.0,587x587
r6k_train_blast_rotated_071_jpg.rf.d3124d0b02f1aafe2b5c0af84f6e4be5.jpg,587,587,1.0,587x587
r6k_train_blast_rotated_071_jpg.rf.dfca68351a12f253ebd1dc86e4c8b4f5.jpg,587,587,1.0,587x587
r6k_train_blast_rotated_071_jpg.rf.f57cb2384ac76f4b4e6fd6e073c86aba.jpg,587,587,1.0,587x587
r6k_train_blast_rotated_072_jpg.rf.32ac673f2de62eaa0dbda73d166117e1.jpg,587,587,1.0,587x587
r6k_train_blast_rotated_072_jpg.rf.438733208f493792006039383d17a1b3.jpg,587,587,1.0,587x587
r6k_train_blast_rotated_072_jpg.rf.52a1266dacbac8992b190d6fc65c3374.jpg,587,587,1.0,587x587
r6k_train_blast_rotated_072_jpg.rf.8bdd03864d72d363be17ea1f96277a4f.jpg,587,587,1.0,587x587
r6k_train_blast_rotated_072_jpg.rf.d3acdfbadefc4d17bf4fe28ef8254e32.jpg,587,587,1.0,587x587
r6k_train_blast_rotated_072_jpg.rf.e1605352ff5e77aabad2c33793b119dd.jpg,587,587,1.0,587x587
r6k_train_blast_rotated_072_jpg.rf.faa9abbe2b0cfd1a00b5eff7f1ddc9c8.jpg,587,587,1.0,587x587
r6k_train_blast_rotated_074_jpg.rf.5621e62b3601d8ddab450914e8a319ff.jpg,587,587,1.0,587x587
r6k_train_blast_rotated_074_jpg.rf.ed87d0bb88e946c63967159c1f240c88.jpg,587,587,1.0,587x587
r6k_train_blast_rotated_074_jpg.rf.f53b0306462019f794ed7efdf3a46c65.jpg,587,587,1.0,587x587
r6k_train_blast_rotated_075_jpg.rf.06a3481966dea426dad4b557d96b21ec.jpg,587,587,1.0,587x587
r6k_train_blast_rotated_075_jpg.rf.1c00d7d82e70c84504a539f935ecacba.jpg,587,587,1.0,587x587
r6k_train_blast_rotated_075_jpg.rf.463a712bf52a7e3cdc7bf31120eb45b2.jpg,587,587,1.0,587x587
r6k_train_blast_rotated_075_jpg.rf.660b3d514d2f640ec05f8eb92659e0c0.jpg,587,587,1.0,587x587
r6k_train_blast_rotated_075_jpg.rf.8327f629c81f0ebe875d5fa6e6b974e1.jpg,587,587,1.0,587x587
r6k_train_blast_rotated_075_jpg.rf.a5f543ff9ea8a4bfc0179016e57a35a4.jpg,587,587,1.0,587x587
r6k_train_blast_rotated_075_jpg.rf.d63e964033c7d8dd18b26dd4eb725abb.jpg,587,587,1.0,587x587
r6k_train_blast_rotated_079_jpg.rf.03037da075850ad1e18c3957bf95054f.jpg,587,587,1.0,587x587
r6k_train_blast_rotated_079_jpg.rf.1f87e4f2f98ef66cef08c2e63be5a2e2.jpg,587,587,1.0,587x587
r6k_train_blast_rotated_079_jpg.rf.461e21a1e0adaf622fd92a9ba3847264.jpg,587,587,1.0,587x587
r6k_train_blast_rotated_079_jpg.rf.5fc189ac599488f79b7ed19405379bb4.jpg,587,587,1.0,587x587
r6k_train_blast_rotated_079_jpg.rf.8b5473c557755dddee07ca5e84b15dd8.jpg,587,587,1.0,587x587
r6k_train_blast_rotated_079_jpg.rf.943988407f6d144f8017be2574c83604.jpg,587,587,1.0,587x587
r6k_train_blast_rotated_079_jpg.rf.99a23540863a26a12fb392f6b0b6ddeb.jpg,587,587,1.0,587x587
r6k_train_blast_rotated_079_jpg.rf.bbff9fa1e75ffae8455c823c58b34a70.jpg,587,587,1.0,587x587
r6k_train_blast_rotated_080_jpg.rf.7af07948372ba91b57ea0dbd6626175c.jpg,587,587,1.0,587x587
r6k_train_blast_rotated_080_jpg.rf.c0686ca83ec751fea9a269808bc3dea2.jpg,587,587,1.0,587x587
r6k_train_blast_rotated_080_jpg.rf.c865b4ba1399e4fd0934905931406ea8.jpg,587,587,1.0,587x587
r6k_train_blight_orig_001_jpg.rf.8dae7206da5a583a9f3b5aea313366ec.jpg,587,587,1.0,587x587
r6k_train_blight_orig_001_jpg.rf.c6bfb678b318f55c0edff49f74c13b54.jpg,587,587,1.0,587x587
r6k_train_blight_orig_001_jpg.rf.cdf69f5ea4e178cebec0a43819dfaeaf.jpg,587,587,1.0,587x587
r6k_train_blight_orig_001_jpg.rf.f51ec80d6ad9dcda4bc68687d411e4e6.jpg,587,587,1.0,587x587
r6k_train_blight_orig_002_png_jpg.rf.49bd5a2e6c4174d0999a3f770935c235.jpg,587,587,1.0,587x587
r6k_train_blight_orig_002_png_jpg.rf.4a8cbbe54f8084384bcc67673d2ad6b5.jpg,587,587,1.0,587x587
r6k_train_blight_orig_002_png_jpg.rf.4afb25dbcda757e0a23bb8eaa6452dbf.jpg,587,587,1.0,587x587
r6k_train_blight_orig_002_png_jpg.rf.59c8e4eb9fa1d213dbc917ef953eaecc.jpg,587,587,1.0,587x587
r6k_train_blight_orig_002_png_jpg.rf.62d0dc23dd08d0a481e0d58f6116028f.jpg,587,587,1.0,587x587
r6k_train_blight_orig_002_png_jpg.rf.6a293726f190344dfd34829a5e2bfc4f.jpg,587,587,1.0,587x587
r6k_train_blight_orig_002_png_jpg.rf.be50e758a8bf83ae58c4db48a664a821.jpg,587,587,1.0,587x587
r6k_train_blight_orig_002_png_jpg.rf.cd10aa315a0bc8054f4a68d6c18f2327.jpg,587,587,1.0,587x587
r6k_train_blight_orig_002_png_jpg.rf.dc24c477244ed8caa3ab94ae8ec57514.jpg,587,587,1.0,587x587
r6k_train_blight_orig_002_png_jpg.rf.dc93aeb5ce581d443930b4f740aee82a.jpg,587,587,1.0,587x587
r6k_train_blight_orig_003_jpg.rf.1a4dd074e8870d6d69a133a4d62f1bea.jpg,587,587,1.0,587x587
r6k_train_blight_orig_003_jpg.rf.20aef67f1df916a739c405b01bffca68.jpg,587,587,1.0,587x587
r6k_train_blight_orig_003_jpg.rf.71f0884c63781c051840243489d1d1cc.jpg,587,587,1.0,587x587
r6k_train_blight_orig_003_jpg.rf.7adf13bee7de90680b3835e87fbefd37.jpg,587,587,1.0,587x587
r6k_train_blight_orig_003_jpg.rf.c8c814ea4bc8107cc61fe71b6b7997b9.jpg,587,587,1.0,587x587
r6k_train_blight_orig_004_PNG_jpg.rf.0bd7d131dbe3e6439abcc98b836f957b.jpg,587,587,1.0,587x587
r6k_train_blight_orig_004_PNG_jpg.rf.102db4e7b5a6f03fbd79251ccfb801ec.jpg,587,587,1.0,587x587
r6k_train_blight_orig_004_PNG_jpg.rf.14a7bd688b5d25140a6fe7550bc9b0f5.jpg,587,587,1.0,587x587
r6k_train_blight_orig_004_PNG_jpg.rf.1da744be2f03e406b1a65f4433bd409b.jpg,587,587,1.0,587x587
r6k_train_blight_orig_004_PNG_jpg.rf.30ff5276896d92acd75219a226480d93.jpg,587,587,1.0,587x587
r6k_train_blight_orig_004_PNG_jpg.rf.41e41985b94e41afb80d801bd28ae36f.jpg,587,587,1.0,587x587
r6k_train_blight_orig_004_PNG_jpg.rf.733e7627d71f978e441891ba768ac056.jpg,587,587,1.0,587x587
r6k_train_blight_orig_004_PNG_jpg.rf.798cfde93de6eada6aa19ad00b806a6b.jpg,587,587,1.0,587x587
r6k_train_blight_orig_004_PNG_jpg.rf.aff5303abf0a143440711f7df28cc1e6.jpg,587,587,1.0,587x587
r6k_train_blight_orig_004_PNG_jpg.rf.cce8af649bbb12c68e1697151f8df68e.jpg,587,587,1.0,587x587
r6k_train_blight_orig_005_jpg.rf.06e29c09029484cccfabaa077e73e82c.jpg,587,587,1.0,587x587
r6k_train_blight_orig_005_jpg.rf.4e0f0bc6da25e25ca3d5e3741e51fe5f.jpg,587,587,1.0,587x587
r6k_train_blight_orig_005_jpg.rf.74d086950a9ecbe6747fa69fb24b7bea.jpg,587,587,1.0,587x587
r6k_train_blight_orig_005_jpg.rf.cec15cffa2f2cb06d89839a3b944db37.jpg,587,587,1.0,587x587
r6k_train_blight_orig_006_PNG_jpg.rf.81db848eae5b1ebb2d2c59c2e32c5625.jpg,587,587,1.0,587x587
r6k_train_blight_orig_006_PNG_jpg.rf.e71c9de78ee8169b8ccacaa8b852785e.jpg,587,587,1.0,587x587
r6k_train_blight_orig_006_PNG_jpg.rf.f3be5b83566ae14925da677a8d26948d.jpg,587,587,1.0,587x587
r6k_train_blight_orig_007_JPG_jpg.rf.0ad505602239a04820dcd2b51bb18b4b.jpg,587,587,1.0,587x587
r6k_train_blight_orig_007_JPG_jpg.rf.0dffbaf8cce253c0af72c03ab7e56a0c.jpg,587,587,1.0,587x587
r6k_train_blight_orig_007_JPG_jpg.rf.21266ad9a71b1347373ff4cee31de179.jpg,587,587,1.0,587x587
r6k_train_blight_orig_007_JPG_jpg.rf.25334bf86a1c0f8a62be014721877049.jpg,587,587,1.0,587x587
r6k_train_blight_orig_007_JPG_jpg.rf.85551f93281eef1c8e0e36baff7babef.jpg,587,587,1.0,587x587
r6k_train_blight_orig_007_JPG_jpg.rf.a5555b3975334c12efd97d7dfa5e23cc.jpg,587,587,1.0,587x587
r6k_train_blight_orig_007_JPG_jpg.rf.ac37e0cf48f4c5886f1153fd426e08f2.jpg,587,587,1.0,587x587
r6k_train_blight_orig_007_JPG_jpg.rf.ca5c9a44dd7f59dc1fd85e2457b4fe2b.jpg,587,587,1.0,587x587
r6k_train_blight_orig_008_PNG_jpg.rf.ce867152a9b078b788a938a5fae8ddf3.jpg,587,587,1.0,587x587
r6k_train_blight_orig_009_JPG_jpg.rf.0e8b953eedef2bad4770ecf02f1b55c6.jpg,587,587,1.0,587x587
r6k_train_blight_orig_009_JPG_jpg.rf.4a8d3b80ec28c54d1fe78e5b46f58814.jpg,587,587,1.0,587x587
r6k_train_blight_orig_009_JPG_jpg.rf.70d90ca5c98858c352359b192079f737.jpg,587,587,1.0,587x587
r6k_train_blight_orig_009_JPG_jpg.rf.d130b9db5ad8170658aff401515c0a4f.jpg,587,587,1.0,587x587
r6k_train_blight_orig_009_JPG_jpg.rf.e8f496ed911ba3246867c693df760a36.jpg,587,587,1.0,587x587
r6k_train_blight_orig_013_jpg.rf.07e6d17e30fc0753fa9fc7a6bc1e4973.jpg,587,587,1.0,587x587
r6k_train_blight_orig_013_jpg.rf.3924b468d751c4ee67bb14a34dca462b.jpg,587,587,1.0,587x587
r6k_train_blight_orig_013_jpg.rf.3e624b9565f7bd640f7b5a1bbff4384e.jpg,587,587,1.0,587x587
r6k_train_blight_orig_013_jpg.rf.4178e8d91764fa513309fe56822676ae.jpg,587,587,1.0,587x587
r6k_train_blight_orig_013_jpg.rf.4716ecd54e109f0a84807a6e657cca62.jpg,587,587,1.0,587x587
r6k_train_blight_orig_013_jpg.rf.5cc0159c8448b0cee32a6783f7c3db93.jpg,587,587,1.0,587x587
r6k_train_blight_orig_013_jpg.rf.759d01a4f928a5cc05a49767eed96642.jpg,587,587,1.0,587x587
r6k_train_blight_orig_013_jpg.rf.b45d4a2c8239b6f1edfb12b4e43bd6b5.jpg,587,587,1.0,587x587
r6k_train_blight_orig_017_jpg.rf.039c0382002049bd7e0e3f643d76fc1a.jpg,587,587,1.0,587x587
r6k_train_blight_orig_017_jpg.rf.4544e71070f93a262be11bb82c32d0c4.jpg,587,587,1.0,587x587
r6k_train_blight_orig_017_jpg.rf.8e204f04398377f36ad6c7c129a76e69.jpg,587,587,1.0,587x587
r6k_train_blight_orig_017_jpg.rf.8e4378c664431f671866b6969b7ea48b.jpg,587,587,1.0,587x587
r6k_train_blight_orig_017_jpg.rf.92b7655a5e5556f9e547910757d9c792.jpg,587,587,1.0,587x587
r6k_train_blight_orig_017_jpg.rf.99ec0e23917747829fea0628877d224a.jpg,587,587,1.0,587x587
r6k_train_blight_orig_017_jpg.rf.cff8f53346e32871e4c3573a58053725.jpg,587,587,1.0,587x587
r6k_train_blight_orig_020_PNG_jpg.rf.047d384b54b93d698da0cae48ae99a21.jpg,587,587,1.0,587x587
r6k_train_blight_orig_020_PNG_jpg.rf.195228335a52c176a48856474e3f64d3.jpg,587,587,1.0,587x587
r6k_train_blight_orig_020_PNG_jpg.rf.1c167557e147d2971abeea8b488aa331.jpg,587,587,1.0,587x587
r6k_train_blight_orig_020_PNG_jpg.rf.3bd5c20a40e2261decae5138e437fcd9.jpg,587,587,1.0,587x587
r6k_train_blight_orig_020_PNG_jpg.rf.e76ec22bb0c2b3e8952aae089c5cdd3a.jpg,587,587,1.0,587x587
r6k_train_blight_orig_021_jpg.rf.52344a150ca97e7fa98a00e8879d5c7d.jpg,587,587,1.0,587x587
r6k_train_blight_orig_021_jpg.rf.57a0f41ea0b3752272df37c98387250a.jpg,587,587,1.0,587x587
r6k_train_blight_orig_021_jpg.rf.87db5661838e398dfcafe0b5263fd542.jpg,587,587,1.0,587x587
r6k_train_blight_orig_021_jpg.rf.96a5c81562108cd209ca7882f9e93970.jpg,587,587,1.0,587x587
r6k_train_blight_orig_021_jpg.rf.ad94dbfd1279f4ba125274aa29af6b51.jpg,587,587,1.0,587x587
r6k_train_blight_orig_022_PNG_jpg.rf.34b8e66bc685a7c52d6526f962fa49d4.jpg,587,587,1.0,587x587
r6k_train_blight_orig_022_PNG_jpg.rf.3abd04ece6b31ac4df22488c69a24f8c.jpg,587,587,1.0,587x587
r6k_train_blight_orig_022_PNG_jpg.rf.9ef0c9315a470039cb056cce8c330e9b.jpg,587,587,1.0,587x587
r6k_train_blight_orig_022_PNG_jpg.rf.a2186f4d703b7540607ff09ad898acdc.jpg,587,587,1.0,587x587
r6k_train_blight_orig_022_PNG_jpg.rf.b525a17bee9e3c66b352c7b9361d8806.jpg,587,587,1.0,587x587
r6k_train_blight_orig_022_PNG_jpg.rf.b9e3e49a1215c9b9c76e92baf299ad86.jpg,587,587,1.0,587x587
r6k_train_blight_orig_023_jpg.rf.33975375c3816e99329014e8874fd8b2.jpg,587,587,1.0,587x587
r6k_train_blight_orig_023_jpg.rf.66dde289165d7a8e219c472c94d3bb44.jpg,587,587,1.0,587x587
r6k_train_blight_orig_023_jpg.rf.696412809a633576e626e60de439ea4d.jpg,587,587,1.0,587x587
r6k_train_blight_orig_023_jpg.rf.753edf6ce277098acab7405bd4ce3cd6.jpg,587,587,1.0,587x587
r6k_train_blight_orig_023_jpg.rf.d2fe071367651eb559c8e7edb764e8e7.jpg,587,587,1.0,587x587
r6k_train_blight_orig_023_jpg.rf.d8780d1e92a4ddff872d0389909e0a87.jpg,587,587,1.0,587x587
r6k_train_blight_orig_023_jpg.rf.dccf6a793240ffb7ac5da500b64098c1.jpg,587,587,1.0,587x587
r6k_train_blight_orig_027_jpg.rf.0cf0dbbf31c2f2a446d45a4384a590e9.jpg,587,587,1.0,587x587
r6k_train_blight_orig_027_jpg.rf.39ccfcc61bfc19f9730a977c994c574c.jpg,587,587,1.0,587x587
r6k_train_blight_orig_027_jpg.rf.575a87254ffcada74b1513d60ff75664.jpg,587,587,1.0,587x587
r6k_train_blight_orig_027_jpg.rf.c402c485b18888969cf91f2e93e8b9b1.jpg,587,587,1.0,587x587
r6k_train_blight_orig_027_jpg.rf.cebcc324a3246ed1aefd888ba343b5bb.jpg,587,587,1.0,587x587
r6k_train_blight_orig_027_jpg.rf.da954d11c506c64b04a28d7d6c407fe2.jpg,587,587,1.0,587x587
r6k_train_blight_orig_027_jpg.rf.df1b7442571b18ff682457bf2e050ede.jpg,587,587,1.0,587x587
r6k_train_blight_orig_028_PNG_jpg.rf.8bf59a8bafd1f6909d96ff7f38648aa8.jpg,587,587,1.0,587x587
r6k_train_blight_orig_028_PNG_jpg.rf.8d9ae17adf243231c49e4de83d9abfda.jpg,587,587,1.0,587x587
r6k_train_blight_orig_029_jpg.rf.4c968e84829cdbe30e587aea76d1e7b0.jpg,587,587,1.0,587x587
r6k_train_blight_orig_029_jpg.rf.fe3352ef4a9591a62af9c7ab20434bac.jpg,587,587,1.0,587x587
r6k_train_blight_orig_030_jpg.rf.43154447e474716a2e5ce7dce602d651.jpg,587,587,1.0,587x587
r6k_train_blight_orig_030_jpg.rf.6b13a73f846f15aa5700cf8da5740c49.jpg,587,587,1.0,587x587
r6k_train_blight_orig_030_jpg.rf.9f4830ab7dd727c02dee72b5b65f9803.jpg,587,587,1.0,587x587
r6k_train_blight_orig_030_jpg.rf.c9e1eceb2d3b0886d438fc269118f082.jpg,587,587,1.0,587x587
r6k_train_blight_orig_031_jpg.rf.0771d87807e9238257da2879fbc561ed.jpg,587,587,1.0,587x587
r6k_train_blight_orig_031_jpg.rf.11b405fee12ca09d9d11ef4bfc82fd45.jpg,587,587,1.0,587x587
r6k_train_blight_orig_031_jpg.rf.fb93ac1457cf091e1ee199358a9c0c7a.jpg,587,587,1.0,587x587
r6k_train_blight_orig_032_jpg.rf.42e3f564842609d02281542e9476f1db.jpg,587,587,1.0,587x587
r6k_train_blight_orig_032_jpg.rf.5bf733abcd6dff45fc134efbe9236103.jpg,587,587,1.0,587x587
r6k_train_blight_orig_032_jpg.rf.d9b975b59b470974462296edab2b374f.jpg,587,587,1.0,587x587
r6k_train_blight_orig_033_jpg.rf.31bedd2ad51a3ace7764d9922421c7f7.jpg,587,587,1.0,587x587
r6k_train_blight_orig_033_jpg.rf.5973a09714ba7269f1e296cef1223bf8.jpg,587,587,1.0,587x587
r6k_train_blight_orig_033_jpg.rf.5abb7a84f52fcf22c98edaa31742e441.jpg,587,587,1.0,587x587
r6k_train_blight_orig_033_jpg.rf.b228ec1b674dd02b652bbe7ac68320f8.jpg,587,587,1.0,587x587
r6k_train_blight_orig_033_jpg.rf.defc493b1b4a35b2f0d0c91cb6c81bd3.jpg,587,587,1.0,587x587
r6k_train_blight_orig_033_jpg.rf.e4950fd98d2df38aec90ebc0f89273b6.jpg,587,587,1.0,587x587
r6k_train_blight_orig_035_JPG_jpg.rf.38ba8a4c5edf4c4efb8e8530839669c2.jpg,587,587,1.0,587x587
r6k_train_blight_orig_035_JPG_jpg.rf.4e55ffae31bbadc6d46d0a8c4a445145.jpg,587,587,1.0,587x587
r6k_train_blight_orig_035_JPG_jpg.rf.6b74f2216d928e75a4e3e4b0e4f9abbc.jpg,587,587,1.0,587x587
r6k_train_blight_orig_035_JPG_jpg.rf.83a08ebfdffc7e24a97ea958d6569aa6.jpg,587,587,1.0,587x587
r6k_train_blight_orig_035_JPG_jpg.rf.d11096f0839dc5038c7e7a324efc8105.jpg,587,587,1.0,587x587
r6k_train_blight_orig_041_jpg.rf.2ae42db636290b51fb130f8358e5d73f.jpg,587,587,1.0,587x587
r6k_train_blight_orig_041_jpg.rf.47547ab8060048019e56b3739168b780.jpg,587,587,1.0,587x587
r6k_train_blight_orig_041_jpg.rf.cedf952b1aa82eaa3fd4f4eccddefee5.jpg,587,587,1.0,587x587
r6k_train_blight_orig_041_jpg.rf.db4104b90a3aee9c0945f9d1a32354ff.jpg,587,587,1.0,587x587
r6k_train_blight_orig_042_jpg.rf.6936788f7ba03b5687024ad6e6d0ba8e.jpg,587,587,1.0,587x587
r6k_train_blight_orig_042_jpg.rf.8e256b6f843f766f95d5fb90b6fa0383.jpg,587,587,1.0,587x587
r6k_train_blight_orig_042_jpg.rf.9e40f845df701e73b69011f328704fb0.jpg,587,587,1.0,587x587
r6k_train_blight_orig_042_jpg.rf.dcd4134aeac02b3d7d9524c6999b89af.jpg,587,587,1.0,587x587
r6k_train_blight_orig_043_jpg.rf.0deccbcdab8e3df42119594f32ae6535.jpg,587,587,1.0,587x587
r6k_train_blight_orig_043_jpg.rf.2b761e4127c1da9bbe87c0e7691d920f.jpg,587,587,1.0,587x587
r6k_train_blight_orig_043_jpg.rf.413a1f80e381637ab24326efeb8c8485.jpg,587,587,1.0,587x587
r6k_train_blight_orig_043_jpg.rf.8633afc2720d2b5859a23d9698ea7d39.jpg,587,587,1.0,587x587
r6k_train_blight_orig_043_jpg.rf.94ae1e0d98932a1fb5cca23ea2e760c5.jpg,587,587,1.0,587x587
r6k_train_blight_orig_043_jpg.rf.95a27d8c887bc79db46da78c268676ce.jpg,587,587,1.0,587x587
r6k_train_blight_orig_043_jpg.rf.befd7a9c1c1951ca4790d9743de31b93.jpg,587,587,1.0,587x587
r6k_train_blight_orig_044_jpg.rf.5b581b33bbd5843548422d3d47c3da75.jpg,587,587,1.0,587x587
r6k_train_blight_orig_044_jpg.rf.5babb033f972c7b6935ec9dff7b3839d.jpg,587,587,1.0,587x587
r6k_train_blight_orig_044_jpg.rf.a101261852b44c0b5cbfb315267aa436.jpg,587,587,1.0,587x587
r6k_train_blight_orig_044_jpg.rf.c219d7840a1d438e04d288e1911dcd4d.jpg,587,587,1.0,587x587
r6k_train_blight_orig_044_jpg.rf.d23f2fc6c28cd35e665c889eab69bda2.jpg,587,587,1.0,587x587
r6k_train_blight_orig_045_jpg.rf.1dc83b94e5f26ed47476a93d6481ab39.jpg,587,587,1.0,587x587
r6k_train_blight_orig_045_jpg.rf.3caf4865e4fe2eed5ed17a84700952f9.jpg,587,587,1.0,587x587
r6k_train_blight_orig_045_jpg.rf.61b1f91f6a8a8eb371394b9b57e68e30.jpg,587,587,1.0,587x587
r6k_train_blight_orig_045_jpg.rf.d3befa92d46bd85d4ac73eeadc31354b.jpg,587,587,1.0,587x587
r6k_train_blight_orig_046_jpg.rf.2634becc798ffa40ee34a1afddc1a3e5.jpg,587,587,1.0,587x587
r6k_train_blight_orig_046_jpg.rf.343cfe4582618ff729ca6e43f518b0aa.jpg,587,587,1.0,587x587
r6k_train_blight_orig_046_jpg.rf.84af6c022d9adc70e939b3dad5b6d158.jpg,587,587,1.0,587x587
r6k_train_blight_orig_046_jpg.rf.c7b5914438312aa1921a489c41ec2e93.jpg,587,587,1.0,587x587
r6k_train_blight_orig_046_jpg.rf.cbc8fbba64761bd3b50bd14c631ee948.jpg,587,587,1.0,587x587
r6k_train_blight_orig_046_jpg.rf.e6f940d8274c5fbeeb551029deaaa602.jpg,587,587,1.0,587x587
r6k_train_blight_orig_046_jpg.rf.fcdf2883d4228736fab3b19495674db4.jpg,587,587,1.0,587x587
r6k_train_blight_orig_047_jpg.rf.1e279782554d8fb157b74f2a73104dc6.jpg,587,587,1.0,587x587
r6k_train_blight_orig_047_jpg.rf.1eb372e60c6feb7b9a8de0741fea6a78.jpg,587,587,1.0,587x587
r6k_train_blight_orig_047_jpg.rf.527efc3abbdbb29652f56b28085a8fb0.jpg,587,587,1.0,587x587
r6k_train_blight_orig_047_jpg.rf.8d6f5e44bf433d0b02f2505eb7f198fc.jpg,587,587,1.0,587x587
r6k_train_blight_orig_047_jpg.rf.a8fd97ccde531e87e39653774bec451f.jpg,587,587,1.0,587x587
r6k_train_blight_orig_047_jpg.rf.db05f989a7a6323c51516033e5e35277.jpg,587,587,1.0,587x587
r6k_train_blight_orig_047_jpg.rf.dc4bf69dee48b20746a18cd4a3ae7df0.jpg,587,587,1.0,587x587
r6k_train_blight_orig_047_jpg.rf.fa89ea46a0690061a206b997c553bf74.jpg,587,587,1.0,587x587
r6k_train_blight_orig_048_jpg.rf.29761a29c26270a840eeb7a525bd894b.jpg,587,587,1.0,587x587
r6k_train_blight_orig_048_jpg.rf.5a11b67db258906833a1cfdc189862ba.jpg,587,587,1.0,587x587
r6k_train_blight_orig_048_jpg.rf.81e823e1f74f938f988b432a59ae3431.jpg,587,587,1.0,587x587
r6k_train_blight_orig_048_jpg.rf.90cc2435cd8f685f211128cad7a10775.jpg,587,587,1.0,587x587
r6k_train_blight_orig_048_jpg.rf.acaf3c3f593974d9296f707f01c8b836.jpg,587,587,1.0,587x587
r6k_train_blight_orig_048_jpg.rf.c449e2f10a228521c09a93b8efc9b392.jpg,587,587,1.0,587x587
r6k_train_blight_orig_049_jpg.rf.022739726feceefef8f03808f03c4564.jpg,587,587,1.0,587x587
r6k_train_blight_orig_049_jpg.rf.705566cf80a00b46fe5203f7d8c0796a.jpg,587,587,1.0,587x587
r6k_train_blight_orig_049_jpg.rf.c6bad26a0c7abd05502bd4ae49d68ae5.jpg,587,587,1.0,587x587
r6k_train_blight_orig_049_jpg.rf.d1b31ac98ce0ce4ee81f92690e095529.jpg,587,587,1.0,587x587
r6k_train_blight_orig_049_jpg.rf.dbf070d44934b6da1198de251e4dbab1.jpg,587,587,1.0,587x587
r6k_train_blight_orig_050_jpg.rf.378044c76bb9ba0f9b24c81b8e12d83a.jpg,587,587,1.0,587x587
r6k_train_blight_orig_050_jpg.rf.d136a991392bd6404f8963a110324063.jpg,587,587,1.0,587x587
r6k_train_blight_orig_051_jpg.rf.08ca057940160683a0487b93ddd9b751.jpg,587,587,1.0,587x587
r6k_train_blight_orig_051_jpg.rf.24a98231afec71659a2b309228b1ad54.jpg,587,587,1.0,587x587
r6k_train_blight_orig_051_jpg.rf.794bfeb85c8c37de0aff5c7651381ef6.jpg,587,587,1.0,587x587
r6k_train_blight_orig_051_jpg.rf.d0fa7137e5736b4ec7e94d78350c7f6f.jpg,587,587,1.0,587x587
r6k_train_blight_orig_055_jpg.rf.1ee707082184c8dd2f0cc79e6869d98c.jpg,587,587,1.0,587x587
r6k_train_blight_orig_055_jpg.rf.39e444b5f898a924941a24987ee3e56a.jpg,587,587,1.0,587x587
r6k_train_blight_orig_055_jpg.rf.bbd2a46bbf56d6a6a47edeef7a2b59ba.jpg,587,587,1.0,587x587
r6k_train_blight_orig_055_jpg.rf.ecde722781b70ba907bde7ac6480a426.jpg,587,587,1.0,587x587
r6k_train_blight_orig_057_jpg.rf.21004b93bacc5b47a328ec35f1335f59.jpg,587,587,1.0,587x587
r6k_train_blight_orig_057_jpg.rf.53870e6b1f2ae02dde7012948fdf8619.jpg,587,587,1.0,587x587
r6k_train_blight_orig_057_jpg.rf.76fe1275c21337e86026509da7aab2e4.jpg,587,587,1.0,587x587
r6k_train_blight_orig_057_jpg.rf.bd5fe48bf82404d6732428f367aeb845.jpg,587,587,1.0,587x587
r6k_train_blight_orig_057_jpg.rf.ca32702176ef9b9698fdb2b9f519b605.jpg,587,587,1.0,587x587
r6k_train_blight_orig_057_jpg.rf.ccea890d724ea7c0890bb213eb9d6cfd.jpg,587,587,1.0,587x587
r6k_train_blight_orig_057_jpg.rf.f23f226c6ea53dd5008c24a975a0a184.jpg,587,587,1.0,587x587
r6k_train_blight_orig_058_jpg.rf.1c80d2e4d7786252dc5e7e51c0a35bd7.jpg,587,587,1.0,587x587
r6k_train_blight_orig_058_jpg.rf.36983a24c64361c2dc7014f89727becb.jpg,587,587,1.0,587x587
r6k_train_blight_orig_058_jpg.rf.641c124c5ed26bed15a7a96ef1b41848.jpg,587,587,1.0,587x587
r6k_train_blight_orig_058_jpg.rf.9f2cbb57943740b405bbe679f8631f47.jpg,587,587,1.0,587x587
r6k_train_blight_orig_058_jpg.rf.dc9079fe7f5a33902bcab4d430371937.jpg,587,587,1.0,587x587
r6k_train_blight_orig_058_jpg.rf.e3c8adf86a0b6cf7ca1f69341683918e.jpg,587,587,1.0,587x587
r6k_train_blight_orig_058_jpg.rf.f988c287ae276ec45c1189e6982c26c6.jpg,587,587,1.0,587x587
r6k_train_blight_orig_060_JPG_jpg.rf.9e592e057e44ed5c3da766a39850df42.jpg,587,587,1.0,587x587
r6k_train_blight_orig_060_JPG_jpg.rf.e4bdf1ca61e5df59df9e00f560881f56.jpg,587,587,1.0,587x587
r6k_train_blight_orig_061_JPG_jpg.rf.772a3e82037983c0e07f907c5e203ab3.jpg,587,587,1.0,587x587
r6k_train_blight_orig_061_JPG_jpg.rf.7cf79b0f2721a7d6fafc259d1eda434a.jpg,587,587,1.0,587x587
r6k_train_blight_orig_062_JPG_jpg.rf.0cfd556b9dbd22fb73bc6fe8cd252cd7.jpg,587,587,1.0,587x587
r6k_train_blight_orig_062_JPG_jpg.rf.535dec3cd4ab02e250693f11d00532ba.jpg,587,587,1.0,587x587
r6k_train_blight_orig_062_JPG_jpg.rf.b6059567aa2506d6741ca06493890620.jpg,587,587,1.0,587x587
r6k_train_blight_orig_062_JPG_jpg.rf.da48929d23dfcd63af05401b023aff64.jpg,587,587,1.0,587x587
r6k_train_blight_orig_063_JPG_jpg.rf.0af6d80e1495cc4d1fd2d24e16944156.jpg,587,587,1.0,587x587
r6k_train_blight_orig_063_JPG_jpg.rf.5350ad8c5c1eb3a39bcf01bc419a6a9d.jpg,587,587,1.0,587x587
r6k_train_blight_orig_063_JPG_jpg.rf.6987a02f93691722c70444087678a036.jpg,587,587,1.0,587x587
r6k_train_blight_orig_063_JPG_jpg.rf.c75c3960de135e88c1523595429fb3d4.jpg,587,587,1.0,587x587
r6k_train_blight_orig_063_JPG_jpg.rf.cb85a32e4748554a41e554bc531e4eb0.jpg,587,587,1.0,587x587
r6k_train_blight_orig_063_JPG_jpg.rf.cd14fdc3abfb43f8b510928a524b6344.jpg,587,587,1.0,587x587
r6k_train_blight_orig_063_JPG_jpg.rf.cddcb64a4cb004cb7bb262352df79334.jpg,587,587,1.0,587x587
r6k_train_blight_orig_063_JPG_jpg.rf.f0258d236d963d241745a95a7b31fc68.jpg,587,587,1.0,587x587
r6k_train_blight_orig_064_JPG_jpg.rf.04d50673ace43edbc516548f43399ba2.jpg,587,587,1.0,587x587
r6k_train_blight_orig_064_JPG_jpg.rf.04d516ecaec92fb92f0961e3d7b81c34.jpg,587,587,1.0,587x587
r6k_train_blight_orig_064_JPG_jpg.rf.147fa18d0e8934267e93a5f773f588f6.jpg,587,587,1.0,587x587
r6k_train_blight_orig_064_JPG_jpg.rf.1ac1061aed92f684f22aa261f5b4ced0.jpg,587,587,1.0,587x587
r6k_train_blight_orig_064_JPG_jpg.rf.252e92d0c75d8e0a8e4448cda5a33f58.jpg,587,587,1.0,587x587
r6k_train_blight_orig_064_JPG_jpg.rf.28ba53f0012393fe158a235695d6e611.jpg,587,587,1.0,587x587
r6k_train_blight_orig_064_JPG_jpg.rf.591735c18a4564edca5a18e7e091ad4e.jpg,587,587,1.0,587x587
r6k_train_blight_orig_064_JPG_jpg.rf.738e3399cb9dfc54b8b10d5caef6a6ec.jpg,587,587,1.0,587x587
r6k_train_blight_orig_064_JPG_jpg.rf.b0e17ae3654f9f3c1051210e5032a127.jpg,587,587,1.0,587x587
r6k_train_blight_orig_064_JPG_jpg.rf.c8e8300e9ffa11c82aef45a6e821ddaf.jpg,587,587,1.0,587x587
r6k_train_blight_orig_064_JPG_jpg.rf.db3e93e863aeb2de65772cda1d9667a4.jpg,587,587,1.0,587x587
r6k_train_blight_orig_065_JPG_jpg.rf.2d9e8cfd5a85f1109d9a93cf46eca236.jpg,587,587,1.0,587x587
r6k_train_blight_orig_065_JPG_jpg.rf.4595001437b67173abaa619fe9ef384c.jpg,587,587,1.0,587x587
r6k_train_blight_orig_065_JPG_jpg.rf.625fc00162da6689b610e5166cffd7ce.jpg,587,587,1.0,587x587
r6k_train_blight_orig_065_JPG_jpg.rf.659b4d2e09a641ca2979e8ee77e86f5a.jpg,587,587,1.0,587x587
r6k_train_blight_orig_065_JPG_jpg.rf.793869529693b67dc343a47010a4a883.jpg,587,587,1.0,587x587
r6k_train_blight_orig_065_JPG_jpg.rf.906183cb0a16335f74d811ad23a6f240.jpg,587,587,1.0,587x587
r6k_train_blight_orig_065_JPG_jpg.rf.bb8020e749635590130c422b84b3c3a7.jpg,587,587,1.0,587x587
r6k_train_blight_orig_065_JPG_jpg.rf.c0977f7b469a21a3c49af1d448fdbd82.jpg,587,587,1.0,587x587
r6k_train_blight_orig_065_JPG_jpg.rf.c76ab8d44116149b19c95b53c172f2ef.jpg,587,587,1.0,587x587
r6k_train_blight_orig_065_JPG_jpg.rf.ec8deb59e781becbc07e507da69eeb77.jpg,587,587,1.0,587x587
r6k_train_blight_orig_069_JPG_jpg.rf.706a85e385f0c9bd36d15153b1b77fea.jpg,587,587,1.0,587x587
r6k_train_blight_orig_069_JPG_jpg.rf.9b963d0c83fa5aab770096481a8f13b3.jpg,587,587,1.0,587x587
r6k_train_blight_orig_069_JPG_jpg.rf.c2d0520159168b3a982b332463129f5f.jpg,587,587,1.0,587x587
r6k_train_blight_orig_069_JPG_jpg.rf.dc5a71b7e60394a66981c05112c29ce6.jpg,587,587,1.0,587x587
r6k_train_blight_orig_070_JPG_jpg.rf.070d6b9de87c8ca69d9ac14aef464688.jpg,587,587,1.0,587x587
r6k_train_blight_orig_070_JPG_jpg.rf.2814ed3d40b9d200bcf5cb96a751bc0a.jpg,587,587,1.0,587x587
r6k_train_blight_orig_070_JPG_jpg.rf.65e73fba1e12adf4844804c00b336f3c.jpg,587,587,1.0,587x587
r6k_train_blight_orig_070_JPG_jpg.rf.8c0906ccd0a5077a037a53fd682d264c.jpg,587,587,1.0,587x587
r6k_train_blight_orig_070_JPG_jpg.rf.93e35dcb2045f2eed71e045301467ab6.jpg,587,587,1.0,587x587
r6k_train_blight_orig_070_JPG_jpg.rf.a8c8c3301d75c4fce0b4c4d8e9714a14.jpg,587,587,1.0,587x587
r6k_train_blight_orig_070_JPG_jpg.rf.c21bc6f8f6c062117cd3907dc433c185.jpg,587,587,1.0,587x587
r6k_train_blight_orig_070_JPG_jpg.rf.d407ee510424e116ca29db7eac1bf920.jpg,587,587,1.0,587x587
r6k_train_blight_orig_070_JPG_jpg.rf.d42989544741ff5230323df101f471a5.jpg,587,587,1.0,587x587
r6k_train_blight_orig_070_JPG_jpg.rf.d524ca8ccf832352e8af084d57d3d1ed.jpg,587,587,1.0,587x587
r6k_train_blight_orig_070_JPG_jpg.rf.eb3a3e44312dd4fa051a06bd21e9ddfe.jpg,587,587,1.0,587x587
r6k_train_blight_orig_070_JPG_jpg.rf.fb86de6f66fcd4e4554f0b0cd63aa9b4.jpg,587,587,1.0,587x587
r6k_train_blight_orig_071_JPG_jpg.rf.42a3f9dc9ee9ea0b97e02e9f2ddeecf6.jpg,587,587,1.0,587x587
r6k_train_blight_orig_071_JPG_jpg.rf.4fd23647d6c8076580badde85b27768d.jpg,587,587,1.0,587x587
r6k_train_blight_orig_071_JPG_jpg.rf.922bc22e340212ef4b5e785332eb5902.jpg,587,587,1.0,587x587
r6k_train_blight_orig_072_JPG_jpg.rf.2461f75a006fa0bc414c2dc114631faa.jpg,587,587,1.0,587x587
r6k_train_blight_orig_072_JPG_jpg.rf.510150dcd662276daeafb60ba12311e3.jpg,587,587,1.0,587x587
r6k_train_blight_orig_072_JPG_jpg.rf.7283f97c3e7ad62344573713ec7a3833.jpg,587,587,1.0,587x587
r6k_train_blight_orig_072_JPG_jpg.rf.76e360f253fa50dab4e136dd1f4fbca3.jpg,587,587,1.0,587x587
r6k_train_blight_orig_072_JPG_jpg.rf.8cb99dbae9a43d476dd7279b249912f4.jpg,587,587,1.0,587x587
r6k_train_blight_orig_072_JPG_jpg.rf.8e5d7a381f93d49cd70bcac31508a49f.jpg,587,587,1.0,587x587
r6k_train_blight_orig_072_JPG_jpg.rf.94423217cbbd847336fd7d1a80bd75a2.jpg,587,587,1.0,587x587
r6k_train_blight_orig_072_JPG_jpg.rf.993913e78311757c84df86d07e44f7ce.jpg,587,587,1.0,587x587
r6k_train_blight_orig_072_JPG_jpg.rf.fee00365014e8619425a5a4372856dbe.jpg,587,587,1.0,587x587
r6k_train_blight_orig_073_JPG_jpg.rf.079186e3dca3da71a9f9c84c5af87b09.jpg,587,587,1.0,587x587
r6k_train_blight_orig_073_JPG_jpg.rf.49ea844a6a90d2ca36a0bfa3d1f84dab.jpg,587,587,1.0,587x587
r6k_train_blight_orig_073_JPG_jpg.rf.5823bff99b4449150966b90a3045d0ef.jpg,587,587,1.0,587x587
r6k_train_blight_orig_073_JPG_jpg.rf.964c495ccb6150ea295c7e3956bbcc55.jpg,587,587,1.0,587x587
r6k_train_blight_orig_073_JPG_jpg.rf.ae81f65bce9be3c8fe290f774a558c4a.jpg,587,587,1.0,587x587
r6k_train_blight_orig_073_JPG_jpg.rf.fb69728b3116551ec3c31df964cb3583.jpg,587,587,1.0,587x587
r6k_train_blight_orig_074_JPG_jpg.rf.373f915cb33ed8ffee1ddb05c3c60810.jpg,587,587,1.0,587x587
r6k_train_blight_orig_074_JPG_jpg.rf.5fdfc7ecbca8f08243b07c46f3c41a98.jpg,587,587,1.0,587x587
r6k_train_blight_orig_074_JPG_jpg.rf.d3e5d973812b6ae614912df65c01db6c.jpg,587,587,1.0,587x587
r6k_train_blight_orig_074_JPG_jpg.rf.e812c97c8345dff14ba2a499aaaf2efb.jpg,587,587,1.0,587x587
r6k_train_blight_orig_075_jpg.rf.497e646e1067e187ddca39c8019f9f91.jpg,587,587,1.0,587x587
r6k_train_blight_orig_076_jpg.rf.1df3e21e9fa1e5190c85811898f3ae71.jpg,587,587,1.0,587x587
r6k_train_blight_orig_076_jpg.rf.20272922b1b6384c163639369e72404a.jpg,587,587,1.0,587x587
r6k_train_blight_orig_076_jpg.rf.558c0c6cadfb7eff548f363ce6c40349.jpg,587,587,1.0,587x587
r6k_train_blight_orig_076_jpg.rf.68f8cbb8d7f55533c4b4d5b6174e9a28.jpg,587,587,1.0,587x587
r6k_train_blight_orig_076_jpg.rf.8e1d69a06f60a820a884ed56f746f5eb.jpg,587,587,1.0,587x587
r6k_train_blight_orig_076_jpg.rf.a909b6b72f43de4cc1551b1c67bd5a0e.jpg,587,587,1.0,587x587
r6k_train_blight_orig_076_jpg.rf.b92d1076d97fc235ddacf92babca4fdf.jpg,587,587,1.0,587x587
r6k_train_blight_orig_076_jpg.rf.f547fc47baaf15dd8db572a7bd88ba3c.jpg,587,587,1.0,587x587
r6k_train_blight_orig_077_jpg.rf.64ea0d54ba37c458e0f51f585a48ffac.jpg,587,587,1.0,587x587
r6k_train_blight_orig_089_jpg.rf.176aac2baa0ffeea08c731ab04df0177.jpg,587,587,1.0,587x587
r6k_train_blight_orig_089_jpg.rf.6554b0eae4e1ba6a5d66bc796a5c6be6.jpg,587,587,1.0,587x587
r6k_train_blight_orig_089_jpg.rf.86eab96179ad4bebd4c2639c6c1b2c84.jpg,587,587,1.0,587x587
r6k_train_blight_orig_089_jpg.rf.a598162a4856befe24e10da2c1e8e296.jpg,587,587,1.0,587x587
r6k_train_blight_orig_089_jpg.rf.c780e53bf2b336905f0309d7e3988cca.jpg,587,587,1.0,587x587
r6k_train_blight_orig_092_jpg.rf.1c6ed07f913754367e7eebf434dcd127.jpg,587,587,1.0,587x587
r6k_train_blight_orig_092_jpg.rf.374a8243add3ee01be8d2bc6ea999909.jpg,587,587,1.0,587x587
r6k_train_blight_orig_092_jpg.rf.58e86e210a382bbe98de6dfd842493df.jpg,587,587,1.0,587x587
r6k_train_blight_orig_092_jpg.rf.787298aa22b4f9162d97197d069186d4.jpg,587,587,1.0,587x587
r6k_train_blight_orig_092_jpg.rf.abc7d31c9f2598dde75c545dfa7df2c4.jpg,587,587,1.0,587x587
r6k_train_blight_orig_092_jpg.rf.c163575a9080cbc8c2654780754978ec.jpg,587,587,1.0,587x587
r6k_train_blight_orig_092_jpg.rf.e97b42a9277603ff7f586f5eedd4d6ac.jpg,587,587,1.0,587x587
r6k_train_blight_orig_093_jpg.rf.1cbce3c64560049d2e3090ea20480975.jpg,587,587,1.0,587x587
r6k_train_blight_orig_093_jpg.rf.432d5225dd27728decdac18dadd92956.jpg,587,587,1.0,587x587
r6k_train_blight_orig_093_jpg.rf.ae5eaae18d442b9eae9b54a76d3d8df5.jpg,587,587,1.0,587x587
r6k_train_blight_orig_093_jpg.rf.cf2eae818c7cc42e70471bb44bdc060f.jpg,587,587,1.0,587x587
r6k_train_blight_orig_093_jpg.rf.f63bef4f3414dc7839f90887e358fdb0.jpg,587,587,1.0,587x587
r6k_train_blight_rotated_001_jpg.rf.02ed8e4f60b65bbc168609e50a38fb46.jpg,587,587,1.0,587x587
r6k_train_blight_rotated_001_jpg.rf.0e2ce4e408fc85fe18cab84ea8a59932.jpg,587,587,1.0,587x587
r6k_train_blight_rotated_001_jpg.rf.3a445461bff40cb6b9b649e8f9406f05.jpg,587,587,1.0,587x587
r6k_train_blight_rotated_001_jpg.rf.452a9a3b43b3013136e96e023d271ec4.jpg,587,587,1.0,587x587
r6k_train_blight_rotated_001_jpg.rf.4d6e04099ce6422b1c8abc3cfb202bcd.jpg,587,587,1.0,587x587
r6k_train_blight_rotated_001_jpg.rf.595ceff2d70a220ed22c80a49caac824.jpg,587,587,1.0,587x587
r6k_train_blight_rotated_001_jpg.rf.f992398453f44b7ecb3f9931ad4cafac.jpg,587,587,1.0,587x587
r6k_train_blight_rotated_001_jpg.rf.ffc066fac375a27b51abfbd8b0a1c9ce.jpg,587,587,1.0,587x587
r6k_train_blight_rotated_002_png_jpg.rf.104d3f8395b4082029140221d8e3e391.jpg,587,587,1.0,587x587
r6k_train_blight_rotated_002_png_jpg.rf.23b69471220dec2aa1bedee73dbbffc5.jpg,587,587,1.0,587x587
r6k_train_blight_rotated_002_png_jpg.rf.539ddbb33b5763fb22172799c73b4b39.jpg,587,587,1.0,587x587
r6k_train_blight_rotated_002_png_jpg.rf.7d2d321a9a915ad3ea10a040f853de2a.jpg,587,587,1.0,587x587
r6k_train_blight_rotated_002_png_jpg.rf.7fb82ef87a9aacf9e9038ef8b16de05b.jpg,587,587,1.0,587x587
r6k_train_blight_rotated_003_jpg.rf.14a2dc2ead9ad5b23adf6dc3e1da702d.jpg,587,587,1.0,587x587
r6k_train_blight_rotated_003_jpg.rf.159656120a887e8b2950fcbdf75502fd.jpg,587,587,1.0,587x587
r6k_train_blight_rotated_003_jpg.rf.3e23b12a1629c2a063862a4e043a8ced.jpg,587,587,1.0,587x587
r6k_train_blight_rotated_003_jpg.rf.678ffc8ff3e898b02834462d8965e7bb.jpg,587,587,1.0,587x587
r6k_train_blight_rotated_003_jpg.rf.d1c31602d4d034a0cb7a9860f77dc234.jpg,587,587,1.0,587x587
r6k_train_blight_rotated_003_jpg.rf.f64b5fb66652f5d97bf84003946d6746.jpg,587,587,1.0,587x587
r6k_train_blight_rotated_004_PNG_jpg.rf.5f9336922108786ebe390fea88513b23.jpg,587,587,1.0,587x587
r6k_train_blight_rotated_004_PNG_jpg.rf.9aa2f30c7a246b6170426a753b30fdcf.jpg,587,587,1.0,587x587
r6k_train_blight_rotated_004_PNG_jpg.rf.b98054e85cc52040d30c9c6ca2c4a88c.jpg,587,587,1.0,587x587
r6k_train_blight_rotated_004_PNG_jpg.rf.d08e828bad8cf1625ccb29c57c3ab744.jpg,587,587,1.0,587x587
r6k_train_blight_rotated_006_PNG_jpg.rf.11f5306dc7d2dc56b8b7c8079669e986.jpg,587,587,1.0,587x587
r6k_train_blight_rotated_006_PNG_jpg.rf.5a02f198afbc77762696a9e611357f7a.jpg,587,587,1.0,587x587
r6k_train_blight_rotated_006_PNG_jpg.rf.94b67323165e70db69ef2afd930087d1.jpg,587,587,1.0,587x587
r6k_train_blight_rotated_006_PNG_jpg.rf.fe9ef7ea3ba91006a4ec8f5bfdd16203.jpg,587,587,1.0,587x587
r6k_train_blight_rotated_007_jpg.rf.2f7ecf4f48ddcf566c9107d9e07388f4.jpg,587,587,1.0,587x587
r6k_train_blight_rotated_007_jpg.rf.4ee52c59a73f0e0c1f4d0f7f4183f4c7.jpg,587,587,1.0,587x587
r6k_train_blight_rotated_007_jpg.rf.6104178d6e2a9761bcbbeee72bf7a05c.jpg,587,587,1.0,587x587
r6k_train_blight_rotated_007_jpg.rf.819b79e5be030924436a8d4092440a29.jpg,587,587,1.0,587x587
r6k_train_blight_rotated_007_jpg.rf.ed88ed0779a89fbe0617ac8156c40bdf.jpg,587,587,1.0,587x587
r6k_train_blight_rotated_008_PNG_jpg.rf.433bb66ff0b79691fa343b8ce84f7220.jpg,587,587,1.0,587x587
r6k_train_blight_rotated_008_PNG_jpg.rf.6ae0b9e6a60bd25b9672dc72c506077e.jpg,587,587,1.0,587x587
r6k_train_blight_rotated_008_PNG_jpg.rf.93b625938cc1b2fe6d293fa14943c6f2.jpg,587,587,1.0,587x587
r6k_train_blight_rotated_008_PNG_jpg.rf.a029e29b56a6a7a588b78d2c2102f363.jpg,587,587,1.0,587x587
r6k_train_blight_rotated_008_PNG_jpg.rf.f68794bde49daf09875221db32e331c3.jpg,587,587,1.0,587x587
r6k_train_blight_rotated_008_PNG_jpg.rf.fbb56517a6c325877f799b24ed382707.jpg,587,587,1.0,587x587
r6k_train_blight_rotated_009_JPG_jpg.rf.4eef425b98cafc7af3fb0aa580fedc82.jpg,587,587,1.0,587x587
r6k_train_blight_rotated_009_JPG_jpg.rf.6031562cc8f901c113783c4ca546ccbf.jpg,587,587,1.0,587x587
r6k_train_blight_rotated_009_JPG_jpg.rf.6a037b9baa362b5d22ac9ecf2b725023.jpg,587,587,1.0,587x587
r6k_train_blight_rotated_009_JPG_jpg.rf.6df40286162c6632733c09634c2f8123.jpg,587,587,1.0,587x587
r6k_train_blight_rotated_009_JPG_jpg.rf.c918b1f22ff5654217dbd7f46f9e0485.jpg,587,587,1.0,587x587
r6k_train_blight_rotated_009_JPG_jpg.rf.cdf09db719f473daadaf955eefc39e27.jpg,587,587,1.0,587x587
r6k_train_blight_rotated_009_JPG_jpg.rf.f5824f8dc919902ac1b4ab9c2a3c254e.jpg,587,587,1.0,587x587
r6k_train_blight_rotated_011_JPG_jpg.rf.06dfb078312710b72a9da7e3b85dffb4.jpg,587,587,1.0,587x587
r6k_train_blight_rotated_011_JPG_jpg.rf.1b5275e6cfad0994fd07ffc2296ca750.jpg,587,587,1.0,587x587
r6k_train_blight_rotated_011_JPG_jpg.rf.44fc135de88cdbaa00a289a99805d24f.jpg,587,587,1.0,587x587
r6k_train_blight_rotated_011_JPG_jpg.rf.614b3fb5f4ec23cfbddad3276b1a5181.jpg,587,587,1.0,587x587
r6k_train_blight_rotated_011_JPG_jpg.rf.6da102528528cc0281362ba264cf32b6.jpg,587,587,1.0,587x587
r6k_train_blight_rotated_011_JPG_jpg.rf.80a190ffe8ad20e2124e3456b843e4ed.jpg,587,587,1.0,587x587
r6k_train_blight_rotated_017_jpg.rf.01390ff613e65b22c8c797f2e9c39a29.jpg,587,587,1.0,587x587
r6k_train_blight_rotated_017_jpg.rf.4fdfb5e06ed44b8ad3436dd0b3ccd82c.jpg,587,587,1.0,587x587
r6k_train_blight_rotated_020_PNG_jpg.rf.0ff0f8fd9125668c9dd97c8c245a91d6.jpg,587,587,1.0,587x587
r6k_train_blight_rotated_020_PNG_jpg.rf.3ad97032d690e2fea642c4e7ec0b54a9.jpg,587,587,1.0,587x587
r6k_train_blight_rotated_020_PNG_jpg.rf.558b8f29d1fe3eace95aa27756384cd0.jpg,587,587,1.0,587x587
r6k_train_blight_rotated_020_PNG_jpg.rf.6522546798e33ff7ea141f91e270e6fd.jpg,587,587,1.0,587x587
r6k_train_blight_rotated_020_PNG_jpg.rf.6755c52537c3fcd46538cc62a34dcf83.jpg,587,587,1.0,587x587
r6k_train_blight_rotated_020_PNG_jpg.rf.9e581c2efca7d81bdae9d519f4152fe9.jpg,587,587,1.0,587x587
r6k_train_blight_rotated_020_PNG_jpg.rf.a430beb921cc46db0289b30557842048.jpg,587,587,1.0,587x587
r6k_train_blight_rotated_021_jpg.rf.239465315edb233bd3db969b9e77d9a8.jpg,587,587,1.0,587x587
r6k_train_blight_rotated_021_jpg.rf.27841f007ad77d206ea4894d362fd2a9.jpg,587,587,1.0,587x587
r6k_train_blight_rotated_021_jpg.rf.347a09e7f9b2d099059e36df84c8abe2.jpg,587,587,1.0,587x587
r6k_train_blight_rotated_021_jpg.rf.4f42ce4337f4878409085726788a7248.jpg,587,587,1.0,587x587
r6k_train_blight_rotated_021_jpg.rf.a246ec2ceef04bb1fcd5a735b48c9658.jpg,587,587,1.0,587x587
r6k_train_blight_rotated_021_jpg.rf.c2320ef9a05b5c7a6e7d7742e77fbaef.jpg,587,587,1.0,587x587
r6k_train_blight_rotated_021_jpg.rf.f5b0bbcbe090cfd338a8e76f385f694d.jpg,587,587,1.0,587x587
r6k_train_blight_rotated_022_PNG_jpg.rf.19f81803c838f78c5b9a5b5011c0fde4.jpg,587,587,1.0,587x587
r6k_train_blight_rotated_022_PNG_jpg.rf.73c81df2396495da81d0359e1067e2bc.jpg,587,587,1.0,587x587
r6k_train_blight_rotated_022_PNG_jpg.rf.a82d8be5e8f8a5d748bc97ce7be73638.jpg,587,587,1.0,587x587
r6k_train_blight_rotated_022_PNG_jpg.rf.c13f4cfeb43d1330cd9bfcadaa0d9656.jpg,587,587,1.0,587x587
r6k_train_blight_rotated_023_jpg.rf.05dd5e2cf220fce0ffe752cf0ba9059a.jpg,587,587,1.0,587x587
r6k_train_blight_rotated_023_jpg.rf.16f5652e492b9ac573680f1e87dcdbc3.jpg,587,587,1.0,587x587
r6k_train_blight_rotated_023_jpg.rf.3ec0e0e5c28968c2cf68fcb0c7122474.jpg,587,587,1.0,587x587
r6k_train_blight_rotated_023_jpg.rf.6b335f6f1093a9fbc915d056fbdb1806.jpg,587,587,1.0,587x587
r6k_train_blight_rotated_023_jpg.rf.af9924c512dac56dcd8e204e81b3ea43.jpg,587,587,1.0,587x587
r6k_train_blight_rotated_023_jpg.rf.b8dd880dc6c761a29c8d2b68c86824f8.jpg,587,587,1.0,587x587
r6k_train_blight_rotated_023_jpg.rf.b9245c6c50d8eba2f83e7066e6dc8769.jpg,587,587,1.0,587x587
r6k_train_blight_rotated_023_jpg.rf.db91b4c8d253e3f55d4cc6b565d3b947.jpg,587,587,1.0,587x587
r6k_train_blight_rotated_024_PNG_jpg.rf.077abc7aad181d0a81bfb6a4fd98e4fc.jpg,587,587,1.0,587x587
r6k_train_blight_rotated_024_PNG_jpg.rf.4cb504ffc4984565761321866d86cbbd.jpg,587,587,1.0,587x587
r6k_train_blight_rotated_024_PNG_jpg.rf.5991fc635ccd3467e5206802facaac61.jpg,587,587,1.0,587x587
r6k_train_blight_rotated_024_PNG_jpg.rf.6593b76df00a555bf4d1b83e47b88bee.jpg,587,587,1.0,587x587
r6k_train_blight_rotated_024_PNG_jpg.rf.a1cb970e5bd61ec37758f1be3ced894f.jpg,587,587,1.0,587x587
r6k_train_blight_rotated_024_PNG_jpg.rf.af8eee502a52c59b8418d965df6eb0f4.jpg,587,587,1.0,587x587
r6k_train_blight_rotated_024_PNG_jpg.rf.b630f57dc60bf435b577ed1d1c883a81.jpg,587,587,1.0,587x587
r6k_train_blight_rotated_024_PNG_jpg.rf.bf23869a0a40ea79535f16b0059d9c55.jpg,587,587,1.0,587x587
r6k_train_blight_rotated_024_PNG_jpg.rf.c72eb7022fcd004972fbfea46b233d5d.jpg,587,587,1.0,587x587
r6k_train_blight_rotated_024_PNG_jpg.rf.d787a9e996abf026681a7569e1f692ab.jpg,587,587,1.0,587x587
r6k_train_blight_rotated_025_jpg.rf.06f8cdcfb7a26d84d3ebaec0b528d4a1.jpg,587,587,1.0,587x587
r6k_train_blight_rotated_025_jpg.rf.0abb02195abf740ae86645cd3251a59a.jpg,587,587,1.0,587x587
r6k_train_blight_rotated_025_jpg.rf.0b7d22024e7daafc99197dcb2c714845.jpg,587,587,1.0,587x587
r6k_train_blight_rotated_025_jpg.rf.4e4e3dbb798e45c474067ad0cd720be3.jpg,587,587,1.0,587x587
r6k_train_blight_rotated_025_jpg.rf.8754eba9666c51ce92aaf9242fc0f19f.jpg,587,587,1.0,587x587
r6k_train_blight_rotated_025_jpg.rf.dc8b547d600648fa33cb03d68a3a6206.jpg,587,587,1.0,587x587
r6k_train_blight_rotated_025_jpg.rf.df9235ebbbc3ae61887298e52e6523eb.jpg,587,587,1.0,587x587
r6k_train_blight_rotated_029_jpg.rf.0be07d704ee1263cadb427ba0eed7413.jpg,587,587,1.0,587x587
r6k_train_blight_rotated_029_jpg.rf.7aaafc183b8caa8ae52d402c88f3286e.jpg,587,587,1.0,587x587
r6k_train_blight_rotated_029_jpg.rf.830cfa2272950b86356d1b9366b9fa99.jpg,587,587,1.0,587x587
r6k_train_blight_rotated_029_jpg.rf.9de7a34c60d67fadd028537d082cb3a2.jpg,587,587,1.0,587x587
r6k_train_blight_rotated_029_jpg.rf.a121cbf0cbfc8542ab2f3d683c623945.jpg,587,587,1.0,587x587
r6k_train_blight_rotated_029_jpg.rf.de5832730bfe92d80eeae4c7555cb443.jpg,587,587,1.0,587x587
r6k_train_blight_rotated_031_jpg.rf.0c121e31eed576d74c97cc3b13a83a38.jpg,587,587,1.0,587x587
r6k_train_blight_rotated_031_jpg.rf.9acce5bf7d5cc81b807817d87361a785.jpg,587,587,1.0,587x587
r6k_train_blight_rotated_031_jpg.rf.9d74173274d5e9e92e27ed018993a4a3.jpg,587,587,1.0,587x587
r6k_train_blight_rotated_031_jpg.rf.b3a96db1ad12d1f0ed322806423f7ad5.jpg,587,587,1.0,587x587
r6k_train_blight_rotated_031_jpg.rf.b6cedbac3189b54efeb8d49e3751af72.jpg,587,587,1.0,587x587
r6k_train_blight_rotated_031_jpg.rf.d402a47affc9caa3ad1ae2e4e4bee45d.jpg,587,587,1.0,587x587
r6k_train_blight_rotated_032_jpg.rf.18998ff84cba2a5e1614a63bc86f62c4.jpg,587,587,1.0,587x587
r6k_train_blight_rotated_032_jpg.rf.1e1f05740b5192c485c292441f795a29.jpg,587,587,1.0,587x587
r6k_train_blight_rotated_032_jpg.rf.68a6ae15e707c8a67a65fe38d6f09418.jpg,587,587,1.0,587x587
r6k_train_blight_rotated_032_jpg.rf.9d7b050cd5527ef8da54808c5834243d.jpg,587,587,1.0,587x587
r6k_train_blight_rotated_032_jpg.rf.a3338f9bcc6709ceda1829e8dbbd0574.jpg,587,587,1.0,587x587
r6k_train_blight_rotated_032_jpg.rf.bf1676774acfa14f0dd4343ab1d0e792.jpg,587,587,1.0,587x587
r6k_train_blight_rotated_032_jpg.rf.cab355fc736e41d85e1bac22e9af17fe.jpg,587,587,1.0,587x587
r6k_train_blight_rotated_032_jpg.rf.e4773eb34aa2499a6e8ff6ef37e4bfc6.jpg,587,587,1.0,587x587
r6k_train_blight_rotated_033_jpg.rf.1393b573d2602c44913e2d56bce894c7.jpg,587,587,1.0,587x587
r6k_train_blight_rotated_033_jpg.rf.296e6b0fc6db901202d8aa67cf659085.jpg,587,587,1.0,587x587
r6k_train_blight_rotated_033_jpg.rf.29cda1bfce8d2547f5d7eed58d614385.jpg,587,587,1.0,587x587
r6k_train_blight_rotated_033_jpg.rf.3b4eb9632087ac214d9717f1baf20c2a.jpg,587,587,1.0,587x587
r6k_train_blight_rotated_033_jpg.rf.7179166c9e1f49c1d4d4b164a4c6853c.jpg,587,587,1.0,587x587
r6k_train_blight_rotated_033_jpg.rf.a0759b40fc770b4ccf54895fdd0e6b23.jpg,587,587,1.0,587x587
r6k_train_blight_rotated_033_jpg.rf.b17ba290aac439896a9cac5437fb94fc.jpg,587,587,1.0,587x587
r6k_train_blight_rotated_033_jpg.rf.cd7d9737ed279caad6626c1447e04abb.jpg,587,587,1.0,587x587
r6k_train_blight_rotated_035_JPG_jpg.rf.853394a1a6051191a045e21fc3a93770.jpg,587,587,1.0,587x587
r6k_train_blight_rotated_035_JPG_jpg.rf.8e1a9ab4578d2323d5b0084f6f0e3653.jpg,587,587,1.0,587x587
r6k_train_blight_rotated_035_JPG_jpg.rf.9781c68e932b45ab205cf6f15d4e0efe.jpg,587,587,1.0,587x587
r6k_train_blight_rotated_035_JPG_jpg.rf.b15e8d818d4fe3ad43fa48b9b3250a8d.jpg,587,587,1.0,587x587
r6k_train_blight_rotated_035_JPG_jpg.rf.fefe12d264a0263a869377c9107ffb2a.jpg,587,587,1.0,587x587
r6k_train_blight_rotated_036_JPG_jpg.rf.12fad672f34ae32b5fd36038ea9e61ab.jpg,587,587,1.0,587x587
r6k_train_blight_rotated_037_JPG_jpg.rf.1dd5848fdba772024d5bb90261dc6cc0.jpg,587,587,1.0,587x587
r6k_train_blight_rotated_037_JPG_jpg.rf.3c4afb17ddbe3be9aca69adb60d07c42.jpg,587,587,1.0,587x587
r6k_train_blight_rotated_037_JPG_jpg.rf.b9b922ba84c0c5327d836c0b44263e9b.jpg,587,587,1.0,587x587
r6k_train_blight_rotated_037_JPG_jpg.rf.e998a645eff585491989fd01f11f782b.jpg,587,587,1.0,587x587
r6k_train_blight_rotated_038_JPG_jpg.rf.084ba2fc3952733212c8f83670df3f9b.jpg,587,587,1.0,587x587
r6k_train_blight_rotated_038_JPG_jpg.rf.0a7eecb13ec747a98fb68e745e9d9305.jpg,587,587,1.0,587x587
r6k_train_blight_rotated_038_JPG_jpg.rf.3d6b7e9b5b8f10c867561f63a480f211.jpg,587,587,1.0,587x587
r6k_train_blight_rotated_038_JPG_jpg.rf.3f9f7438bccfe5b12cd45f9da4256d90.jpg,587,587,1.0,587x587
r6k_train_blight_rotated_038_JPG_jpg.rf.910c5b78adee3f6b183ef23bd0a68749.jpg,587,587,1.0,587x587
r6k_train_blight_rotated_038_JPG_jpg.rf.cab70550e51f872ce574a0aa63ddaa4c.jpg,587,587,1.0,587x587
r6k_train_blight_rotated_039_jpg.rf.17277f340d4473961b5e5b849ae59590.jpg,587,587,1.0,587x587
r6k_train_blight_rotated_039_jpg.rf.275e29d62c8da23006a3a029f4026d22.jpg,587,587,1.0,587x587
r6k_train_blight_rotated_039_jpg.rf.446acbfcb7e251fcde88440f36e4aca0.jpg,587,587,1.0,587x587
r6k_train_blight_rotated_039_jpg.rf.4cc94724acfa2f99cefcce40d113a2ba.jpg,587,587,1.0,587x587
r6k_train_blight_rotated_039_jpg.rf.58257eee49b468363eb77398e98bcca0.jpg,587,587,1.0,587x587
r6k_train_blight_rotated_039_jpg.rf.656023ff51912d915a79aee52884b6eb.jpg,587,587,1.0,587x587
r6k_train_blight_rotated_039_jpg.rf.75d36b2c4496dc681d788dc1307f4f73.jpg,587,587,1.0,587x587
r6k_train_blight_rotated_044_jpg.rf.3f480456353ff41c568f25d872e10429.jpg,587,587,1.0,587x587
r6k_train_blight_rotated_044_jpg.rf.49e2f7e8b6e6dd0120d8e2c67c803840.jpg,587,587,1.0,587x587
r6k_train_blight_rotated_044_jpg.rf.512c766b0695f7b9a32bd79520c26e2b.jpg,587,587,1.0,587x587
r6k_train_blight_rotated_044_jpg.rf.7b3285565db58825c301a494ba296097.jpg,587,587,1.0,587x587
r6k_train_blight_rotated_044_jpg.rf.85629cd212450b23264a744b20009faf.jpg,587,587,1.0,587x587
r6k_train_blight_rotated_044_jpg.rf.ba31747e41b7244bdc073704095087ff.jpg,587,587,1.0,587x587
r6k_train_blight_rotated_044_jpg.rf.ba451a215782bbd1a976624e200a8851.jpg,587,587,1.0,587x587
r6k_train_blight_rotated_044_jpg.rf.df11632f5ec2524604b8c8f7d5eddd2f.jpg,587,587,1.0,587x587
r6k_train_blight_rotated_045_jpg.rf.61c4ea82a566ede84dcdb8ce3c747a45.jpg,587,587,1.0,587x587
r6k_train_blight_rotated_045_jpg.rf.672f8089d6f7115ff4f7b2ddef76e399.jpg,587,587,1.0,587x587
r6k_train_blight_rotated_045_jpg.rf.81fed9ac9e5d2accae8209a2f2e3754d.jpg,587,587,1.0,587x587
r6k_train_blight_rotated_045_jpg.rf.a1afa39826b71a72b9106cb8d3252dd2.jpg,587,587,1.0,587x587
r6k_train_blight_rotated_046_jpg.rf.166c30e7bb9ac53ebb6e0843392bdd85.jpg,587,587,1.0,587x587
r6k_train_blight_rotated_047_jpg.rf.4605192aa7672c39475f7d679b10b5c8.jpg,587,587,1.0,587x587
r6k_train_blight_rotated_047_jpg.rf.7e67c0ae9cfc3e7ccd9f14276124316a.jpg,587,587,1.0,587x587
r6k_train_blight_rotated_047_jpg.rf.967d65e0490f11309ffb2692c9d3a35f.jpg,587,587,1.0,587x587
r6k_train_blight_rotated_047_jpg.rf.9955786dfa03fe2753f6f70704cd47c1.jpg,587,587,1.0,587x587
r6k_train_blight_rotated_047_jpg.rf.a959037759630a9e43b6e52971a244eb.jpg,587,587,1.0,587x587
r6k_train_blight_rotated_047_jpg.rf.f002715a18c7d9d221f3a9ac1a764ece.jpg,587,587,1.0,587x587
r6k_train_blight_rotated_048_jpg.rf.a68cc15662c5b64c4a1a15f883a02c98.jpg,587,587,1.0,587x587
r6k_train_blight_rotated_048_jpg.rf.f557ab5eac107b528dffb58fb431a521.jpg,587,587,1.0,587x587
r6k_train_blight_rotated_049_jpg.rf.15ada45eb8dd429fd5ffb22fc4c487c1.jpg,587,587,1.0,587x587
r6k_train_blight_rotated_049_jpg.rf.36ba60b365aa012d9aac40f546a2e44a.jpg,587,587,1.0,587x587
r6k_train_blight_rotated_049_jpg.rf.8b770d5195570b6956bc68563f23238d.jpg,587,587,1.0,587x587
r6k_train_blight_rotated_049_jpg.rf.a06390a00397a87c8d114277c1f51f4e.jpg,587,587,1.0,587x587
r6k_train_blight_rotated_050_jpg.rf.59eef2bc7b7a79fd80b5aff1dad06d99.jpg,587,587,1.0,587x587
r6k_train_blight_rotated_050_jpg.rf.72a12dc1080e191b9ba399b7ab289282.jpg,587,587,1.0,587x587
r6k_train_blight_rotated_050_jpg.rf.7637f1fa7b86ca16062e7e474bf2a7ac.jpg,587,587,1.0,587x587
r6k_train_blight_rotated_050_jpg.rf.99e93abb0de9559c6b2ce3d919e1f2a3.jpg,587,587,1.0,587x587
r6k_train_blight_rotated_050_jpg.rf.c8deb3cbfa2903ee789ef57d40856a56.jpg,587,587,1.0,587x587
r6k_train_blight_rotated_051_jpg.rf.58546e394f04a3d2216c47cef3d76fb4.jpg,587,587,1.0,587x587
r6k_train_blight_rotated_053_jpg.rf.3a04595ef767a9b2418b9cfc4cd1b832.jpg,587,587,1.0,587x587
r6k_train_blight_rotated_053_jpg.rf.3d84bd842148b6f6a70eadacffcbcdf8.jpg,587,587,1.0,587x587
r6k_train_blight_rotated_053_jpg.rf.6faa5950c6e04a9a4823a9e3c56942ea.jpg,587,587,1.0,587x587
r6k_train_blight_rotated_053_jpg.rf.8f74d0c674128832a8dac89729869505.jpg,587,587,1.0,587x587
r6k_train_blight_rotated_057_jpg.rf.5decc0269e2d331299c9df09dc847e03.jpg,587,587,1.0,587x587
r6k_train_blight_rotated_057_jpg.rf.7f686765ee526bdacbf0bc5043ac480e.jpg,587,587,1.0,587x587
r6k_train_blight_rotated_057_jpg.rf.b357be480bf7966047f42a8f8fd9f57f.jpg,587,587,1.0,587x587
r6k_train_blight_rotated_057_jpg.rf.ba10fa2d5a70cb3e956fae27b97a4353.jpg,587,587,1.0,587x587
r6k_train_blight_rotated_058_jpg.rf.425d6f6a7fdfa5d1b74aa35dc3d3819e.jpg,587,587,1.0,587x587
r6k_train_blight_rotated_058_jpg.rf.6ab4a04d56958dbbfc4d631658834ea6.jpg,587,587,1.0,587x587
r6k_train_blight_rotated_058_jpg.rf.9abbeb081075a9df90f9f53b701079b5.jpg,587,587,1.0,587x587
r6k_train_blight_rotated_058_jpg.rf.ddca276780d0ec508b7533dfb7cafcbd.jpg,587,587,1.0,587x587
r6k_train_blight_rotated_058_jpg.rf.e7e8b50b37168b13b05941288a133adc.jpg,587,587,1.0,587x587
r6k_train_blight_rotated_058_jpg.rf.e94cc716ac7951bbe497642903dfe5e4.jpg,587,587,1.0,587x587
r6k_train_blight_rotated_059_jpg.rf.033c735c04216ab1d32eb35c84c9fb01.jpg,587,587,1.0,587x587
r6k_train_blight_rotated_059_jpg.rf.a2f128ab846304936cd8cdbda315da75.jpg,587,587,1.0,587x587
r6k_train_blight_rotated_059_jpg.rf.a39f9bcd7cc10b20dcd594fe28960613.jpg,587,587,1.0,587x587
r6k_train_blight_rotated_059_jpg.rf.e790032ec9a8e7b47d242d772bb9576d.jpg,587,587,1.0,587x587
r6k_train_blight_rotated_059_jpg.rf.f4547daf1ccad1178af57506ed8eeb43.jpg,587,587,1.0,587x587
r6k_train_blight_rotated_060_JPG_jpg.rf.2b6305cb59c0e33f7d034edc41266782.jpg,587,587,1.0,587x587
r6k_train_blight_rotated_060_JPG_jpg.rf.54077ea74ef0c0ffc304d93ce998141d.jpg,587,587,1.0,587x587
r6k_train_blight_rotated_060_JPG_jpg.rf.795e960249baba4f2e2e2aba8b2a5ca2.jpg,587,587,1.0,587x587
r6k_train_blight_rotated_060_JPG_jpg.rf.df7a91bbf83552b66f40680a12dab0f5.jpg,587,587,1.0,587x587
r6k_train_blight_rotated_060_JPG_jpg.rf.e3dfe184f65172c28b7c277ea96e3131.jpg,587,587,1.0,587x587
r6k_train_blight_rotated_061_JPG_jpg.rf.3d292fa26de0264204a0d730ccda19cf.jpg,587,587,1.0,587x587
r6k_train_blight_rotated_061_JPG_jpg.rf.8eab3eae17d1975a6c652e8f56298eef.jpg,587,587,1.0,587x587
r6k_train_blight_rotated_061_JPG_jpg.rf.eccf30a461532c11f8dee22a3f6621c8.jpg,587,587,1.0,587x587
r6k_train_blight_rotated_061_JPG_jpg.rf.f1e635217e432007fc9ea9df9a0f2184.jpg,587,587,1.0,587x587
r6k_train_blight_rotated_062_JPG_jpg.rf.602ef4fd3806f789e87e92d8d2a65ef1.jpg,587,587,1.0,587x587
r6k_train_blight_rotated_062_JPG_jpg.rf.6991d0a8a53489af360e045bd80b3ceb.jpg,587,587,1.0,587x587
r6k_train_blight_rotated_062_JPG_jpg.rf.6faac61780f36ff224aeeaec3eed03d0.jpg,587,587,1.0,587x587
r6k_train_blight_rotated_062_JPG_jpg.rf.ac985298074defe997697a7edec4502d.jpg,587,587,1.0,587x587
r6k_train_blight_rotated_062_JPG_jpg.rf.c671f66e41646a6fb3a65414644577f5.jpg,587,587,1.0,587x587
r6k_train_blight_rotated_062_JPG_jpg.rf.c8d5354ee2968d29734bf0a06fca34ba.jpg,587,587,1.0,587x587
r6k_train_blight_rotated_062_JPG_jpg.rf.e5784b560e8f0f1056943970825bd6b0.jpg,587,587,1.0,587x587
r6k_train_blight_rotated_063_JPG_jpg.rf.c6b7c9d86c4836f4e50506c1e821ad83.jpg,587,587,1.0,587x587
r6k_train_blight_rotated_065_JPG_jpg.rf.1468956629144fa6c333a0afd4f176f2.jpg,587,587,1.0,587x587
r6k_train_blight_rotated_065_JPG_jpg.rf.82c4c60b3bf6f7da0734d7096442da4a.jpg,587,587,1.0,587x587
r6k_train_blight_rotated_065_JPG_jpg.rf.c268c282c3a81b25abcae974d28c4f77.jpg,587,587,1.0,587x587
r6k_train_blight_rotated_065_JPG_jpg.rf.ce9ca879695074dadc59ac41a1515578.jpg,587,587,1.0,587x587
r6k_train_blight_rotated_065_JPG_jpg.rf.d28e4f96ecdb11fd0dd881cfe725610d.jpg,587,587,1.0,587x587
r6k_train_blight_rotated_065_JPG_jpg.rf.ebb27cac876e28e0737ab4923295b6e2.jpg,587,587,1.0,587x587
r6k_train_blight_rotated_066_JPG_jpg.rf.127b51206dd4f4ad9ee6bd2704bf1221.jpg,587,587,1.0,587x587
r6k_train_blight_rotated_066_JPG_jpg.rf.36dfb2cd3a9fb9747fc1098baf7317f4.jpg,587,587,1.0,587x587
r6k_train_blight_rotated_067_JPG_jpg.rf.0fbf5ab5428db3beb0bd5c5ceda329be.jpg,587,587,1.0,587x587
r6k_train_blight_rotated_067_JPG_jpg.rf.24e10fc8780923b537725f69726fa7b5.jpg,587,587,1.0,587x587
r6k_train_blight_rotated_067_JPG_jpg.rf.69f9554072af25ff509d1cda17925ed7.jpg,587,587,1.0,587x587
r6k_train_blight_rotated_067_JPG_jpg.rf.ad2fbd7625c939b0d639f4a9842f6df8.jpg,587,587,1.0,587x587
r6k_train_blight_rotated_071_JPG_jpg.rf.308a838cfc14a62be3761e09570f7ef3.jpg,587,587,1.0,587x587
r6k_train_blight_rotated_071_JPG_jpg.rf.79dde82bd5d9ae6a393b9d114bd1fda7.jpg,587,587,1.0,587x587
r6k_train_blight_rotated_071_JPG_jpg.rf.83a28bed43a06528e978994d273083ea.jpg,587,587,1.0,587x587
r6k_train_blight_rotated_071_JPG_jpg.rf.8d4a73a4bd1e13f5b270288e97d650f1.jpg,587,587,1.0,587x587
r6k_train_blight_rotated_071_JPG_jpg.rf.bdfb56f6656e0e226b07dd1cda204943.jpg,587,587,1.0,587x587
r6k_train_blight_rotated_071_JPG_jpg.rf.d86bff4b24bc7315dc6df7d8c2ed8e09.jpg,587,587,1.0,587x587
r6k_train_blight_rotated_071_JPG_jpg.rf.f4034d36d72e3a70aa41d14067dca0f1.jpg,587,587,1.0,587x587
r6k_train_blight_rotated_072_JPG_jpg.rf.94c8017a65c16b79201a417e0a53961f.jpg,587,587,1.0,587x587
r6k_train_blight_rotated_073_JPG_jpg.rf.393bef898188a80027af129da281a61d.jpg,587,587,1.0,587x587
r6k_train_blight_rotated_073_JPG_jpg.rf.eeef68c271aee96992d8ec48a5f7c493.jpg,587,587,1.0,587x587
r6k_train_blight_rotated_074_JPG_jpg.rf.06099095decde510d9aa20806125b232.jpg,587,587,1.0,587x587
r6k_train_blight_rotated_074_JPG_jpg.rf.3743b14428e27e04aae3dc2001b4668a.jpg,587,587,1.0,587x587
r6k_train_blight_rotated_074_JPG_jpg.rf.37a566d8c212971b0db8f7a2f38a9da2.jpg,587,587,1.0,587x587
r6k_train_blight_rotated_074_JPG_jpg.rf.5960823e31ae07ef3b4d228375cf35b6.jpg,587,587,1.0,587x587
r6k_train_blight_rotated_074_JPG_jpg.rf.e712a6a7160f070b92c01187840aa3cb.jpg,587,587,1.0,587x587
r6k_train_blight_rotated_074_JPG_jpg.rf.f3d0c5ed22d32f47cb241f79228d0820.jpg,587,587,1.0,587x587
r6k_train_blight_rotated_075_JPG_jpg.rf.fe8e22ba8abb9b83509d5d827c6a33d0.jpg,587,587,1.0,587x587
r6k_train_blight_rotated_076_jpg.rf.176b9430c9b3aa1459e09637b79eb1cf.jpg,587,587,1.0,587x587
r6k_train_blight_rotated_076_jpg.rf.232c62064609902c0e19356091cd4579.jpg,587,587,1.0,587x587
r6k_train_blight_rotated_076_jpg.rf.9141aceb7a96f776a85f867b0fae2ae4.jpg,587,587,1.0,587x587
r6k_train_blight_rotated_076_jpg.rf.9e2c28033f8db443ecbc66edd61ef12f.jpg,587,587,1.0,587x587
r6k_train_blight_rotated_076_jpg.rf.b9e477bc988c239d3d4d00a59311eeee.jpg,587,587,1.0,587x587
r6k_train_blight_rotated_076_jpg.rf.cc27803595086b7f4e1472b811b91a8b.jpg,587,587,1.0,587x587
r6k_train_blight_rotated_077_jpg.rf.44771a9420f8155c6d78281fe54f39ad.jpg,587,587,1.0,587x587
r6k_train_blight_rotated_077_jpg.rf.84c81a491d18355383e9269bf7dcf630.jpg,587,587,1.0,587x587
r6k_train_blight_rotated_077_jpg.rf.8cbecf017ce3523aaeeb7f4e56376b14.jpg,587,587,1.0,587x587
r6k_train_blight_rotated_077_jpg.rf.afb38b114eddb3cbadd8b4feaca39bf4.jpg,587,587,1.0,587x587
r6k_train_blight_rotated_077_jpg.rf.da1d2811f57b6c3238e9edea86d5f897.jpg,587,587,1.0,587x587
r6k_train_blight_rotated_079_jpg.rf.0459f5e40fa0ae3b5321301ce483aa93.jpg,587,587,1.0,587x587
r6k_train_blight_rotated_079_jpg.rf.0b1ecdfd295d5235030fc1fd26e50dcd.jpg,587,587,1.0,587x587
r6k_train_blight_rotated_079_jpg.rf.1a81cffbeb3f99985b93c8c7b11b3256.jpg,587,587,1.0,587x587
r6k_train_blight_rotated_079_jpg.rf.669c82d52905c2fe0c442978f18b2e0c.jpg,587,587,1.0,587x587
r6k_train_blight_rotated_079_jpg.rf.6c96dafb6946780b24a4852a9fc24d2f.jpg,587,587,1.0,587x587
r6k_train_blight_rotated_079_jpg.rf.908ffff257f243539f86919c31612cca.jpg,587,587,1.0,587x587
r6k_train_blight_rotated_080_jpg.rf.254cfb6758754823b6fd55400c12a083.jpg,587,587,1.0,587x587
r6k_train_blight_rotated_080_jpg.rf.2f188f4d9f73de52fc60ac8c391f2da8.jpg,587,587,1.0,587x587
r6k_train_blight_rotated_080_jpg.rf.797a3aec5b6026b205acd8ebdd8ff98c.jpg,587,587,1.0,587x587
r6k_train_blight_rotated_080_jpg.rf.8040b6424babf158af5c3eb8f1d314c7.jpg,587,587,1.0,587x587
r6k_train_blight_rotated_080_jpg.rf.a40aa429b7979d23db1cdde2ecf6a855.jpg,587,587,1.0,587x587
r6k_train_blight_rotated_080_jpg.rf.d7d27e39cac24a83ebe280e96a554f4a.jpg,587,587,1.0,587x587
r6k_train_blight_rotated_080_jpg.rf.ebf6a038f5bb73289e023c9d31ebf8d6.jpg,587,587,1.0,587x587
r6k_train_blight_rotated_089_jpg.rf.0c3bb8a808f4f1e382047e94ea0f9f09.jpg,587,587,1.0,587x587
r6k_train_blight_rotated_089_jpg.rf.5481f8ddac0e93db3e2f094421d57f6f.jpg,587,587,1.0,587x587
r6k_train_blight_rotated_089_jpg.rf.5dbb93eb90cd9ca68904144befd7cdf9.jpg,587,587,1.0,587x587
r6k_train_blight_rotated_089_jpg.rf.60e064745b5cc29453d74725c48bd36e.jpg,587,587,1.0,587x587
r6k_train_blight_rotated_089_jpg.rf.6e75588da6955a27c1ddd55a49884a5f.jpg,587,587,1.0,587x587
r6k_train_blight_rotated_089_jpg.rf.db13eb8d59009bf6d0863ee96bacda9e.jpg,587,587,1.0,587x587
r6k_train_blight_rotated_089_jpg.rf.e0ca757dcb8a882256cacae33f9a0f81.jpg,587,587,1.0,587x587
r6k_train_blight_rotated_091_jpg.rf.0c8e80e267bf1e30ae3ae02de44aa799.jpg,587,587,1.0,587x587
r6k_train_blight_rotated_091_jpg.rf.3110e356fee981f231eeb9c140cc2a38.jpg,587,587,1.0,587x587
r6k_train_blight_rotated_091_jpg.rf.9115114af8982e759bc8aa3460713bee.jpg,587,587,1.0,587x587
r6k_train_blight_rotated_091_jpg.rf.928a1bbc3f15d78717ca816777dfd588.jpg,587,587,1.0,587x587
r6k_train_blight_rotated_091_jpg.rf.a3e9b13857fac8ccec45ee0f04f0f7ff.jpg,587,587,1.0,587x587
r6k_train_blight_rotated_091_jpg.rf.f166b983ccdabb2a83e7cce0504612d6.jpg,587,587,1.0,587x587
r6k_train_blight_rotated_092_jpg.rf.2d38083ac8a9b9831f098de08a6aca47.jpg,587,587,1.0,587x587
r6k_train_blight_rotated_092_jpg.rf.34d384e17f02688d7240b090bef146d2.jpg,587,587,1.0,587x587
r6k_train_blight_rotated_092_jpg.rf.3a15339767a6fd6fd064101ebf625c4b.jpg,587,587,1.0,587x587
r6k_train_blight_rotated_092_jpg.rf.5a5b27aabf19d82c6a8940c86b0e8f09.jpg,587,587,1.0,587x587
r6k_train_blight_rotated_092_jpg.rf.b8f1d0b65b11c8d894a46f502ad40036.jpg,587,587,1.0,587x587
r6k_train_blight_rotated_092_jpg.rf.bef414190e2bea61c7149cfc96759893.jpg,587,587,1.0,587x587
r6k_train_blight_rotated_092_jpg.rf.e310a351d337cf114bccff618dbfcf7b.jpg,587,587,1.0,587x587
r6k_train_blight_rotated_092_jpg.rf.e5e47aa308855e8dd2a6b5fd43b1df29.jpg,587,587,1.0,587x587
r6k_train_blight_rotated_092_jpg.rf.f3dda6cbbdd5c096a6badfc9984e16a7.jpg,587,587,1.0,587x587
r6k_train_blight_rotated_092_jpg.rf.fe7c398d1d88832f9b0ea95e41518fbb.jpg,587,587,1.0,587x587
r6k_train_blight_rotated_093_jpg.rf.2e8bb3d9ceb16214c1e4bd5bc8787d79.jpg,587,587,1.0,587x587
r6k_train_blight_rotated_093_jpg.rf.3c5f19264d1b2a3dcc6a2814dbad35c8.jpg,587,587,1.0,587x587
r6k_train_blight_rotated_093_jpg.rf.427d09ef3e7bffa88e467d56b21501aa.jpg,587,587,1.0,587x587
r6k_train_blight_rotated_093_jpg.rf.8d862f0ceacc9b55f4363cafc5c540c5.jpg,587,587,1.0,587x587
r6k_train_blight_rotated_093_jpg.rf.bb00bddaac10817efa2a9981c230ff28.jpg,587,587,1.0,587x587
r6k_train_blight_rotated_093_jpg.rf.bea4dab558350d69e6c13537b9ac35b4.jpg,587,587,1.0,587x587
r6k_train_blight_rotated_093_jpg.rf.ffd02de7df4be82f490a77fe633ca1d1.jpg,587,587,1.0,587x587
r6k_train_blight_rotated_095_jpg.rf.0a63dcb4da806d7ba5a83e5f4f5b4d27.jpg,587,587,1.0,587x587
r6k_train_blight_rotated_095_jpg.rf.2686c6d74148abb840a4188ca8f8a2a6.jpg,587,587,1.0,587x587
r6k_train_blight_rotated_095_jpg.rf.288a0e06cfbba9d24820fa217289cb70.jpg,587,587,1.0,587x587
r6k_train_blight_rotated_095_jpg.rf.303502659e578e56705c0f1d8f6b4f3d.jpg,587,587,1.0,587x587
r6k_train_blight_rotated_095_jpg.rf.4dec9e51d169386a89b31724ba1d959c.jpg,587,587,1.0,587x587
r6k_train_blight_rotated_095_jpg.rf.b72faec481ea156f856bf148e925bd46.jpg,587,587,1.0,587x587
r6k_train_blight_rotated_095_jpg.rf.c0a219bd34713ca92644d7fd4abaa44b.jpg,587,587,1.0,587x587
r6k_train_brownspot_orig_003_jpg.rf.19dc6c2f71e631d8b7c71b49cd841104.jpg,587,587,1.0,587x587
r6k_train_brownspot_orig_003_jpg.rf.3a138a58b08c385b591596168e3a8610.jpg,587,587,1.0,587x587
r6k_train_brownspot_orig_003_jpg.rf.5542a8dd67558a9df278deec8fcc0c51.jpg,587,587,1.0,587x587
r6k_train_brownspot_orig_003_jpg.rf.71557a29f2ec49bdb11a27490d7969aa.jpg,587,587,1.0,587x587
r6k_train_brownspot_orig_003_jpg.rf.876151a5b7082f10842110f9b6a54de3.jpg,587,587,1.0,587x587
r6k_train_brownspot_orig_003_jpg.rf.af54bf23a20f7ccb554783a96063669f.jpg,587,587,1.0,587x587
r6k_train_brownspot_orig_003_jpg.rf.c57869fd4b7500ae9d5b7fa78917d4ff.jpg,587,587,1.0,587x587
r6k_train_brownspot_orig_003_jpg.rf.deca1f4bb97f2235b6d62f2ee357a707.jpg,587,587,1.0,587x587
r6k_train_brownspot_orig_003_jpg.rf.fd0399c64c9ce083c254b785f96fbcb4.jpg,587,587,1.0,587x587
r6k_train_brownspot_orig_004_png_jpg.rf.266ea7468936fe84e5481b39a2c3897d.jpg,587,587,1.0,587x587
r6k_train_brownspot_orig_004_png_jpg.rf.2da283191b8edf62c1f8e8d4c58f9f08.jpg,587,587,1.0,587x587
r6k_train_brownspot_orig_004_png_jpg.rf.3504cbcedf7936cf8cf8b1798d92d2fa.jpg,587,587,1.0,587x587
r6k_train_brownspot_orig_004_png_jpg.rf.4efc586b61da6e16c68d2ceb513e6f45.jpg,587,587,1.0,587x587
r6k_train_brownspot_orig_004_png_jpg.rf.6b529151a6e9a44eb8bc8d49ae5a9348.jpg,587,587,1.0,587x587
r6k_train_brownspot_orig_004_png_jpg.rf.6cfae0d4165db4f3e54f5b35666b8bfa.jpg,587,587,1.0,587x587
r6k_train_brownspot_orig_004_png_jpg.rf.850074add51f2a30eef438d9a9bd343c.jpg,587,587,1.0,587x587
r6k_train_brownspot_orig_004_png_jpg.rf.9af67f0fe1194fe40411f469371338aa.jpg,587,587,1.0,587x587
r6k_train_brownspot_orig_004_png_jpg.rf.cc178c2cf4ee4ef656137489d661f267.jpg,587,587,1.0,587x587
r6k_train_brownspot_orig_004_png_jpg.rf.cc3b7ac5c5d40d78947c1bcdf77a677b.jpg,587,587,1.0,587x587
r6k_train_brownspot_orig_004_png_jpg.rf.db3333b21a82dbc372d7be9b1beec2fc.jpg,587,587,1.0,587x587
r6k_train_brownspot_orig_004_png_jpg.rf.e53eb9842ffe20bfcd4baa4591e4a95c.jpg,587,587,1.0,587x587
r6k_train_brownspot_orig_007_jpg.rf.aaefc9e1cb5e8e699fefd78671250f21.jpg,587,587,1.0,587x587
r6k_train_brownspot_orig_008_png_jpg.rf.332ed80021fbea795d0ae6408c375f34.jpg,587,587,1.0,587x587
r6k_train_brownspot_orig_008_png_jpg.rf.38fee22addefac384b8d53fd1b44f891.jpg,587,587,1.0,587x587
r6k_train_brownspot_orig_008_png_jpg.rf.5146be2007175ca4319af87ae4b1fedf.jpg,587,587,1.0,587x587
r6k_train_brownspot_orig_008_png_jpg.rf.57e409d8e63e0def203de7ab63b7ebb8.jpg,587,587,1.0,587x587
r6k_train_brownspot_orig_008_png_jpg.rf.a09cfac64b755fefa172e62c96a4c4b1.jpg,587,587,1.0,587x587
r6k_train_brownspot_orig_008_png_jpg.rf.cfc56470689a00415d13595f776edabc.jpg,587,587,1.0,587x587
r6k_train_brownspot_orig_008_png_jpg.rf.e30c1c71e8b7297f1c1139de4758e663.jpg,587,587,1.0,587x587
r6k_train_brownspot_orig_008_png_jpg.rf.f46f61edcaba375a23f32c6f3a8f11ac.jpg,587,587,1.0,587x587
r6k_train_brownspot_orig_009_jpg.rf.37840351b05681bd407df564ffbca141.jpg,587,587,1.0,587x587
r6k_train_brownspot_orig_010_jpg.rf.22eaf924b417d4adde74d6c447b9f432.jpg,587,587,1.0,587x587
r6k_train_brownspot_orig_010_jpg.rf.2b0a1b6d8d57f50ec90ed8315dc9c730.jpg,587,587,1.0,587x587
r6k_train_brownspot_orig_010_jpg.rf.4e4dc2ccabc144dcdb9f4faf72e20085.jpg,587,587,1.0,587x587
r6k_train_brownspot_orig_010_jpg.rf.58bf9bd99ca2811bea6e9338f9f0039f.jpg,587,587,1.0,587x587
r6k_train_brownspot_orig_010_jpg.rf.5dbf4c6cf7c8858bb25bd06fb73df58f.jpg,587,587,1.0,587x587
r6k_train_brownspot_orig_010_jpg.rf.cfffc4f8819c380b43091357d94bc17d.jpg,587,587,1.0,587x587
r6k_train_brownspot_orig_010_jpg.rf.d1b6f4a4982d745cfbacfe72a3fcffa5.jpg,587,587,1.0,587x587
r6k_train_brownspot_orig_010_jpg.rf.d2aff75726626b341c61c88ca272c00e.jpg,587,587,1.0,587x587
r6k_train_brownspot_orig_011_jpg.rf.77f99558ed9e12205b47223cdb8b5fdd.jpg,587,587,1.0,587x587
r6k_train_brownspot_orig_011_jpg.rf.844a77ec5ec37460abb08c9b15e93b56.jpg,587,587,1.0,587x587
r6k_train_brownspot_orig_011_jpg.rf.9dc291d8ac3ebb5474a5f52ec28becb6.jpg,587,587,1.0,587x587
r6k_train_brownspot_orig_011_jpg.rf.d2d7827de3ea69caf1cbec957f54d607.jpg,587,587,1.0,587x587
r6k_train_brownspot_orig_012_jpg.rf.029aae6c53f1059b5327779b3de1e2b1.jpg,587,587,1.0,587x587
r6k_train_brownspot_orig_012_jpg.rf.3b011169b914ffdd299bde01221fb0a4.jpg,587,587,1.0,587x587
r6k_train_brownspot_orig_012_jpg.rf.3dc5f575aee145fa8356a9ed1d09f30f.jpg,587,587,1.0,587x587
r6k_train_brownspot_orig_012_jpg.rf.67ea6f6e98ee6e20ff6461f791507fd3.jpg,587,587,1.0,587x587
r6k_train_brownspot_orig_012_jpg.rf.6c21af69b58281c423570dc3a0895763.jpg,587,587,1.0,587x587
r6k_train_brownspot_orig_012_jpg.rf.771a13a62d55abf59a65041d3b7f8a65.jpg,587,587,1.0,587x587
r6k_train_brownspot_orig_012_jpg.rf.898c8c782861d7d74458e8e49ec8243e.jpg,587,587,1.0,587x587
r6k_train_brownspot_orig_012_jpg.rf.89d9dd7592769ff95c702a35e53204fd.jpg,587,587,1.0,587x587
r6k_train_brownspot_orig_012_jpg.rf.a115ca62bb08659d06e9de20ff933bb2.jpg,587,587,1.0,587x587
r6k_train_brownspot_orig_012_jpg.rf.c3682a34d250542ee272a09bf3ccf2ab.jpg,587,587,1.0,587x587
r6k_train_brownspot_orig_012_jpg.rf.ce842f1306b2503b7e5adde4f430e0e1.jpg,587,587,1.0,587x587
r6k_train_brownspot_orig_012_jpg.rf.fd2bee451870310288469fea23e7eb0f.jpg,587,587,1.0,587x587
r6k_train_brownspot_orig_017_jpg.rf.272ce1156e086a641df23c75529d3c91.jpg,587,587,1.0,587x587
r6k_train_brownspot_orig_017_jpg.rf.4115367a08551e2e0e8ae39b57068076.jpg,587,587,1.0,587x587
r6k_train_brownspot_orig_017_jpg.rf.5caedcddc108f72d19fdd1a97d02ff17.jpg,587,587,1.0,587x587
r6k_train_brownspot_orig_017_jpg.rf.97c0796fd865d9357c4c17bb2eefdb62.jpg,587,587,1.0,587x587
r6k_train_brownspot_orig_017_jpg.rf.ace339f6c9ac4d376cce76762570d61f.jpg,587,587,1.0,587x587
r6k_train_brownspot_orig_017_jpg.rf.c176e948be8818157da54cae485b57aa.jpg,587,587,1.0,587x587
r6k_train_brownspot_orig_017_jpg.rf.c50076186c20ba1df53f6827f5565498.jpg,587,587,1.0,587x587
r6k_train_brownspot_orig_017_jpg.rf.da6b69eced483858779d31eb8ac4dca9.jpg,587,587,1.0,587x587
r6k_train_brownspot_orig_017_jpg.rf.de31b8f6edf7361edc4e346201e1114e.jpg,587,587,1.0,587x587
r6k_train_brownspot_orig_018_jpg.rf.0996ea25c4ca065d7c6e212de41ab5c9.jpg,587,587,1.0,587x587
r6k_train_brownspot_orig_018_jpg.rf.101c05502becb0bbe1ba07d8edf16aba.jpg,587,587,1.0,587x587
r6k_train_brownspot_orig_018_jpg.rf.4613257c4559877712457eeed15622b4.jpg,587,587,1.0,587x587
r6k_train_brownspot_orig_018_jpg.rf.5bbf88ab5da421e5b24e5596e216ef6c.jpg,587,587,1.0,587x587
r6k_train_brownspot_orig_018_jpg.rf.7451a76dc13ab94f82ea400369425ed4.jpg,587,587,1.0,587x587
r6k_train_brownspot_orig_018_jpg.rf.74b323c2e844ea06fbb322ca14a9e186.jpg,587,587,1.0,587x587
r6k_train_brownspot_orig_018_jpg.rf.80f0deff692fc9ab66c2768f98dd0e55.jpg,587,587,1.0,587x587
r6k_train_brownspot_orig_018_jpg.rf.c040d2b9b7cefde8e8b772e41de6fa98.jpg,587,587,1.0,587x587
r6k_train_brownspot_orig_018_jpg.rf.dfd07fc7b8b9c26bdf0c291cf5b4ac3d.jpg,587,587,1.0,587x587
r6k_train_brownspot_orig_019_jpg.rf.942a37a5de3f54965f8efe583eba8532.jpg,587,587,1.0,587x587
r6k_train_brownspot_orig_021_jpg.rf.01ab077c19161b24d6e3d028f1bd54f3.jpg,587,587,1.0,587x587
r6k_train_brownspot_orig_021_jpg.rf.2c2b151ce1f7a5bd794ba28747b93b2b.jpg,587,587,1.0,587x587
r6k_train_brownspot_orig_021_jpg.rf.44aceb63f64212358a7b74ff829bd82e.jpg,587,587,1.0,587x587
r6k_train_brownspot_orig_021_jpg.rf.58c5596a8504c7f5fc0744e433d0e734.jpg,587,587,1.0,587x587
r6k_train_brownspot_orig_021_jpg.rf.6d1e4986eb18e8a954e1dd53e266ecb8.jpg,587,587,1.0,587x587
r6k_train_brownspot_orig_021_jpg.rf.7b91b6f3da2b644f25b42cd92c25ed63.jpg,587,587,1.0,587x587
r6k_train_brownspot_orig_021_jpg.rf.8511ef7f1b411f2c4711e0f3f27f6713.jpg,587,587,1.0,587x587
r6k_train_brownspot_orig_021_jpg.rf.c22b252cde2a089447ef6c8e6a6198c7.jpg,587,587,1.0,587x587
r6k_train_brownspot_orig_021_jpg.rf.d00a60271572670c30efbc22507cc075.jpg,587,587,1.0,587x587
r6k_train_brownspot_orig_021_jpg.rf.de1cc6f8a7840cd9cfed514d85080d76.jpg,587,587,1.0,587x587
r6k_train_brownspot_orig_022_jpg.rf.3982416d98f29b154c5846765c6d5bbf.jpg,587,587,1.0,587x587
r6k_train_brownspot_orig_022_jpg.rf.52f0ec80a8116ab208fb87beec701702.jpg,587,587,1.0,587x587
r6k_train_brownspot_orig_022_jpg.rf.7f51cd14865f2883562cf93764a51547.jpg,587,587,1.0,587x587
r6k_train_brownspot_orig_022_jpg.rf.93a131ba26fa40ee836ad74fe4744644.jpg,587,587,1.0,587x587
r6k_train_brownspot_orig_022_jpg.rf.b74d624ceafa499434f74bf9a9adc263.jpg,587,587,1.0,587x587
r6k_train_brownspot_orig_022_jpg.rf.d5e471dcf69c9d08e41f87d7f4138134.jpg,587,587,1.0,587x587
r6k_train_brownspot_orig_022_jpg.rf.dd55fadabde18d9a14540a37cac5a561.jpg,587,587,1.0,587x587
r6k_train_brownspot_orig_022_jpg.rf.ebc6d986b65f8bd62b1b55d9e4ed0325.jpg,587,587,1.0,587x587
r6k_train_brownspot_orig_023_jpg.rf.04224004bca264151b40cba5e7d2c654.jpg,587,587,1.0,587x587
r6k_train_brownspot_orig_023_jpg.rf.376b553cca66310516565817ff72c3ea.jpg,587,587,1.0,587x587
r6k_train_brownspot_orig_023_jpg.rf.4854e66cf106c46c3741e06749119cda.jpg,587,587,1.0,587x587
r6k_train_brownspot_orig_023_jpg.rf.4bf9b8c763f90ac8202a584f05dbf228.jpg,587,587,1.0,587x587
r6k_train_brownspot_orig_023_jpg.rf.6516f5bddd6f6d6a0aec6060129fde0b.jpg,587,587,1.0,587x587
r6k_train_brownspot_orig_023_jpg.rf.6ab07c1af8b1bdf90f43010eca60c625.jpg,587,587,1.0,587x587
r6k_train_brownspot_orig_023_jpg.rf.a84931031d4db45c2ad5c4ccaa740688.jpg,587,587,1.0,587x587
r6k_train_brownspot_orig_023_jpg.rf.a89b87044cee28da8361aa3499c8f973.jpg,587,587,1.0,587x587
r6k_train_brownspot_orig_023_jpg.rf.d7eda80aead3b62aabbf41574539bff5.jpg,587,587,1.0,587x587
r6k_train_brownspot_orig_023_jpg.rf.dfd95ec9b167c47f87641bca70a1946c.jpg,587,587,1.0,587x587
r6k_train_brownspot_orig_023_jpg.rf.f57a5de88d314d56adf4c0a34dc87b40.jpg,587,587,1.0,587x587
r6k_train_brownspot_orig_023_jpg.rf.fa513707d7f111b11b1d192ea6dde5ec.jpg,587,587,1.0,587x587
r6k_train_brownspot_orig_024_jpg.rf.0d90678df77d35acfd3e54c61c024642.jpg,587,587,1.0,587x587
r6k_train_brownspot_orig_024_jpg.rf.656fed70819448f4a92a6b73e19b2eb1.jpg,587,587,1.0,587x587
r6k_train_brownspot_orig_024_jpg.rf.84a8268181571655731650a2be0bd50f.jpg,587,587,1.0,587x587
r6k_train_brownspot_orig_024_jpg.rf.92a1640356eb5ac6ab1a31932fbb6dd7.jpg,587,587,1.0,587x587
r6k_train_brownspot_orig_024_jpg.rf.c049807a693ab704be6e4404aa718bfc.jpg,587,587,1.0,587x587
r6k_train_brownspot_orig_024_jpg.rf.e223a486982705d1716b47320569e06f.jpg,587,587,1.0,587x587
r6k_train_brownspot_orig_025_jpg.rf.39ff9bc7a59ad29d740a09cc805c6343.jpg,587,587,1.0,587x587
r6k_train_brownspot_orig_025_jpg.rf.717160b928c78abd63a1d20a38a2d0b0.jpg,587,587,1.0,587x587
r6k_train_brownspot_orig_025_jpg.rf.7e0ae90260b53f393c493706b5a90187.jpg,587,587,1.0,587x587
r6k_train_brownspot_orig_025_jpg.rf.8bf3f46541ce04d2e7b271b1c9cf7469.jpg,587,587,1.0,587x587
r6k_train_brownspot_orig_025_jpg.rf.a113fb404908dc66fcc4ba82841989da.jpg,587,587,1.0,587x587
r6k_train_brownspot_orig_025_jpg.rf.bd2c945b0191dac3ef5813e497cd20f0.jpg,587,587,1.0,587x587
r6k_train_brownspot_orig_025_jpg.rf.c2a5ecf8a1478c39fab4f2f4bd60596e.jpg,587,587,1.0,587x587
r6k_train_brownspot_orig_026_jpg.rf.1afceb7292ed2bb390eb2361045c9213.jpg,587,587,1.0,587x587
r6k_train_brownspot_orig_026_jpg.rf.295d3fa9e91bf9ca33b09e890c6a0783.jpg,587,587,1.0,587x587
r6k_train_brownspot_orig_026_jpg.rf.4463cc5d57eff8ec188022d9db6722d9.jpg,587,587,1.0,587x587
r6k_train_brownspot_orig_026_jpg.rf.5aee48e2ddb2e327d41cb285aab12f9e.jpg,587,587,1.0,587x587
r6k_train_brownspot_orig_026_jpg.rf.90005d4cd2bed739ef7f86604ac3ce55.jpg,587,587,1.0,587x587
r6k_train_brownspot_orig_026_jpg.rf.b87a6a898b307157c411cbbfbd0046a6.jpg,587,587,1.0,587x587
r6k_train_brownspot_orig_026_jpg.rf.ba7c212f9f1980e446045c30c7823c67.jpg,587,587,1.0,587x587
r6k_train_brownspot_orig_026_jpg.rf.df68983ae6c00d2e7f473ba483a7d8c5.jpg,587,587,1.0,587x587
r6k_train_brownspot_orig_026_jpg.rf.f2e06c0313fc421cdf9df3e44af11d61.jpg,587,587,1.0,587x587
r6k_train_brownspot_orig_031_jpg.rf.1b60d3acaecf4f190992a67500d3b2b0.jpg,587,587,1.0,587x587
r6k_train_brownspot_orig_031_jpg.rf.30d4e9120197ca65f39c2673c778d488.jpg,587,587,1.0,587x587
r6k_train_brownspot_orig_031_jpg.rf.58c2283f91ae0f78224a7f1bd9347964.jpg,587,587,1.0,587x587
r6k_train_brownspot_orig_031_jpg.rf.8f838d5a527365e5b4c78f9b3ef9c508.jpg,587,587,1.0,587x587
r6k_train_brownspot_orig_031_jpg.rf.95f4392793d202489b0fd2eaa6427ca7.jpg,587,587,1.0,587x587
r6k_train_brownspot_orig_031_jpg.rf.b125f501cf1da388685b623270f01221.jpg,587,587,1.0,587x587
r6k_train_brownspot_orig_031_jpg.rf.ced3c1b533f3bbdbae2fdb15875029db.jpg,587,587,1.0,587x587
r6k_train_brownspot_orig_032_jpg.rf.0abd3a35d6e4d2e13fe313c2e5bf82d2.jpg,587,587,1.0,587x587
r6k_train_brownspot_orig_032_jpg.rf.38cc167dc0e9948eb790419ee89f9339.jpg,587,587,1.0,587x587
r6k_train_brownspot_orig_032_jpg.rf.4002cdd44711e9ebdf56e63a743c71a9.jpg,587,587,1.0,587x587
r6k_train_brownspot_orig_032_jpg.rf.4538b7b233c984f2b6d73fd1e7a8ca6d.jpg,587,587,1.0,587x587
r6k_train_brownspot_orig_032_jpg.rf.5315fe83aa30a79b6d1bd35c488b8b3e.jpg,587,587,1.0,587x587
r6k_train_brownspot_orig_032_jpg.rf.84e7e5cb57948df08b3a267dceaada2c.jpg,587,587,1.0,587x587
r6k_train_brownspot_orig_032_jpg.rf.8683f8854951e036b09d92b952881633.jpg,587,587,1.0,587x587
r6k_train_brownspot_orig_032_jpg.rf.94fb220ebe7e75bf9d8ad6919b77a130.jpg,587,587,1.0,587x587
r6k_train_brownspot_orig_032_jpg.rf.9d68ca0bf53ee9ed0efd47361ce546d8.jpg,587,587,1.0,587x587
r6k_train_brownspot_orig_032_jpg.rf.9dcf68e6c4ffb96a48d9d6acf46318b0.jpg,587,587,1.0,587x587
r6k_train_brownspot_orig_032_jpg.rf.d56beb8fdf170dab8933ae5f92df8fb9.jpg,587,587,1.0,587x587
r6k_train_brownspot_orig_032_jpg.rf.f8c1f687271ef1f5bc215c0c04b7fa1f.jpg,587,587,1.0,587x587
r6k_train_brownspot_orig_033_jpg.rf.1a1b57fd671404c0bfb2d13d4a7d5688.jpg,587,587,1.0,587x587
r6k_train_brownspot_orig_033_jpg.rf.2b33d85a35a2eb048b33f0338b1b8441.jpg,587,587,1.0,587x587
r6k_train_brownspot_orig_033_jpg.rf.4feb29a9f6b97a0a89511c45761c11c3.jpg,587,587,1.0,587x587
r6k_train_brownspot_orig_033_jpg.rf.5a28fa0e80b83ffe9453d5cddcb1f7bc.jpg,587,587,1.0,587x587
r6k_train_brownspot_orig_033_jpg.rf.778bdae83b3c101087d985b60dbcae45.jpg,587,587,1.0,587x587
r6k_train_brownspot_orig_033_jpg.rf.8939ee6a9058c2cd155860203a1f208f.jpg,587,587,1.0,587x587
r6k_train_brownspot_orig_033_jpg.rf.8b97fd90a75f77a0a08e93f3bdd56f33.jpg,587,587,1.0,587x587
r6k_train_brownspot_orig_033_jpg.rf.ab54aabda87eb0ea7b5e270cc6ed073a.jpg,587,587,1.0,587x587
r6k_train_brownspot_orig_033_jpg.rf.e8beff0a888b4be3bb2c9c7a388c46a9.jpg,587,587,1.0,587x587
r6k_train_brownspot_orig_033_jpg.rf.f3f7e9af7e97c3a044870f3a03c4f25b.jpg,587,587,1.0,587x587
r6k_train_brownspot_orig_034_jpg.rf.26e94ad769edfb3ebe1fe3a77b58b4ec.jpg,587,587,1.0,587x587
r6k_train_brownspot_orig_034_jpg.rf.2d07a69b05e86626b037b3affff30969.jpg,587,587,1.0,587x587
r6k_train_brownspot_orig_034_jpg.rf.344010031f35e9f2fdf037a53eed71be.jpg,587,587,1.0,587x587
r6k_train_brownspot_orig_034_jpg.rf.50a78ad61acd4f8a72aee43304e4528a.jpg,587,587,1.0,587x587
r6k_train_brownspot_orig_034_jpg.rf.562d331e42f00b0b16c6424c8eba0558.jpg,587,587,1.0,587x587
r6k_train_brownspot_orig_034_jpg.rf.716ff6bdf66ee110b29a84b7fb8298c7.jpg,587,587,1.0,587x587
r6k_train_brownspot_orig_034_jpg.rf.8373e6a44194f49f6f292a882c66e650.jpg,587,587,1.0,587x587
r6k_train_brownspot_orig_034_jpg.rf.8b24bb274fe7f78ece90f27a3cb23c79.jpg,587,587,1.0,587x587
r6k_train_brownspot_orig_034_jpg.rf.8d9ec02113676823dd0d5750eb492184.jpg,587,587,1.0,587x587
r6k_train_brownspot_orig_034_jpg.rf.dce62781a89ac968826f5d056f031d6b.jpg,587,587,1.0,587x587
r6k_train_brownspot_orig_034_jpg.rf.efd0b9f6b7f94855a722998bb67cabd0.jpg,587,587,1.0,587x587
r6k_train_brownspot_orig_035_jpg.rf.1001c9c8f5c36fac7df5a63e45d028c5.jpg,587,587,1.0,587x587
r6k_train_brownspot_orig_035_jpg.rf.162c41d1c6194bc6a63c0564db6ea62c.jpg,587,587,1.0,587x587
r6k_train_brownspot_orig_035_jpg.rf.19116882fd6673bb2be282152df1714d.jpg,587,587,1.0,587x587
r6k_train_brownspot_orig_035_jpg.rf.1f76415340095bc436782f779472e90c.jpg,587,587,1.0,587x587
r6k_train_brownspot_orig_035_jpg.rf.2aaa8c248675ea32bbe1f1f3df5bdaa2.jpg,587,587,1.0,587x587
r6k_train_brownspot_orig_035_jpg.rf.898a8b1a111fc89103bed0ff1eb3eeb1.jpg,587,587,1.0,587x587
r6k_train_brownspot_orig_035_jpg.rf.8cc1a4a89ef79ad836ebf5362ae69f5f.jpg,587,587,1.0,587x587
r6k_train_brownspot_orig_035_jpg.rf.aeb01c3e7d486b2b06064f632450c2b4.jpg,587,587,1.0,587x587
r6k_train_brownspot_orig_035_jpg.rf.c1dcb0aabc3f720bc926855091c73ac5.jpg,587,587,1.0,587x587
r6k_train_brownspot_orig_036_jpg.rf.6eea20c34c5ed9e62315c1546d37a886.jpg,587,587,1.0,587x587
r6k_train_brownspot_orig_036_jpg.rf.94a0d3b8eb91e860d8e18b410689c52d.jpg,587,587,1.0,587x587
r6k_train_brownspot_orig_036_jpg.rf.bd3bc5fc23af8aafb043136c854ccf82.jpg,587,587,1.0,587x587
r6k_train_brownspot_orig_036_jpg.rf.cf6d41d8a16475dfd561d22d6ac59e2e.jpg,587,587,1.0,587x587
r6k_train_brownspot_orig_036_jpg.rf.eff9e9c2a8ceb4c552aaba95b424c350.jpg,587,587,1.0,587x587
r6k_train_brownspot_orig_036_jpg.rf.fae0b1cd47ed4139e59357d3289a1c91.jpg,587,587,1.0,587x587
r6k_train_brownspot_orig_037_jpg.rf.2a5ec40ad7d2ebb9f68948011dafad35.jpg,587,587,1.0,587x587
r6k_train_brownspot_orig_037_jpg.rf.5dff336dfd96e99885f64f8fc043ffdb.jpg,587,587,1.0,587x587
r6k_train_brownspot_orig_037_jpg.rf.964e64b9db5047367399148e8524728b.jpg,587,587,1.0,587x587
r6k_train_brownspot_orig_037_jpg.rf.a532e7d032f809a9b0f7bce1e44bd8ca.jpg,587,587,1.0,587x587
r6k_train_brownspot_orig_037_jpg.rf.b416ca7e011f0202b7c70ec6c30c438f.jpg,587,587,1.0,587x587
r6k_train_brownspot_orig_037_jpg.rf.ca505fcf31c928502c3fff05d0994d8f.jpg,587,587,1.0,587x587
r6k_train_brownspot_orig_037_jpg.rf.d86135308d382572898e45447c6648bf.jpg,587,587,1.0,587x587
r6k_train_brownspot_orig_037_jpg.rf.e0662cda09a6384c2b36317aeccb4fbf.jpg,587,587,1.0,587x587
r6k_train_brownspot_orig_037_jpg.rf.e438f50f6254efa51014811bf3eb54da.jpg,587,587,1.0,587x587
r6k_train_brownspot_orig_038_jpg.rf.0957570fcb429aea61aa4c354718596c.jpg,587,587,1.0,587x587
r6k_train_brownspot_orig_038_jpg.rf.2e4fbdd7e21d9d3d1a6e81607a279da2.jpg,587,587,1.0,587x587
r6k_train_brownspot_orig_038_jpg.rf.311ecc86ed8ffc24a04b9a822c26d9cf.jpg,587,587,1.0,587x587
r6k_train_brownspot_orig_038_jpg.rf.723b8670c2db19aa0703a4f00e1e1dfb.jpg,587,587,1.0,587x587
r6k_train_brownspot_orig_038_jpg.rf.c4d743d0a6a7dc0f6d52ec01e89922b9.jpg,587,587,1.0,587x587
r6k_train_brownspot_orig_038_jpg.rf.e48c1924b25069be825e3fdd6c2ba540.jpg,587,587,1.0,587x587
r6k_train_brownspot_orig_038_jpg.rf.ebf211f19d849cb712790c1e6300ab91.jpg,587,587,1.0,587x587
r6k_train_brownspot_orig_038_jpg.rf.fa010e8af2bfba2efb54e397c71eeea9.jpg,587,587,1.0,587x587
r6k_train_brownspot_orig_038_jpg.rf.fabe3f5a8032db9c8ad4f76306d08743.jpg,587,587,1.0,587x587
r6k_train_brownspot_orig_039_jpg.rf.230cf975fa3b254c86f3b7d07b4e9319.jpg,587,587,1.0,587x587
r6k_train_brownspot_orig_039_jpg.rf.63ba63e3a813057e50e1dc16108f71c4.jpg,587,587,1.0,587x587
r6k_train_brownspot_orig_039_jpg.rf.6dd3691153723e201f319ea25f2abbf4.jpg,587,587,1.0,587x587
r6k_train_brownspot_orig_039_jpg.rf.7483640f4f0676bccc2bc7e6a94243f5.jpg,587,587,1.0,587x587
r6k_train_brownspot_orig_039_jpg.rf.a2a0e03e80ceab3216be69115470651d.jpg,587,587,1.0,587x587
r6k_train_brownspot_orig_040_jpg.rf.0e35d20edb5482a2affea4b63df1ee59.jpg,587,587,1.0,587x587
r6k_train_brownspot_orig_040_jpg.rf.1712c5e811032cf4e112502c3eda303f.jpg,587,587,1.0,587x587
r6k_train_brownspot_orig_040_jpg.rf.1a63a039cbad88469edfba890c85ef46.jpg,587,587,1.0,587x587
r6k_train_brownspot_orig_040_jpg.rf.326f91d7db79088b6671119e73c9a71b.jpg,587,587,1.0,587x587
r6k_train_brownspot_orig_040_jpg.rf.5000e7f9c95d5937433af2d83e7c6602.jpg,587,587,1.0,587x587
r6k_train_brownspot_orig_040_jpg.rf.65c1e3fd97705e2ee3fc7f5430402a24.jpg,587,587,1.0,587x587
r6k_train_brownspot_orig_040_jpg.rf.73aa9e652423421f45cd0bfcca1d9c01.jpg,587,587,1.0,587x587
r6k_train_brownspot_orig_040_jpg.rf.afc55c2ac35199472214e3f27e59404b.jpg,587,587,1.0,587x587
r6k_train_brownspot_orig_040_jpg.rf.d99d48c21f12d76a68aab14473fb3542.jpg,587,587,1.0,587x587
r6k_train_brownspot_orig_040_jpg.rf.e531db7dc52e9b0f240e8a9463aaf66c.jpg,587,587,1.0,587x587
r6k_train_brownspot_orig_040_jpg.rf.e62e5588cbd3eb9578ffe953070425f8.jpg,587,587,1.0,587x587
r6k_train_brownspot_orig_040_jpg.rf.e87edc69f7c556b81bd402a6f9cc2ff1.jpg,587,587,1.0,587x587
r6k_train_brownspot_orig_040_jpg.rf.efab818dc2a10afff275f8f70d1c968e.jpg,587,587,1.0,587x587
r6k_train_brownspot_orig_041_jpg.rf.3f2d2f3640b8b0c24ca262a10f8ad6a5.jpg,587,587,1.0,587x587
r6k_train_brownspot_orig_041_jpg.rf.4d458306b2102a60d52f3d685193d052.jpg,587,587,1.0,587x587
r6k_train_brownspot_orig_041_jpg.rf.647c9685b9a56a78a229a5a35ebea0e7.jpg,587,587,1.0,587x587
r6k_train_brownspot_orig_041_jpg.rf.8624c7cfd301c90d4ddb62023dd01e48.jpg,587,587,1.0,587x587
r6k_train_brownspot_orig_041_jpg.rf.9d25613512258bc9d329b30286fe3595.jpg,587,587,1.0,587x587
r6k_train_brownspot_orig_041_jpg.rf.cd4286f2d6c709451a53daf5f2df6fcc.jpg,587,587,1.0,587x587
r6k_train_brownspot_orig_041_jpg.rf.e25761b738f140b5dc44c4e25c759fb4.jpg,587,587,1.0,587x587
r6k_train_brownspot_orig_041_jpg.rf.ee0a7c3a78fb3f29315062c93a057fc5.jpg,587,587,1.0,587x587
r6k_train_brownspot_orig_041_jpg.rf.f806c528306fbe16540a6b3168f2d041.jpg,587,587,1.0,587x587
r6k_train_brownspot_orig_045_jpg.rf.1acf036531edb910e01daaaeb364db73.jpg,587,587,1.0,587x587
r6k_train_brownspot_orig_045_jpg.rf.3440c4097dbda7e74f4423b7258649bd.jpg,587,587,1.0,587x587
r6k_train_brownspot_orig_045_jpg.rf.5882a91546590e8c9cb5b1f7d55cf5ea.jpg,587,587,1.0,587x587
r6k_train_brownspot_orig_045_jpg.rf.6985e8270fa20358aa5c009dd960b125.jpg,587,587,1.0,587x587
r6k_train_brownspot_orig_045_jpg.rf.72dcf4028fb73472a30760795627e156.jpg,587,587,1.0,587x587
r6k_train_brownspot_orig_045_jpg.rf.bc0bfae032668eabe7f46bb6842faf07.jpg,587,587,1.0,587x587
r6k_train_brownspot_orig_045_jpg.rf.c1ab3281fbb87b0ced39e242d4f309a2.jpg,587,587,1.0,587x587
r6k_train_brownspot_orig_045_jpg.rf.e1753e01442276755d89c7b8c3b30f8e.jpg,587,587,1.0,587x587
r6k_train_brownspot_orig_046_jpg.rf.06e2a2c152bb4b00c554a8a9730e6017.jpg,587,587,1.0,587x587
r6k_train_brownspot_orig_046_jpg.rf.643f0f77b6c3d73229774103fefe571b.jpg,587,587,1.0,587x587
r6k_train_brownspot_orig_046_jpg.rf.7e5fba5d0257db60eaa7c626b210ca32.jpg,587,587,1.0,587x587
r6k_train_brownspot_orig_046_jpg.rf.7fdd0b8dda09cbe65e03fd708782d543.jpg,587,587,1.0,587x587
r6k_train_brownspot_orig_046_jpg.rf.98138503c4a661290ad5736c9704f600.jpg,587,587,1.0,587x587
r6k_train_brownspot_orig_046_jpg.rf.9ff5bab59c70ba7fec096592944eb509.jpg,587,587,1.0,587x587
r6k_train_brownspot_orig_046_jpg.rf.c2a8879ff6d5a9e490c4726e8e370c6b.jpg,587,587,1.0,587x587
r6k_train_brownspot_orig_046_jpg.rf.d6e26ae6234bc17245332222194272cc.jpg,587,587,1.0,587x587
r6k_train_brownspot_orig_047_jpg.rf.297f9104be9a64df26c06800e45d2240.jpg,587,587,1.0,587x587
r6k_train_brownspot_orig_047_jpg.rf.6d346ee0dfcf6e91e242c81b3f0ef27b.jpg,587,587,1.0,587x587
r6k_train_brownspot_orig_048_jpg.rf.32cc6772c65e5d3ddea84b3f8ade4d9c.jpg,587,587,1.0,587x587
r6k_train_brownspot_orig_048_jpg.rf.51b7198ec36e35b9d38eddbc3fa8742c.jpg,587,587,1.0,587x587
r6k_train_brownspot_orig_048_jpg.rf.5641ef25f7c1ff62eb7f5869d855059a.jpg,587,587,1.0,587x587
r6k_train_brownspot_orig_048_jpg.rf.798c10490071e67dacb8c4ee31d816da.jpg,587,587,1.0,587x587
r6k_train_brownspot_orig_048_jpg.rf.81a632d77c75f017bf0b84cca9ebe5d6.jpg,587,587,1.0,587x587
r6k_train_brownspot_orig_048_jpg.rf.b7da690c5aeacfb3ffa951edc803a932.jpg,587,587,1.0,587x587
r6k_train_brownspot_orig_048_jpg.rf.dc6aa26e20df2c943a78aec9ee4a27a0.jpg,587,587,1.0,587x587
r6k_train_brownspot_orig_048_jpg.rf.e0792b9cc126794f75a666f56e6efe92.jpg,587,587,1.0,587x587
r6k_train_brownspot_orig_048_jpg.rf.ee7b1fe81f955f1d8fdde33fb6b2f242.jpg,587,587,1.0,587x587
r6k_train_brownspot_orig_048_jpg.rf.fc9f3dc3e9f9784663ef49652153b36b.jpg,587,587,1.0,587x587
r6k_train_brownspot_orig_050_jpg.rf.12de31bc7e009248cabbd0656249efc8.jpg,587,587,1.0,587x587
r6k_train_brownspot_orig_051_jpg.rf.230cb6e08fe9271a50c1b2201b557ed1.jpg,587,587,1.0,587x587
r6k_train_brownspot_orig_051_jpg.rf.2f444a2979babb4a131cf23a627c81eb.jpg,587,587,1.0,587x587
r6k_train_brownspot_orig_051_jpg.rf.55f17d00d3c4ab2a08eb0cc0781db2a7.jpg,587,587,1.0,587x587
r6k_train_brownspot_orig_051_jpg.rf.77faef7ba47942fd770fb29d44e19c94.jpg,587,587,1.0,587x587
r6k_train_brownspot_orig_051_jpg.rf.7d150f101c59b0d50ec35500294bea75.jpg,587,587,1.0,587x587
r6k_train_brownspot_orig_051_jpg.rf.7d2d3af64bfcf1e190885c5f437a1bcd.jpg,587,587,1.0,587x587
r6k_train_brownspot_orig_051_jpg.rf.83d7884a836294176dabbd026f82fa3c.jpg,587,587,1.0,587x587
r6k_train_brownspot_orig_051_jpg.rf.859e52a3128ddfb13e4d43f69c7ae07c.jpg,587,587,1.0,587x587
r6k_train_brownspot_orig_052_jpg.rf.20185eae757fd7c9566ee8c0f8f6b63a.jpg,587,587,1.0,587x587
r6k_train_brownspot_orig_052_jpg.rf.229333e71b4d2f3a6a7677c708002326.jpg,587,587,1.0,587x587
r6k_train_brownspot_orig_052_jpg.rf.3424a820b1a0d36bd4d3183c3389fc7c.jpg,587,587,1.0,587x587
r6k_train_brownspot_orig_052_jpg.rf.3d87535a850828b28080b85629640ed2.jpg,587,587,1.0,587x587
r6k_train_brownspot_orig_052_jpg.rf.51e8ead76b3487856d945ac382a11b2f.jpg,587,587,1.0,587x587
r6k_train_brownspot_orig_052_jpg.rf.7416a2976524294941d9e62df3d071da.jpg,587,587,1.0,587x587
r6k_train_brownspot_orig_052_jpg.rf.8dfb8edeb670071241120e5e291861a7.jpg,587,587,1.0,587x587
r6k_train_brownspot_orig_052_jpg.rf.8ea860e5f8ba0ee83a2cd39a7e9fa9f2.jpg,587,587,1.0,587x587
r6k_train_brownspot_orig_052_jpg.rf.9dbe3a4e1776c582837cb9f626273495.jpg,587,587,1.0,587x587
r6k_train_brownspot_orig_052_jpg.rf.e6dd18ba0762be0e72e48965bbab2c4a.jpg,587,587,1.0,587x587
r6k_train_brownspot_orig_052_jpg.rf.f0c44c0a6d717da376211ef113baffcd.jpg,587,587,1.0,587x587
r6k_train_brownspot_orig_052_jpg.rf.f494b018f807eb433188ef64889d7229.jpg,587,587,1.0,587x587
r6k_train_brownspot_orig_053_jpg.rf.115b0ece2f7c29479e731094eecd2f20.jpg,587,587,1.0,587x587
r6k_train_brownspot_orig_053_jpg.rf.24a633aa7019f35095a66695fd0caa3b.jpg,587,587,1.0,587x587
r6k_train_brownspot_orig_053_jpg.rf.2f5dd105977359c7e2a0054d62680129.jpg,587,587,1.0,587x587
r6k_train_brownspot_orig_053_jpg.rf.40e2415e652648115c93f3b4c8609591.jpg,587,587,1.0,587x587
r6k_train_brownspot_orig_053_jpg.rf.bfc8471e0c6960565afdd2ce64768714.jpg,587,587,1.0,587x587
r6k_train_brownspot_orig_053_jpg.rf.f50a153dc0de689f55ef9450e3d90426.jpg,587,587,1.0,587x587
r6k_train_brownspot_orig_054_jpg.rf.0e27bcf087fba19b3ea069c6bdbfe34d.jpg,587,587,1.0,587x587
r6k_train_brownspot_orig_054_jpg.rf.8782e8b1a47834610b06d6ab553db39a.jpg,587,587,1.0,587x587
r6k_train_brownspot_orig_054_jpg.rf.c92628c97a6a7a0aa909e9e7ea94a3de.jpg,587,587,1.0,587x587
r6k_train_brownspot_orig_054_jpg.rf.ca357e439fe07b9d9eb1e01844215d9a.jpg,587,587,1.0,587x587
r6k_train_brownspot_orig_054_jpg.rf.d0ed8cab4a4fd1041b87de6cc5e6997d.jpg,587,587,1.0,587x587
r6k_train_brownspot_orig_054_jpg.rf.e925bb9c42aab1cf07e2e599380503a4.jpg,587,587,1.0,587x587
r6k_train_brownspot_orig_054_jpg.rf.ee25c0a2254972d3919e96e481d85636.jpg,587,587,1.0,587x587
r6k_train_brownspot_orig_054_jpg.rf.efb03dd2779aedd8c3b2305d774ec513.jpg,587,587,1.0,587x587
r6k_train_brownspot_orig_055_jpg.rf.09e817aa1f01c266fbd56d55cd06d6d2.jpg,587,587,1.0,587x587
r6k_train_brownspot_orig_055_jpg.rf.84c23891d734d362b9179db73d8c6928.jpg,587,587,1.0,587x587
r6k_train_brownspot_orig_055_jpg.rf.caee4e97fcb778406f8fba5bb04efce7.jpg,587,587,1.0,587x587
r6k_train_brownspot_orig_055_jpg.rf.cd760a1c7060df2ca1b9b59d4a64bdc1.jpg,587,587,1.0,587x587
r6k_train_brownspot_orig_055_jpg.rf.eb2f42c9749256520fb670d66b9cad52.jpg,587,587,1.0,587x587
r6k_train_brownspot_orig_055_jpg.rf.f0042c2b9eceb3d9cc013cf491ce1f0f.jpg,587,587,1.0,587x587
r6k_train_brownspot_orig_059_jpg.rf.3e22672c91dc4e4046c11822e1d24035.jpg,587,587,1.0,587x587
r6k_train_brownspot_orig_059_jpg.rf.471c33f03407f23d497bb84282ce1d4e.jpg,587,587,1.0,587x587
r6k_train_brownspot_orig_059_jpg.rf.59950ee1071c2371549a077bc48fd8ba.jpg,587,587,1.0,587x587
r6k_train_brownspot_orig_059_jpg.rf.70558ac89751764e984fbcbd4a9cc621.jpg,587,587,1.0,587x587
r6k_train_brownspot_orig_059_jpg.rf.99d12f4153342d20a352d7c412b69a6a.jpg,587,587,1.0,587x587
r6k_train_brownspot_orig_059_jpg.rf.a63acdbd4693ac58362172532d3bd5d9.jpg,587,587,1.0,587x587
r6k_train_brownspot_orig_059_jpg.rf.c21ebc72a60ff4b99f926bb41c2995a0.jpg,587,587,1.0,587x587
r6k_train_brownspot_orig_059_jpg.rf.c7b2c08bb673a8ee3b74d59954fc5446.jpg,587,587,1.0,587x587
r6k_train_brownspot_orig_059_jpg.rf.d3171b15fe3227a244d7360d5af6c5da.jpg,587,587,1.0,587x587
r6k_train_brownspot_orig_060_jpg.rf.0c04202017ce37444d14781914f6c4c3.jpg,587,587,1.0,587x587
r6k_train_brownspot_orig_060_jpg.rf.29bd4c4c6c839acb9064777c2e04389c.jpg,587,587,1.0,587x587
r6k_train_brownspot_orig_060_jpg.rf.2d05229a66002b438ab644270c751496.jpg,587,587,1.0,587x587
r6k_train_brownspot_orig_060_jpg.rf.654d27881eb09622210d1d3d2d500471.jpg,587,587,1.0,587x587
r6k_train_brownspot_orig_060_jpg.rf.a3eaa81b8cc4aed6b61208ceb44b823d.jpg,587,587,1.0,587x587
r6k_train_brownspot_orig_060_jpg.rf.b96c5241a4571ae045e88a45cde50295.jpg,587,587,1.0,587x587
r6k_train_brownspot_orig_060_jpg.rf.c14b6942ccaac0e3fce6c2825594c3fa.jpg,587,587,1.0,587x587
r6k_train_brownspot_orig_060_jpg.rf.e3bd30dfe3beef65c41690811897d27e.jpg,587,587,1.0,587x587
r6k_train_brownspot_orig_060_jpg.rf.f76e69d113bc7aae4e7dfaeaa073f8a1.jpg,587,587,1.0,587x587
r6k_train_brownspot_orig_061_jpg.rf.382dc7da70c5530512e45aad3339661f.jpg,587,587,1.0,587x587
r6k_train_brownspot_orig_061_jpg.rf.a40227db163c1249f1d37d32422043ea.jpg,587,587,1.0,587x587
r6k_train_brownspot_orig_062_jpg.rf.07b7a1729ef6784998d77404e5e49149.jpg,587,587,1.0,587x587
r6k_train_brownspot_orig_062_jpg.rf.2690c820224f26c4068f493e20fbbbf0.jpg,587,587,1.0,587x587
r6k_train_brownspot_orig_062_jpg.rf.32e21bca8ba283976aca29411bf3fc0a.jpg,587,587,1.0,587x587
r6k_train_brownspot_orig_062_jpg.rf.536ba4f5e709875b22daa5f2da870155.jpg,587,587,1.0,587x587
r6k_train_brownspot_orig_062_jpg.rf.6ca5b7fcb3be77bdd18e23c6ca38be80.jpg,587,587,1.0,587x587
r6k_train_brownspot_orig_062_jpg.rf.935c1ae81af9d992c30fe1ca55a8e0d8.jpg,587,587,1.0,587x587
r6k_train_brownspot_orig_062_jpg.rf.bf6fc54c03c27fc3fdd24713526427fc.jpg,587,587,1.0,587x587
r6k_train_brownspot_orig_062_jpg.rf.d9dfff2d0b1a40bda2991052e0fabd83.jpg,587,587,1.0,587x587
r6k_train_brownspot_orig_062_jpg.rf.ec325838a14d78a12334e2c5bfdb914a.jpg,587,587,1.0,587x587
r6k_train_brownspot_orig_063_jpg.rf.033798c550ef35aa225b2a1ed60ab966.jpg,587,587,1.0,587x587
r6k_train_brownspot_orig_063_jpg.rf.25bce26e874fb79dad1bcabb61497768.jpg,587,587,1.0,587x587
r6k_train_brownspot_orig_063_jpg.rf.4e5626ea7ffc722d6ee5cee501d956d4.jpg,587,587,1.0,587x587
r6k_train_brownspot_orig_063_jpg.rf.55c2541af6807ddb942c2875758c4cfa.jpg,587,587,1.0,587x587
r6k_train_brownspot_orig_063_jpg.rf.67550120f9090965f10c07db0b534881.jpg,587,587,1.0,587x587
r6k_train_brownspot_orig_063_jpg.rf.7aedd34a7435eeffbea938fae2b67e6e.jpg,587,587,1.0,587x587
r6k_train_brownspot_orig_063_jpg.rf.a1c25f2fe2d81d70b2b8fd4a0d46a56e.jpg,587,587,1.0,587x587
r6k_train_brownspot_orig_063_jpg.rf.b9ba944a46b66f358af43399f7826ab0.jpg,587,587,1.0,587x587
r6k_train_brownspot_orig_063_jpg.rf.ea7238558f263c70d1a302ad67a65daa.jpg,587,587,1.0,587x587
r6k_train_brownspot_orig_064_jpg.rf.05199a73c657496129a09c8e9001e220.jpg,587,587,1.0,587x587
r6k_train_brownspot_orig_064_jpg.rf.14ab26ac0c9f10beddd12bfee1034842.jpg,587,587,1.0,587x587
r6k_train_brownspot_orig_064_jpg.rf.3de7ce7fe0f4fc11c9fbfa31f0f925ae.jpg,587,587,1.0,587x587
r6k_train_brownspot_orig_064_jpg.rf.41803008767c6099d3bdde9026bb144d.jpg,587,587,1.0,587x587
r6k_train_brownspot_orig_064_jpg.rf.ba6eb54830a5bd2663eded11b89f89ed.jpg,587,587,1.0,587x587
r6k_train_brownspot_orig_064_jpg.rf.cf658223a123e4602ba5691fa28e3ccc.jpg,587,587,1.0,587x587
r6k_train_brownspot_orig_064_jpg.rf.dd77f9a0c313ac91e551629719b65e03.jpg,587,587,1.0,587x587
r6k_train_brownspot_orig_065_jpg.rf.010ed138ae2fa0cf8560faff82111e43.jpg,587,587,1.0,587x587
r6k_train_brownspot_orig_065_jpg.rf.0ccf81eb001b063ea6dc9163bdf9f8a5.jpg,587,587,1.0,587x587
r6k_train_brownspot_orig_065_jpg.rf.2600ba32f965f0f3f76964f5689174ff.jpg,587,587,1.0,587x587
r6k_train_brownspot_orig_065_jpg.rf.6874f3099d4e09effba617fc9a73858d.jpg,587,587,1.0,587x587
r6k_train_brownspot_orig_065_jpg.rf.a6f440cbc1c1687f213c13917a1ddcf8.jpg,587,587,1.0,587x587
r6k_train_brownspot_orig_065_jpg.rf.cd89be5e969415bffa67287f4ca4de61.jpg,587,587,1.0,587x587
r6k_train_brownspot_orig_065_jpg.rf.ef5bf5d61c8942ab3e7a2abe4b439392.jpg,587,587,1.0,587x587
r6k_train_brownspot_orig_065_jpg.rf.fca3aba76be3c8ec6f7d5a9a150a21db.jpg,587,587,1.0,587x587
r6k_train_brownspot_orig_066_jpg.rf.0d58db74d8149c09c63976028700301b.jpg,587,587,1.0,587x587
r6k_train_brownspot_orig_066_jpg.rf.2c2c08ea661e559f08cbc4f6308b63b6.jpg,587,587,1.0,587x587
r6k_train_brownspot_orig_066_jpg.rf.ae838c8b5cc5d207daff0216c160f50d.jpg,587,587,1.0,587x587
r6k_train_brownspot_orig_066_jpg.rf.b4eeef8a776ea8f742ad2c5b1aff3455.jpg,587,587,1.0,587x587
r6k_train_brownspot_orig_066_jpg.rf.ef11601c012240f2948f63531422962c.jpg,587,587,1.0,587x587
r6k_train_brownspot_orig_067_jpg.rf.3461f2663fe9e5f5037c7a7a09c35972.jpg,587,587,1.0,587x587
r6k_train_brownspot_orig_067_jpg.rf.456c60d255c7b1083ece15b6a0e90f8b.jpg,587,587,1.0,587x587
r6k_train_brownspot_orig_067_jpg.rf.61110edb294809f751997c12c333d273.jpg,587,587,1.0,587x587
r6k_train_brownspot_orig_067_jpg.rf.6fd08d4ed570d690d624ac1972adb964.jpg,587,587,1.0,587x587
r6k_train_brownspot_orig_067_jpg.rf.98379745e1afb764f5b53074e1ff5a60.jpg,587,587,1.0,587x587
r6k_train_brownspot_orig_067_jpg.rf.a3be0ee4d7f6f762c06e820eb7d8042e.jpg,587,587,1.0,587x587
r6k_train_brownspot_orig_067_jpg.rf.a740d48cbe35965825e45672be987d22.jpg,587,587,1.0,587x587
r6k_train_brownspot_orig_067_jpg.rf.aeed7639ae04a4f030611825b6dc816e.jpg,587,587,1.0,587x587
r6k_train_brownspot_orig_067_jpg.rf.d08b23b78d19d53cc9e2de12cd326669.jpg,587,587,1.0,587x587
r6k_train_brownspot_orig_067_jpg.rf.d09fc343594fe53d500b54cecf8f810c.jpg,587,587,1.0,587x587
r6k_train_brownspot_orig_067_jpg.rf.d5ea5244a6b5f0652568905f348db89f.jpg,587,587,1.0,587x587
r6k_train_brownspot_orig_067_jpg.rf.ef321da54a87443def59558b1de014ef.jpg,587,587,1.0,587x587
r6k_train_brownspot_orig_067_jpg.rf.f9c3cd261b7deb26b56748bdc1f76699.jpg,587,587,1.0,587x587
r6k_train_brownspot_orig_069_jpg.rf.1ff1e2f5080eb70de20e5b699ecf9645.jpg,587,587,1.0,587x587
r6k_train_brownspot_orig_069_jpg.rf.3e21539c0787f0b8fec851d99c02c797.jpg,587,587,1.0,587x587
r6k_train_brownspot_orig_069_jpg.rf.4cba8c7ae7aa38f3fa6964dafe55baf7.jpg,587,587,1.0,587x587
r6k_train_brownspot_orig_069_jpg.rf.4e969816b1825d69ce3fbe51faae3f5f.jpg,587,587,1.0,587x587
r6k_train_brownspot_orig_069_jpg.rf.8d25bda368b3ac762b1bbde6f87df959.jpg,587,587,1.0,587x587
r6k_train_brownspot_orig_069_jpg.rf.c66f0b3cec34178968372cac9ee22850.jpg,587,587,1.0,587x587
r6k_train_brownspot_orig_069_jpg.rf.d1f08a319236d3edb27c1f9a8bf21c0c.jpg,587,587,1.0,587x587
r6k_train_brownspot_orig_069_jpg.rf.f734a93269e7a09b79cdbcafcb71f340.jpg,587,587,1.0,587x587
r6k_train_brownspot_orig_073_jpg.rf.1f2ea139ac1a9f0651d6318f6faf2fcf.jpg,587,587,1.0,587x587
r6k_train_brownspot_orig_073_jpg.rf.29d10874ba5b6dd3a8b6ceba7a9cd8d6.jpg,587,587,1.0,587x587
r6k_train_brownspot_orig_073_jpg.rf.4ad7d4d1267e22923b2ab097fc3f6d09.jpg,587,587,1.0,587x587
r6k_train_brownspot_orig_073_jpg.rf.84ea79892f2ec6128db9e3a07dcf8086.jpg,587,587,1.0,587x587
r6k_train_brownspot_orig_073_jpg.rf.8a7d00dee9983fef65be5744747c98a0.jpg,587,587,1.0,587x587
r6k_train_brownspot_orig_073_jpg.rf.8d9755ddaeb8a1745a3e683f92021a44.jpg,587,587,1.0,587x587
r6k_train_brownspot_orig_073_jpg.rf.ae8abd9bcd9ea966598094f932958ca8.jpg,587,587,1.0,587x587
r6k_train_brownspot_orig_073_jpg.rf.be4b2650339bb3fd60deb88fd755e43f.jpg,587,587,1.0,587x587
r6k_train_brownspot_orig_073_jpg.rf.deffce8a59370bd882c688a0f2d90441.jpg,587,587,1.0,587x587
r6k_train_brownspot_orig_073_jpg.rf.df08c2930cc4947f8ad7e3f1533d01bb.jpg,587,587,1.0,587x587
r6k_train_brownspot_orig_075_jpg.rf.2b3423539921f3508416cc2275707b31.jpg,587,587,1.0,587x587
r6k_train_brownspot_orig_075_jpg.rf.2b92c58a4054a41af22b51acdf5566af.jpg,587,587,1.0,587x587
r6k_train_brownspot_orig_075_jpg.rf.41c26b459501479a82fe6568c40d80e5.jpg,587,587,1.0,587x587
r6k_train_brownspot_orig_075_jpg.rf.877906e060a880efd2fd56512f3bea42.jpg,587,587,1.0,587x587
r6k_train_brownspot_orig_075_jpg.rf.a65d976469daa95d6d3391d7285e5930.jpg,587,587,1.0,587x587
r6k_train_brownspot_orig_075_jpg.rf.af96f48e0909b0f5cdb3f2e36d7690d5.jpg,587,587,1.0,587x587
r6k_train_brownspot_orig_075_jpg.rf.bc13a3650bc803c4148c69ea70b67f25.jpg,587,587,1.0,587x587
r6k_train_brownspot_orig_075_jpg.rf.be12d5cdab39fdea00fd8519496a7dc8.jpg,587,587,1.0,587x587
r6k_train_brownspot_orig_076_jpg.rf.0663649bc0b2834c81f9e0371dd4d303.jpg,587,587,1.0,587x587
r6k_train_brownspot_orig_076_jpg.rf.0fed9573cbf10a7c3f711db0ec11eb6c.jpg,587,587,1.0,587x587
r6k_train_brownspot_orig_076_jpg.rf.2548c95a84155f1b71c4406eee98903a.jpg,587,587,1.0,587x587
r6k_train_brownspot_orig_076_jpg.rf.394957cbbcce19169345cf21a7fdda4a.jpg,587,587,1.0,587x587
r6k_train_brownspot_orig_076_jpg.rf.4512b5a4f214e9e4427be0c4edaf6268.jpg,587,587,1.0,587x587
r6k_train_brownspot_orig_076_jpg.rf.66d546ef20e77b832c21afb2197eacc3.jpg,587,587,1.0,587x587
r6k_train_brownspot_orig_076_jpg.rf.75ea1448464247a29088cda4488a7367.jpg,587,587,1.0,587x587
r6k_train_brownspot_orig_076_jpg.rf.831645a6814e5812ce2facca6704bb49.jpg,587,587,1.0,587x587
r6k_train_brownspot_orig_076_jpg.rf.8fb2acc394b9957fe14fe28fd87c4e21.jpg,587,587,1.0,587x587
r6k_train_brownspot_orig_076_jpg.rf.a29e0f669093f65d88678ce5d3bcc855.jpg,587,587,1.0,587x587
r6k_train_brownspot_orig_076_jpg.rf.b9f627ad92db023ba7c3b47497049b12.jpg,587,587,1.0,587x587
r6k_train_brownspot_orig_076_jpg.rf.cd807314105cd3dff47a39a58863bc7d.jpg,587,587,1.0,587x587
r6k_train_brownspot_orig_076_jpg.rf.d0f0aae86b70e4b1739d7b89beed809e.jpg,587,587,1.0,587x587
r6k_train_brownspot_orig_076_jpg.rf.d16cd62dee20224f73baafe4b6f6a07c.jpg,587,587,1.0,587x587
r6k_train_brownspot_orig_076_jpg.rf.fc678ab693f6f871923063ca1d0a2d54.jpg,587,587,1.0,587x587
r6k_train_brownspot_orig_076_jpg.rf.fd4b36c18b2f24ca6f7cbe9de28937bd.jpg,587,587,1.0,587x587
r6k_train_brownspot_orig_077_jpg.rf.91120c554f713a870d745af57cd50f4e.jpg,587,587,1.0,587x587
r6k_train_brownspot_orig_077_jpg.rf.a56b440cc2bd275c037079f83540224b.jpg,587,587,1.0,587x587
r6k_train_brownspot_orig_078_jpg.rf.257dba3f71d1264ac20cdea36877a2ea.jpg,587,587,1.0,587x587
r6k_train_brownspot_orig_078_jpg.rf.58d2209acf48c39be234ac34e8b2250f.jpg,587,587,1.0,587x587
r6k_train_brownspot_orig_078_jpg.rf.66bf9988718ae5f17e28786fe5fe0fb6.jpg,587,587,1.0,587x587
r6k_train_brownspot_orig_078_jpg.rf.7aa2c9bcdc5549c53fec8bb83aa3dfef.jpg,587,587,1.0,587x587
r6k_train_brownspot_orig_078_jpg.rf.7d65a52fa2f676424d52f6b40958f7d2.jpg,587,587,1.0,587x587
r6k_train_brownspot_orig_078_jpg.rf.b5579911c3bba9eba4608ff8e1a1ff05.jpg,587,587,1.0,587x587
r6k_train_brownspot_orig_078_jpg.rf.bc05360477b5fbd3913dc08ffcfbfc85.jpg,587,587,1.0,587x587
r6k_train_brownspot_orig_078_jpg.rf.c5bc0d3b21f9a2b6c7c46229e1c47a0b.jpg,587,587,1.0,587x587
r6k_train_brownspot_orig_078_jpg.rf.e63ef25fb2d75c5882536f98711b2edf.jpg,587,587,1.0,587x587
r6k_train_brownspot_orig_078_jpg.rf.eee1e47f75ae8966fb10e695bc928965.jpg,587,587,1.0,587x587
r6k_train_brownspot_orig_079_jpg.rf.06924bc8a5f6931003a43873466d2569.jpg,587,587,1.0,587x587
r6k_train_brownspot_orig_079_jpg.rf.0d0a7e2525ddb9797049c25736ab6050.jpg,587,587,1.0,587x587
r6k_train_brownspot_orig_079_jpg.rf.1b4f5c7280822d6d99cedea911e3b281.jpg,587,587,1.0,587x587
r6k_train_brownspot_orig_079_jpg.rf.1dbadc76da48a15a0098e28be16f8979.jpg,587,587,1.0,587x587
r6k_train_brownspot_orig_079_jpg.rf.52417c995f95b27a5c3e8c30aa025ace.jpg,587,587,1.0,587x587
r6k_train_brownspot_orig_079_jpg.rf.79ae79e1395a00226a155054eaee10ef.jpg,587,587,1.0,587x587
r6k_train_brownspot_orig_079_jpg.rf.7f7fa7f42121353fa5f590f4e3ed406d.jpg,587,587,1.0,587x587
r6k_train_brownspot_orig_079_jpg.rf.a55fc8e223480595eb14a4f8109c6f69.jpg,587,587,1.0,587x587
r6k_train_brownspot_orig_079_jpg.rf.c6e7f26c7daf25c5baaa313057630eca.jpg,587,587,1.0,587x587
r6k_train_brownspot_orig_079_jpg.rf.c7517c96f1eb83a7836417f328d12847.jpg,587,587,1.0,587x587
r6k_train_brownspot_orig_079_jpg.rf.cbe2f6b40f93058cca7a1722dd2ce167.jpg,587,587,1.0,587x587
r6k_train_brownspot_orig_080_jpg.rf.27deca4a418000ea58583e058b15e1da.jpg,587,587,1.0,587x587
r6k_train_brownspot_orig_080_jpg.rf.36bfa07af95668313c6a01612e6a15ec.jpg,587,587,1.0,587x587
r6k_train_brownspot_orig_080_jpg.rf.5f18f2a318030c2c53331c8967c88ff9.jpg,587,587,1.0,587x587
r6k_train_brownspot_orig_080_jpg.rf.8f29985075648197e3330bc29fc696d6.jpg,587,587,1.0,587x587
r6k_train_brownspot_orig_080_jpg.rf.b1d4aca7e5dc9add78fc9d2276bef655.jpg,587,587,1.0,587x587
r6k_train_brownspot_orig_080_jpg.rf.be9159d732017180c04fb3603173b692.jpg,587,587,1.0,587x587
r6k_train_brownspot_orig_080_jpg.rf.cf9b048920e60842c796f21cdab8d6da.jpg,587,587,1.0,587x587
r6k_train_brownspot_orig_080_jpg.rf.ff5c968eaf854e36294748224c829a8a.jpg,587,587,1.0,587x587
r6k_train_brownspot_orig_081_jpg.rf.0c939ece41bf9a065e0d1f0c22562e3f.jpg,587,587,1.0,587x587
r6k_train_brownspot_orig_081_jpg.rf.4b854dc1b8cb4e31a1e809267b7df6bd.jpg,587,587,1.0,587x587
r6k_train_brownspot_orig_081_jpg.rf.54df6d9c6fc940b57ebaa0ee5748d94c.jpg,587,587,1.0,587x587
r6k_train_brownspot_orig_081_jpg.rf.737b709f336bf4bd4eab7e2de1486d32.jpg,587,587,1.0,587x587
r6k_train_brownspot_orig_081_jpg.rf.bc5631a49c017ec12a60fc6404ac836d.jpg,587,587,1.0,587x587
r6k_train_brownspot_orig_081_jpg.rf.de7437fd4243f6e9234036fdd368318c.jpg,587,587,1.0,587x587
r6k_train_brownspot_orig_081_jpg.rf.f23dc2ab5d0800c7465f957282c550af.jpg,587,587,1.0,587x587
r6k_train_brownspot_orig_082_jpg.rf.0636c27eb5c52bf145dae3828319b9bd.jpg,587,587,1.0,587x587
r6k_train_brownspot_orig_082_jpg.rf.3b7eb87ffe46c315136747e30174e325.jpg,587,587,1.0,587x587
r6k_train_brownspot_orig_082_jpg.rf.4312db00fb9cb0274ed7490ba609b048.jpg,587,587,1.0,587x587
r6k_train_brownspot_orig_082_jpg.rf.52e4f95ba463de91e1a1f7b68b52b2b2.jpg,587,587,1.0,587x587
r6k_train_brownspot_orig_082_jpg.rf.5a51b4adef51974ae9d0da1366084a88.jpg,587,587,1.0,587x587
r6k_train_brownspot_orig_082_jpg.rf.82d2ec806d9773528671e31339d44445.jpg,587,587,1.0,587x587
r6k_train_brownspot_orig_082_jpg.rf.aaecf8fef0a9b115fa1532be0c0ce6c1.jpg,587,587,1.0,587x587
r6k_train_brownspot_orig_082_jpg.rf.c894eb5402b2732f0ee363ee0fd8e760.jpg,587,587,1.0,587x587
r6k_train_brownspot_orig_087_jpg.rf.150f1bbc5095a004466050da454ee788.jpg,587,587,1.0,587x587
r6k_train_brownspot_orig_087_jpg.rf.29aedd937eb53ce45e7ea921d43d7fc9.jpg,587,587,1.0,587x587
r6k_train_brownspot_orig_087_jpg.rf.4c3e820b73f44523c5770072455eef0d.jpg,587,587,1.0,587x587
r6k_train_brownspot_orig_087_jpg.rf.552fd255c4e7f4bbbdd07d59db29083e.jpg,587,587,1.0,587x587
r6k_train_brownspot_orig_087_jpg.rf.5eaffd93a9df89b3b3823c764ab079d4.jpg,587,587,1.0,587x587
r6k_train_brownspot_orig_087_jpg.rf.898da6076fe8c22a5475c93ef6f98190.jpg,587,587,1.0,587x587
r6k_train_brownspot_orig_087_jpg.rf.e88f0a04af058a75c4ac4753567b5ec6.jpg,587,587,1.0,587x587
r6k_train_brownspot_orig_088_jpg.rf.187616f1188376857f8b7915c02af4dc.jpg,587,587,1.0,587x587
r6k_train_brownspot_orig_088_jpg.rf.2617f0f82c0fe2e6a0981f581d8393c1.jpg,587,587,1.0,587x587
r6k_train_brownspot_orig_088_jpg.rf.554d2499bd27727b966f3eaa7e28a9fa.jpg,587,587,1.0,587x587
r6k_train_brownspot_orig_088_jpg.rf.724babf343f229d3b91c04c9f2e20500.jpg,587,587,1.0,587x587
r6k_train_brownspot_orig_088_jpg.rf.933b4ec896ac8b5d9a26de673f6e2369.jpg,587,587,1.0,587x587
r6k_train_brownspot_orig_088_jpg.rf.97c7ce8a5f86fd07104aa7b1741ece4d.jpg,587,587,1.0,587x587
r6k_train_brownspot_orig_088_jpg.rf.a3a22b3c2ae003d0ab9b57e878109aa1.jpg,587,587,1.0,587x587
r6k_train_brownspot_orig_088_jpg.rf.b075de13a98aff94d76bf339b9a1f587.jpg,587,587,1.0,587x587
r6k_train_brownspot_orig_088_jpg.rf.e4b27a330d0a9eee424aeb1fc63ebb6f.jpg,587,587,1.0,587x587
r6k_train_brownspot_orig_088_jpg.rf.eb7df6d9c4283701abff665175b8c0e1.jpg,587,587,1.0,587x587
r6k_train_brownspot_orig_090_jpg.rf.04e771c07b5a8e5fa41024c6559c30f5.jpg,587,587,1.0,587x587
r6k_train_brownspot_orig_090_jpg.rf.1589407d6a076f6e602d338997739164.jpg,587,587,1.0,587x587
r6k_train_brownspot_orig_090_jpg.rf.206174fcfeea3e92df6e52b5009dd800.jpg,587,587,1.0,587x587
r6k_train_brownspot_orig_090_jpg.rf.26240be85bd9bac371a710e879199459.jpg,587,587,1.0,587x587
r6k_train_brownspot_orig_090_jpg.rf.613da1def1cbef27ac0b64a210048bc3.jpg,587,587,1.0,587x587
r6k_train_brownspot_orig_090_jpg.rf.ae6c4d4ae25ea39d6ab359ae87f8eecc.jpg,587,587,1.0,587x587
r6k_train_brownspot_orig_090_jpg.rf.cee4a5b92801c11d8fde0bd36274b632.jpg,587,587,1.0,587x587
r6k_train_brownspot_orig_090_jpg.rf.d1c77edee302243f2e927932d65274e7.jpg,587,587,1.0,587x587
r6k_train_brownspot_orig_090_jpg.rf.dcb7e727b47fb70328ec2de16c0b5044.jpg,587,587,1.0,587x587
r6k_train_brownspot_orig_091_jpg.rf.2d7b7f24657d36c4db097d3c83575f18.jpg,587,587,1.0,587x587
r6k_train_brownspot_orig_091_jpg.rf.5ede6d64e78a84a052e8f18a84ea9d56.jpg,587,587,1.0,587x587
r6k_train_brownspot_orig_092_jpg.rf.4dbca26e5fef93196ec75aed35a79639.jpg,587,587,1.0,587x587
r6k_train_brownspot_orig_092_jpg.rf.54653f7ac0a2ee3e3f3260ff593a1a08.jpg,587,587,1.0,587x587
r6k_train_brownspot_orig_092_jpg.rf.698df0b788909c279d8feaa83e0598fc.jpg,587,587,1.0,587x587
r6k_train_brownspot_orig_092_jpg.rf.f562e544742a833a9bfd07631fa5e6dd.jpg,587,587,1.0,587x587
r6k_train_brownspot_orig_093_jpg.rf.78fd08a1f62d0ef9834c053f3b24356f.jpg,587,587,1.0,587x587
r6k_train_brownspot_orig_094_jpg.rf.05f90567d7417abc005c3f568509a0f9.jpg,587,587,1.0,587x587
r6k_train_brownspot_orig_094_jpg.rf.6a1510df91740427bd455fe133d70155.jpg,587,587,1.0,587x587
r6k_train_brownspot_orig_094_jpg.rf.6f22ac5bb350bec8aa18d61eaecf6d5e.jpg,587,587,1.0,587x587
r6k_train_brownspot_orig_094_jpg.rf.886b16cbae9731ab5440eef7bfc88455.jpg,587,587,1.0,587x587
r6k_train_brownspot_orig_094_jpg.rf.9206530c0b28282358ea80e19c23d637.jpg,587,587,1.0,587x587
r6k_train_brownspot_orig_094_jpg.rf.99b7fdb618af19cbab44b5b126cc16ad.jpg,587,587,1.0,587x587
r6k_train_brownspot_orig_094_jpg.rf.c5e9939d03a8cba44ff0801644e6a388.jpg,587,587,1.0,587x587
r6k_train_brownspot_orig_094_jpg.rf.d31ea4a5ad136adeefe0e35be8ca7e99.jpg,587,587,1.0,587x587
r6k_train_brownspot_orig_094_jpg.rf.f5d3a01e5ec6e31afedf40c364189731.jpg,587,587,1.0,587x587
r6k_train_brownspot_orig_095_jpg.rf.23db60e3eecc71a51840005c3607c193.jpg,587,587,1.0,587x587
r6k_train_brownspot_orig_095_jpg.rf.3e49242b0479d3aed27df187c820fc14.jpg,587,587,1.0,587x587
r6k_train_brownspot_orig_095_jpg.rf.51c2018a042cc0475a501d35dcf8ce91.jpg,587,587,1.0,587x587
r6k_train_brownspot_orig_095_jpg.rf.77e20f9dd53a48be41751df43d66c387.jpg,587,587,1.0,587x587
r6k_train_brownspot_orig_095_jpg.rf.8117fcbe78599a9da5935049f52f3c3a.jpg,587,587,1.0,587x587
r6k_train_brownspot_orig_095_jpg.rf.82206cd213c081618389e76738ddca4a.jpg,587,587,1.0,587x587
r6k_train_brownspot_orig_095_jpg.rf.8e1848397171e9691b1def469c51bd05.jpg,587,587,1.0,587x587
r6k_train_brownspot_orig_095_jpg.rf.8e6083ce26c6eadde07e52ee98dc44bb.jpg,587,587,1.0,587x587
r6k_train_brownspot_orig_095_jpg.rf.9be0e9921e60fb7a283ea08f65231362.jpg,587,587,1.0,587x587
r6k_train_brownspot_orig_095_jpg.rf.9c64941d428a7832accff79ec2cab5fd.jpg,587,587,1.0,587x587
r6k_train_brownspot_orig_095_jpg.rf.a7e6c7440d493cc5c51a530b321b6a99.jpg,587,587,1.0,587x587
r6k_train_brownspot_orig_096_jpg.rf.1a2dfbaef307b90f1dcb138e87c797ca.jpg,587,587,1.0,587x587
r6k_train_brownspot_orig_096_jpg.rf.24c68e91b07dbc9f283819781b3020c0.jpg,587,587,1.0,587x587
r6k_train_brownspot_orig_096_jpg.rf.2daf9f94790dde849d91f5922bc33fa1.jpg,587,587,1.0,587x587
r6k_train_brownspot_orig_096_jpg.rf.3254bc6425daffb912cb72888b0b2680.jpg,587,587,1.0,587x587
r6k_train_brownspot_orig_096_jpg.rf.37fcd51ebdee44483755d251d9651a59.jpg,587,587,1.0,587x587
r6k_train_brownspot_orig_096_jpg.rf.ae62ec0bcd5ce1e46b98acd27cff5a40.jpg,587,587,1.0,587x587
r6k_train_brownspot_orig_096_jpg.rf.d383377acabf29ca541f4a8561989671.jpg,587,587,1.0,587x587
r6k_train_brownspot_orig_096_jpg.rf.fe07c96fe6eff7ff22aa2a5a79d85b7a.jpg,587,587,1.0,587x587
r6k_train_brownspot_orig_097_jpg.rf.02aab891d5704b4cb492dc33f4aa0433.jpg,587,587,1.0,587x587
r6k_train_brownspot_orig_097_jpg.rf.093ddfbe4eef0954c9b51b7b9467caa9.jpg,587,587,1.0,587x587
r6k_train_brownspot_orig_097_jpg.rf.20834a7292dd509f24ba5c0c92dcbd90.jpg,587,587,1.0,587x587
r6k_train_brownspot_orig_097_jpg.rf.4abba4f083761f73c24d4a346b145a19.jpg,587,587,1.0,587x587
r6k_train_brownspot_orig_097_jpg.rf.9fc773145f034e9740d30887f7902698.jpg,587,587,1.0,587x587
r6k_train_brownspot_orig_097_jpg.rf.c7286cb3d312b23710054c2a763aa3bf.jpg,587,587,1.0,587x587
r6k_train_brownspot_orig_097_jpg.rf.f0d22b5f7264a36c58891a04b1d5681f.jpg,587,587,1.0,587x587
r6k_train_brownspot_orig_097_jpg.rf.fbaefb1cdf2bd3f7d0a79368f2d5c1c7.jpg,587,587,1.0,587x587
r6k_train_IMG_20190419_105659_jpg.rf.625572c578902618691aaa920c49bb50.jpg,587,587,1.0,587x587
r6k_train_IMG_20190419_105830_jpg.rf.22e02bb08dd7d0a8e5baa5639ea0aaf7.jpg,587,587,1.0,587x587
r6k_train_IMG_20190419_105830_jpg.rf.2452f0aa72471fcd77ee221a66a71017.jpg,587,587,1.0,587x587
r6k_train_IMG_20190419_105830_jpg.rf.7c1b7bb92ab388c2a9b767d32bb3eb9e.jpg,587,587,1.0,587x587
r6k_train_IMG_20190419_105830_jpg.rf.7e6f4251a8f5d470dfc276245f08e1cc.jpg,587,587,1.0,587x587
r6k_train_IMG_20190419_105830_jpg.rf.c5232e79b082d4c64f171d2e4f1517bd.jpg,587,587,1.0,587x587
r6k_train_IMG_20190419_105830_jpg.rf.fadc272a83c882b7e7d8e86f8193c7df.jpg,587,587,1.0,587x587
r6k_train_IMG_20190419_105830_jpg.rf.fdabeba6e9622b286119299a91c93d54.jpg,587,587,1.0,587x587
r6k_train_IMG_20190419_110059_jpg.rf.1fefdc5d591988140a7141a4ec42ad07.jpg,587,587,1.0,587x587
r6k_train_IMG_20190419_110059_jpg.rf.587866d99843715da267571965d1a537.jpg,587,587,1.0,587x587
r6k_train_IMG_20190419_110059_jpg.rf.71c73219d8c7eec5ce3b7ed6aa156c6f.jpg,587,587,1.0,587x587
r6k_train_IMG_20190419_110059_jpg.rf.ca5a87b26c8576af5dae39c570ca5f97.jpg,587,587,1.0,587x587
r6k_train_IMG_20190419_110059_jpg.rf.d76ec05fd2bd7246a85faa26dcc0ec28.jpg,587,587,1.0,587x587
r6k_train_IMG_20190419_112552_jpg.rf.0480fd20f8b2d931efa67eca0df9c510.jpg,587,587,1.0,587x587
r6k_train_IMG_20190419_112552_jpg.rf.2353027e2a0e4919b7c6dde92b0905c1.jpg,587,587,1.0,587x587
r6k_train_IMG_20190419_112552_jpg.rf.26fe65ac7238217e351c63da0386acb8.jpg,587,587,1.0,587x587
r6k_train_IMG_20190419_112552_jpg.rf.4051a7bebb51e7ae253a2af283c0f94d.jpg,587,587,1.0,587x587
r6k_train_IMG_20190419_112552_jpg.rf.75c6c401cdf0dfa1b62efff6d193beba.jpg,587,587,1.0,587x587
r6k_train_IMG_20190419_112552_jpg.rf.a4f4a61faaa875727a048f95ab39e433.jpg,587,587,1.0,587x587
r6k_train_IMG_20190419_112552_jpg.rf.d1d9c06e700bd3a6d5d2100388ff66c8.jpg,587,587,1.0,587x587
r6k_train_IMG_20190419_112552_jpg.rf.fcc5767cc964aaa91767cc4fd18e80b8.jpg,587,587,1.0,587x587
r6k_train_IMG_20190419_125436_jpg.rf.2117cf85ef70609634127e9c160d0db7.jpg,587,587,1.0,587x587
r6k_train_IMG_20190419_125436_jpg.rf.4d64b5dcec3fa98bf38dffc1222508e2.jpg,587,587,1.0,587x587
r6k_train_IMG_20190419_125436_jpg.rf.792989a253129aeae0038aaa631a47be.jpg,587,587,1.0,587x587
r6k_train_IMG_20190419_125436_jpg.rf.7ac79209d0a27ddc0cfbdef2cffd7316.jpg,587,587,1.0,587x587
r6k_train_IMG_20190419_125436_jpg.rf.88ed53bb09a15862adcc4597f9fb9b49.jpg,587,587,1.0,587x587
r6k_train_IMG_20190419_125436_jpg.rf.fa5ccc7cdfac86f9d202984d190e7674.jpg,587,587,1.0,587x587
r6k_train_IMG_20190419_132058_jpg.rf.2cf496fcd65664a97b734698abdfc4cd.jpg,587,587,1.0,587x587
r6k_train_IMG_20190419_132058_jpg.rf.9cd8eb7d9e183a007e62d0fc99cafee2.jpg,587,587,1.0,587x587
r6k_train_IMG_20190419_132058_jpg.rf.ea366f95994ac7d353085999e2384d3a.jpg,587,587,1.0,587x587
r6k_train_IMG_20190419_140253_jpg.rf.5a98d54d548712ae2718b04703ad61fc.jpg,587,587,1.0,587x587
r6k_train_IMG_20190419_140253_jpg.rf.9dc57daac25fc49d3b0ece820b4dbbfc.jpg,587,587,1.0,587x587
r6k_train_IMG_20190419_140253_jpg.rf.c5c68d833afbd5fa4ed4ca6f03c46257.jpg,587,587,1.0,587x587
r6k_train_IMG_20190419_140253_jpg.rf.ecbb782ad5ef667dd9ef11da74699f45.jpg,587,587,1.0,587x587
r6k_train_IMG_20190419_141035_jpg.rf.04dfb0a39cbc2f86c8f48c953b7ababd.jpg,587,587,1.0,587x587
r6k_train_IMG_20190419_141035_jpg.rf.5024e13d0f2eecbd75cd485657a0a097.jpg,587,587,1.0,587x587
r6k_train_IMG_20190419_141051_jpg.rf.1604589992904d20f6307337de37c1f6.jpg,587,587,1.0,587x587
r6k_train_IMG_20190419_141051_jpg.rf.591e7f898dd8914be6c2a7b3d246eca0.jpg,587,587,1.0,587x587
r6k_train_IMG_20190419_141051_jpg.rf.7d4c850e93714281a58188c1fc51bdca.jpg,587,587,1.0,587x587
r6k_train_IMG_20190419_141051_jpg.rf.89282e2f2920e0703acf90de393ed627.jpg,587,587,1.0,587x587
r6k_train_IMG_20190419_141051_jpg.rf.923b5d49fdac4126fc8961ab6ed2a376.jpg,587,587,1.0,587x587
r6k_train_IMG_20190419_141051_jpg.rf.966c794146aadba52c403670827b0dea.jpg,587,587,1.0,587x587
r6k_train_IMG_20190419_141051_jpg.rf.a462b197dc01bf314537461c6cf57df4.jpg,587,587,1.0,587x587
r6k_train_IMG_20190419_141051_jpg.rf.b4ee83554bba24e49887b3ff8502e8f9.jpg,587,587,1.0,587x587
r6k_train_IMG_20190419_141051_jpg.rf.ed507541218a5238633b8ddced9a3ac1.jpg,587,587,1.0,587x587
r6k_train_IMG_20190419_141055_jpg.rf.6ff00633ee02ae668bae814765976e82.jpg,587,587,1.0,587x587
r6k_train_IMG_20190419_141055_jpg.rf.c00784da12952c7cbefbab7665f8f2c8.jpg,587,587,1.0,587x587
r6k_train_IMG_20190419_141055_jpg.rf.c3149567a9e6272ce10c1f7757751b46.jpg,587,587,1.0,587x587
r6k_train_IMG_20190419_141220_jpg.rf.1fb70bab5b2be3b751a3b52a2b9e5100.jpg,587,587,1.0,587x587
r6k_train_IMG_20190419_141220_jpg.rf.45792b9ea3a355a0cdc1831a41b82339.jpg,587,587,1.0,587x587
r6k_train_IMG_20190419_141220_jpg.rf.6d1d98d57078dcdad35adfbd10e04aaa.jpg,587,587,1.0,587x587
r6k_train_IMG_20190419_141220_jpg.rf.805159d96236c833c3b1acf95b134296.jpg,587,587,1.0,587x587
r6k_train_IMG_20190419_141220_jpg.rf.84dcc605097425dee3863c42c3d40bfe.jpg,587,587,1.0,587x587
r6k_train_IMG_20190419_141220_jpg.rf.af2d914705090879db5b44d41ed55113.jpg,587,587,1.0,587x587
r6k_train_IMG_20190419_141220_jpg.rf.c790c55d6ee7669b6660e645e3e55d72.jpg,587,587,1.0,587x587
r6k_train_IMG_20190419_141220_jpg.rf.da724d126c32e45345fb322dade1f424.jpg,587,587,1.0,587x587
r6k_train_IMG_20190419_141220_jpg.rf.e6d56a1d7e9fabe243eda88b8eb25207.jpg,587,587,1.0,587x587
r6k_train_IMG_20190419_141220_jpg.rf.ff4db303f8286cbb1bd5f728eb9cef18.jpg,587,587,1.0,587x587
r6k_train_IMG_20190419_141224_jpg.rf.4629388a146c95b7faafa352b21ed19e.jpg,587,587,1.0,587x587
r6k_train_IMG_20190419_141224_jpg.rf.4d640808c417c0782e2e277e73ebefb4.jpg,587,587,1.0,587x587
r6k_train_IMG_20190419_141224_jpg.rf.7089b514fdf7b491f510c9ef11c43b4a.jpg,587,587,1.0,587x587
r6k_train_IMG_20190419_141224_jpg.rf.8fdd78c0778d6ca7fd4d925b06e0b5f5.jpg,587,587,1.0,587x587
r6k_train_IMG_20190419_141224_jpg.rf.b10aeb2dc4d9aedccd08beee933125f4.jpg,587,587,1.0,587x587
r6k_train_IMG_20190419_141224_jpg.rf.c2aab110169af58fdb1f8fe15abe005d.jpg,587,587,1.0,587x587
r6k_train_IMG_20190419_141224_jpg.rf.e3797dfa53664a4d97fa80d08f4593b0.jpg,587,587,1.0,587x587
r6k_train_IMG_20190419_141224_jpg.rf.ea10fbd25173049574f2e7e84f6207ec.jpg,587,587,1.0,587x587
r6k_train_IMG_20190419_141224_jpg.rf.ee24cc2cb9499049dc94f0b43b5e93fc.jpg,587,587,1.0,587x587
r6k_train_IMG_20190419_141230_jpg.rf.168b304d65300de21f8bac38021fc69d.jpg,587,587,1.0,587x587
r6k_train_IMG_20190419_141230_jpg.rf.2a7a2e1eddc5ceee22870884a4e8bd44.jpg,587,587,1.0,587x587
r6k_train_IMG_20190419_141230_jpg.rf.85f6d13807ebb36fc8359eff9b319867.jpg,587,587,1.0,587x587
r6k_train_IMG_20190419_141230_jpg.rf.aba0eba69d98839182e78f8a972971b4.jpg,587,587,1.0,587x587
r6k_train_IMG_20190419_141230_jpg.rf.c59c0f3caa6e142875a8fd687ccffeee.jpg,587,587,1.0,587x587
r6k_train_IMG_20190419_141230_jpg.rf.d3f75a0191530bd4e77cc58f06070fd6.jpg,587,587,1.0,587x587
r6k_train_IMG_20190419_141230_jpg.rf.fa31b6951ad7adef70fa146a4aa40d33.jpg,587,587,1.0,587x587
r6k_train_IMG_20190419_141243_jpg.rf.dee3d8d71090a7e4e70ecc56d08f6c14.jpg,587,587,1.0,587x587
r6k_train_IMG_20190419_141243_jpg.rf.f27893c2d9a00a286d33b604b7238f6b.jpg,587,587,1.0,587x587
r6k_train_IMG_20190419_141513_jpg.rf.0b505489126d665f861401e28109ed99.jpg,587,587,1.0,587x587
r6k_train_IMG_20190419_141513_jpg.rf.1caabdd77071bf7f82f348c26b1b1a52.jpg,587,587,1.0,587x587
r6k_train_IMG_20190419_141513_jpg.rf.251ba79d053231318fd9e03c710f30ee.jpg,587,587,1.0,587x587
r6k_train_IMG_20190419_141513_jpg.rf.3641122fd5eeaaee9a89dd52379da680.jpg,587,587,1.0,587x587
r6k_train_IMG_20190419_141513_jpg.rf.c114b71f73acf648d7592c6d65eb5398.jpg,587,587,1.0,587x587
r6k_train_IMG_20190419_141521_jpg.rf.011485d8ee136d3f002270adcc0a8728.jpg,587,587,1.0,587x587
r6k_train_IMG_20190419_141521_jpg.rf.0db286b4bee70dc7c22087c85b1d0129.jpg,587,587,1.0,587x587
r6k_train_IMG_20190419_141521_jpg.rf.24e2d9ce4effd26b5f8e96a99311c165.jpg,587,587,1.0,587x587
r6k_train_IMG_20190419_141521_jpg.rf.4e48f0b67163b8a93245bf3c3d543c20.jpg,587,587,1.0,587x587
r6k_train_IMG_20190419_141521_jpg.rf.9cc50bc95378783044c8f02133a21b3a.jpg,587,587,1.0,587x587
r6k_train_IMG_20190419_141521_jpg.rf.b2ad5ac916278b695a69c95a20713847.jpg,587,587,1.0,587x587
r6k_train_IMG_20190419_141521_jpg.rf.ef4f0b990c3f7e7816c3a1ba7eb317c4.jpg,587,587,1.0,587x587
r6k_train_IMG_20190419_145350_jpg.rf.41e04d7ce448915e393dcb136489991a.jpg,587,587,1.0,587x587
r6k_train_IMG_20190419_145350_jpg.rf.ccbf018ae0ee86d205736022f59e567a.jpg,587,587,1.0,587x587
r6k_train_IMG_20190420_193215_jpg.rf.1eece1a7e6ea48dc6429270adcee6398.jpg,587,587,1.0,587x587
r6k_train_IMG_20190420_194955_jpg.rf.13be73f7b7dd06ca3127dc690d78b246.jpg,587,587,1.0,587x587
r6k_train_IMG_20190420_194955_jpg.rf.3e626d2feebf56a4b21b9490f62e37d7.jpg,587,587,1.0,587x587
r6k_train_IMG_20190420_194955_jpg.rf.5b2eb14af56e0d0d3ba4a90ec584e7fc.jpg,587,587,1.0,587x587
r6k_train_IMG_20190420_194955_jpg.rf.9f251a302386da2dfe9a24175b928f88.jpg,587,587,1.0,587x587
r6k_train_IMG_20190420_195000_jpg.rf.17c96b1578cbf4e9f838cc23b3fbc217.jpg,587,587,1.0,587x587
r6k_train_IMG_20190420_195000_jpg.rf.2527d2e36c6d944d6cafde2c0e85ff2a.jpg,587,587,1.0,587x587
r6k_train_IMG_20190420_195000_jpg.rf.2a4dab5196821502d603f04a662e43a9.jpg,587,587,1.0,587x587
r6k_train_IMG_20190420_195000_jpg.rf.664ed735f1844c5be298969af770044a.jpg,587,587,1.0,587x587
r6k_train_IMG_20190420_195000_jpg.rf.8e29a2f1f0e2d77233c38c6da9a870e1.jpg,587,587,1.0,587x587
r6k_train_IMG_20190420_195000_jpg.rf.aff91c221c783c45b6f11971fb443fbe.jpg,587,587,1.0,587x587
r6k_train_IMG_20190420_195000_jpg.rf.b175122332527c0082cede3fdc678c9b.jpg,587,587,1.0,587x587
r6k_train_IMG_20190420_195000_jpg.rf.d5db3864b2ecc80cc9170e6d54e37c95.jpg,587,587,1.0,587x587
r6k_train_IMG_20190420_195000_jpg.rf.db088a2da783f383b9907ebcc9031239.jpg,587,587,1.0,587x587
r6k_train_IMG_20190420_195000_jpg.rf.e2aac15b5f8f958591272675ddd7524f.jpg,587,587,1.0,587x587
r6k_train_IMG_20190420_195000_jpg.rf.f2b1049bacebcffe0a75d3b07386e9c7.jpg,587,587,1.0,587x587
r6k_train_IMG_20190420_195006_jpg.rf.63760740da75d025850921423c89b5ab.jpg,587,587,1.0,587x587
r6k_train_IMG_4765_jpg.rf.2467451f8bfed351dc9ef4a2864320e4.jpg,587,587,1.0,587x587
r6k_train_IMG_4765_jpg.rf.c483a55ed7ff2b62e7e0e0aeae88475a.jpg,587,587,1.0,587x587
r6k_train_IMG_4767_jpg.rf.035511fd4fba09a1482d37e30aaba7ee.jpg,587,587,1.0,587x587
r6k_train_IMG_4767_jpg.rf.83816726e2e6283c44c5d7c5de0a45cf.jpg,587,587,1.0,587x587
r6k_train_IMG_4769_jpg.rf.30479b6d01a5a07313702dfd252ffb86.jpg,587,587,1.0,587x587
r6k_train_IMG_4769_jpg.rf.410d9dc9c7b7df6e795ebfa645ff54d8.jpg,587,587,1.0,587x587
r6k_train_IMG_4769_jpg.rf.5a6cdf5e5e55197fed2e69cdb217b766.jpg,587,587,1.0,587x587
r6k_train_IMG_4769_jpg.rf.5d855741009640cb949039e9dedb65ab.jpg,587,587,1.0,587x587
r6k_train_IMG_4769_jpg.rf.87cec08be647f062d69b910037211214.jpg,587,587,1.0,587x587
r6k_train_IMG_4769_jpg.rf.a5850cb0893e84e9ee2689ac1233c396.jpg,587,587,1.0,587x587
r6k_train_IMG_4769_jpg.rf.bfb7f453fab85c9c76304a62a169b4af.jpg,587,587,1.0,587x587
r6k_train_IMG_4772_jpg.rf.02162d91f6ffc67a497aef07d526d84b.jpg,587,587,1.0,587x587
r6k_train_IMG_4772_jpg.rf.0446ac6f98f298d8393dc2862a09dd6b.jpg,587,587,1.0,587x587
r6k_train_IMG_4772_jpg.rf.107e4931392cbf350aad3674382cbbab.jpg,587,587,1.0,587x587
r6k_train_IMG_4772_jpg.rf.2889dad25472da8879493fa9133bab68.jpg,587,587,1.0,587x587
r6k_train_IMG_4772_jpg.rf.7e4c9b3e634a7d52f52207f2e08de64c.jpg,587,587,1.0,587x587
r6k_train_IMG_4772_jpg.rf.8c46b2123106f7147f0dd7584bbf9369.jpg,587,587,1.0,587x587
r6k_train_IMG_4772_jpg.rf.a25b910dc8bae7a2274a646f9e891ed9.jpg,587,587,1.0,587x587
r6k_train_IMG_4772_jpg.rf.bf36c17709833eaa180a61eb87582767.jpg,587,587,1.0,587x587
r6k_train_IMG_4772_jpg.rf.fc20666353d018f321c67cbba63a7e35.jpg,587,587,1.0,587x587
r6k_train_IMG_4840_jpg.rf.04ae09803a2cea93532ad2c71308bbc3.jpg,587,587,1.0,587x587
r6k_train_IMG_4840_jpg.rf.156e8e0e65f2fbb3a3561bd2246fa5f2.jpg,587,587,1.0,587x587
r6k_train_IMG_4840_jpg.rf.37383566b1e35c907399bed0816f1d1d.jpg,587,587,1.0,587x587
r6k_train_IMG_4840_jpg.rf.4184d121a547666879277980a0be836b.jpg,587,587,1.0,587x587
r6k_train_IMG_4840_jpg.rf.8a02e9dc5fac8bd1e085573aa68f2ba8.jpg,587,587,1.0,587x587
r6k_train_IMG_4840_jpg.rf.8ef85bbe679fadf56e08d760986e13db.jpg,587,587,1.0,587x587
r6k_train_IMG_4840_jpg.rf.9897f18fc973a47c84a8d2e955235117.jpg,587,587,1.0,587x587
r6k_train_IMG_4840_jpg.rf.a62c08cf732c268d577fc6f1550246c8.jpg,587,587,1.0,587x587
r6k_train_IMG_4840_jpg.rf.ac7fc05e248768161f1711aa2ee36b65.jpg,587,587,1.0,587x587
r6k_train_IMG_4852_jpg.rf.23a6b70efbd8d10f6eb197acfff2c4ff.jpg,587,587,1.0,587x587
r6k_train_IMG_4852_jpg.rf.7916c41e1f2633e6b9054424bb038d79.jpg,587,587,1.0,587x587
r6k_train_IMG_4951_jpg.rf.2aa57b5d77cb3e395fe01f9ebd6e2e90.jpg,587,587,1.0,587x587
r6k_train_IMG_4951_jpg.rf.4a050f93c1c44e0f1c00c5c88b9ca115.jpg,587,587,1.0,587x587
r6k_train_IMG_4951_jpg.rf.6099a4879c4d06b0a0eebad280a59cfc.jpg,587,587,1.0,587x587
r6k_train_IMG_5483_jpg.rf.3bea5c6fcd0b0984b7a2c0c7a3c99c68.jpg,587,587,1.0,587x587
r6k_train_IMG_5483_jpg.rf.4ad665aa47a0855d9458b5b1db53750f.jpg,587,587,1.0,587x587
r6k_train_IMG_5483_jpg.rf.705be4bf80bceb31caaac3d460788e6f.jpg,587,587,1.0,587x587
r6k_train_IMG_5483_jpg.rf.9e99d4f75741bbd69c894141aef7bac9.jpg,587,587,1.0,587x587
r6k_train_IMG_5483_jpg.rf.d64c18633ab5b6fb11d296ba7f828ffd.jpg,587,587,1.0,587x587
r6k_train_IMG_5489_jpg.rf.090ed964820142843fae84d60c25faca.jpg,587,587,1.0,587x587
r6k_train_IMG_5489_jpg.rf.33005bfa22b04ad1fa79c417bc4a31f3.jpg,587,587,1.0,587x587
r6k_train_IMG_5489_jpg.rf.54f022825735c6eaf1ccc79e547dd661.jpg,587,587,1.0,587x587
r6k_train_IMG_5489_jpg.rf.5e75208b02d3c27f9c116cf177afe4c2.jpg,587,587,1.0,587x587
r6k_train_IMG_5489_jpg.rf.79bd73dfc69a527b996a7cd8fb7aed1e.jpg,587,587,1.0,587x587
r6k_train_IMG_5489_jpg.rf.9b5923ca39312099fd023dac6658dba3.jpg,587,587,1.0,587x587
r6k_train_IMG_5489_jpg.rf.c97d5e5962753e7ef2f7f2f0a5abb5ef.jpg,587,587,1.0,587x587
r6k_train_IMG_5489_jpg.rf.d201c48b08e122672346b17739d110c4.jpg,587,587,1.0,587x587
r6k_train_IMG_5489_jpg.rf.d4757dec22b86b9e8fdfcd24263ee4bc.jpg,587,587,1.0,587x587
r6k_train_IMG_5489_jpg.rf.d919acb2d6b382cb66eabb6d5a533dde.jpg,587,587,1.0,587x587
r6k_train_IMG_5489_jpg.rf.fa3c90a22ff0a6696d0eb2c20c69e8f2.jpg,587,587,1.0,587x587
r6k_train_IMG_5492_jpg.rf.134c8b4532ed0b60e1c40e3cb96d66c0.jpg,587,587,1.0,587x587
r6k_train_IMG_5492_jpg.rf.36d997b328e0619c073d9a112ba72cb8.jpg,587,587,1.0,587x587
r6k_train_IMG_5492_jpg.rf.41f4755bd049140e998778d74d62327f.jpg,587,587,1.0,587x587
r6k_train_IMG_5492_jpg.rf.704a654a5ee84e0fb8708a66e9ccf256.jpg,587,587,1.0,587x587
r6k_train_IMG_5492_jpg.rf.759d524e24e55b9fe8ff2887dcc3ebd3.jpg,587,587,1.0,587x587
r6k_train_IMG_5492_jpg.rf.8bb060be4872ec1db5ab0b819b11b7aa.jpg,587,587,1.0,587x587
r6k_train_IMG_5495_jpg.rf.6c4654bfaa65c06225237dff09faf225.jpg,587,587,1.0,587x587
r6k_train_IMG_5495_jpg.rf.813b96f7dcff743718b0e51ce3b3565f.jpg,587,587,1.0,587x587
r6k_train_IMG_5495_jpg.rf.9118683844a819bb92cf5be8611b5ad1.jpg,587,587,1.0,587x587
r6k_train_IMG_5495_jpg.rf.923116dfbb37b6d1e48c32056f1fa411.jpg,587,587,1.0,587x587
r6k_train_IMG_5495_jpg.rf.c84f08f20119a241b0084dfadd2e19f0.jpg,587,587,1.0,587x587
r6k_train_IMG_5495_jpg.rf.d316a3aeb3dd7e968b223f2b08d28114.jpg,587,587,1.0,587x587
r6k_train_IMG_5495_jpg.rf.e80913d1586255a981fded0495f077a8.jpg,587,587,1.0,587x587
r6k_train_IMG_5512_jpg.rf.56561a1067f8cbf00a99257026ee1d4c.jpg,587,587,1.0,587x587
r6k_train_IMG_5512_jpg.rf.67cb3c3502b475ec81f0b6bb46a1624f.jpg,587,587,1.0,587x587
r6k_train_IMG_5512_jpg.rf.a6c3907e38923afae70f815a2c68ac8b.jpg,587,587,1.0,587x587
r6k_train_IMG_5512_jpg.rf.b8c17797bfbb807f0e9562b634fb32e6.jpg,587,587,1.0,587x587
r6k_train_IMG_5512_jpg.rf.d7498e8c03aa8dc73db4648f3092de39.jpg,587,587,1.0,587x587
r6k_train_IMG_5523_jpg.rf.11c13a8a6aa0c25bb82dd1b52464d75b.jpg,587,587,1.0,587x587
r6k_train_IMG_5523_jpg.rf.306f5211f89b93fa1700a3f205c63ebd.jpg,587,587,1.0,587x587
r6k_train_IMG_5523_jpg.rf.360f826a882efa872d40dde118de6d97.jpg,587,587,1.0,587x587
r6k_train_IMG_5523_jpg.rf.8a486ab35c8c5303a4df7c502f9a1314.jpg,587,587,1.0,587x587
r6k_train_IMG_5523_jpg.rf.8b20a1a89799b8a45608b6e6f8b8cece.jpg,587,587,1.0,587x587
r6k_train_IMG_5523_jpg.rf.8f399c2dd4c145ecc9484e7f072844dd.jpg,587,587,1.0,587x587
r6k_train_IMG_5523_jpg.rf.d975744ee877fbd73d946f27ba629f40.jpg,587,587,1.0,587x587
r6k_train_IMG_5525_jpg.rf.266e2b5301dc6178ba1c839270960219.jpg,587,587,1.0,587x587
r6k_train_IMG_5525_jpg.rf.2cb874ec8d828c41ff64dc7452a401d2.jpg,587,587,1.0,587x587
r6k_train_IMG_5525_jpg.rf.3bd39ea14642fd55b69dec1d7a2d9c83.jpg,587,587,1.0,587x587
r6k_train_IMG_5525_jpg.rf.4f7718a1bd9002cca7cec1eba478fd97.jpg,587,587,1.0,587x587
r6k_train_IMG_5525_jpg.rf.727505b041de799ec401a06529204bdd.jpg,587,587,1.0,587x587
r6k_train_IMG_5525_jpg.rf.7c4a71514628f15e70349adc0c29ab50.jpg,587,587,1.0,587x587
r6k_train_IMG_5525_jpg.rf.87ca073419124a5f311eb7bab674e934.jpg,587,587,1.0,587x587
r6k_train_IMG_5525_jpg.rf.8a32bb271e6bb9684fbd2a8920afc946.jpg,587,587,1.0,587x587
r6k_train_IMG_5525_jpg.rf.a8a60840f00e2b15eb183872d0a62a0a.jpg,587,587,1.0,587x587
r6k_train_IMG_5525_jpg.rf.ba5425d01008cae9460982e1e1e557ff.jpg,587,587,1.0,587x587
r6k_train_IMG_5525_jpg.rf.c6d6e7dc6cf49292ce2d071193c73914.jpg,587,587,1.0,587x587
r6k_train_IMG_5525_jpg.rf.cd5eeb687fbba0afa29df7a92ee87769.jpg,587,587,1.0,587x587
r6k_train_img_blb_0_jpg.rf.11e8c628a54fbc0d82e44d76a8b17ee7.jpg,587,587,1.0,587x587
r6k_train_img_blb_0_jpg.rf.423b431cf65fd6c8200de3b11388c2c9.jpg,587,587,1.0,587x587
r6k_train_img_blb_0_jpg.rf.4b664d0666c49e0e6fd8cdf349f3d738.jpg,587,587,1.0,587x587
r6k_train_img_blb_0_jpg.rf.5714f842627994cd696d486b837cdfcc.jpg,587,587,1.0,587x587
r6k_train_img_blb_0_jpg.rf.733afe64ab7dba33ddf1664ab63ed1de.jpg,587,587,1.0,587x587
r6k_train_img_blb_0_jpg.rf.882b1845de151fb20c7da8e7b083e19e.jpg,587,587,1.0,587x587
r6k_train_img_blb_0_jpg.rf.c7e5934d61771499040da148920e7a25.jpg,587,587,1.0,587x587
r6k_train_img_blb_0_jpg.rf.f909908a027a63e7ca44db60d08d3ea9.jpg,587,587,1.0,587x587
r6k_train_img_blb_100_jpeg_jpg.rf.0cd0bdbda446a3c624a19ac1adbb1177.jpg,587,587,1.0,587x587
r6k_train_img_blb_100_jpeg_jpg.rf.97650e9726cf1a5ca891f0cb6915bcef.jpg,587,587,1.0,587x587
r6k_train_img_blb_100_jpeg_jpg.rf.bfda261efc74671b892897d5a40cd129.jpg,587,587,1.0,587x587
r6k_train_img_blb_104_jpeg_jpg.rf.4613287ef6247e3163980d38f86bf377.jpg,587,587,1.0,587x587
r6k_train_img_blb_105_jpeg_jpg.rf.0c7a15fa8db223b7792c3d9b966de85b.jpg,587,587,1.0,587x587
r6k_train_img_blb_105_jpeg_jpg.rf.10804936429015bdb79ca2db519a60bb.jpg,587,587,1.0,587x587
r6k_train_img_blb_105_jpeg_jpg.rf.805a209e2147880f27cda17f586469c3.jpg,587,587,1.0,587x587
r6k_train_img_blb_105_jpeg_jpg.rf.8fea9ebd0046dc03b086b5ab93ecec17.jpg,587,587,1.0,587x587
r6k_train_img_blb_105_jpeg_jpg.rf.92e416ff9d7505fc68a53e93f3063943.jpg,587,587,1.0,587x587
r6k_train_img_blb_105_jpeg_jpg.rf.a7bed204b81d89c40d2501672bb43ebe.jpg,587,587,1.0,587x587
r6k_train_img_blb_105_jpeg_jpg.rf.e204214c6aed2e0c8c31bc8462d24b3a.jpg,587,587,1.0,587x587
r6k_train_img_blb_106_jpeg_jpg.rf.20216987e6769d8315703612a8f742e9.jpg,587,587,1.0,587x587
r6k_train_img_blb_106_jpeg_jpg.rf.26ee63dc6e0e03fa89b3d2ea3e0f1a8d.jpg,587,587,1.0,587x587
r6k_train_img_blb_106_jpeg_jpg.rf.35b9e9a42ea33fd98937bf5336f3c7d3.jpg,587,587,1.0,587x587
r6k_train_img_blb_106_jpeg_jpg.rf.7bbc611afbaa64a1809b6e847a9a4dc3.jpg,587,587,1.0,587x587
r6k_train_img_blb_106_jpeg_jpg.rf.8a37f827ec2e2e34529d9aaf2d743c5e.jpg,587,587,1.0,587x587
r6k_train_img_blb_106_jpeg_jpg.rf.a2d9ad34376e6407ccce8cf354f0731f.jpg,587,587,1.0,587x587
r6k_train_img_blb_106_jpeg_jpg.rf.b8f805b7db2125fbeb7e370792808071.jpg,587,587,1.0,587x587
r6k_train_img_blb_106_jpeg_jpg.rf.ed871edabe48cb99bc4ec4d969bca06d.jpg,587,587,1.0,587x587
r6k_train_img_blb_108_jpeg_jpg.rf.14b4b3849dd73e1f8fb5c96a33ba8c1f.jpg,587,587,1.0,587x587
r6k_train_img_blb_108_jpeg_jpg.rf.2e11a457530421aaaf5a737cc63c1442.jpg,587,587,1.0,587x587
r6k_train_img_blb_108_jpeg_jpg.rf.b57ef6ba7904c36bd156e8599e83c4fa.jpg,587,587,1.0,587x587
r6k_train_img_blb_108_jpeg_jpg.rf.dd91beef8eb01af17928779fbb284f8f.jpg,587,587,1.0,587x587
r6k_train_img_blb_109_jpeg_jpg.rf.21aba7749e5180dd4735bc6a028c3272.jpg,587,587,1.0,587x587
r6k_train_img_blb_109_jpeg_jpg.rf.402a1f9925ff7924bdaa43a5a04052e2.jpg,587,587,1.0,587x587
r6k_train_img_blb_109_jpeg_jpg.rf.54e9d940ad971193d35cca90c9f1a204.jpg,587,587,1.0,587x587
r6k_train_img_blb_109_jpeg_jpg.rf.9b3246b883c93fb690bdb31b3d20f2fb.jpg,587,587,1.0,587x587
r6k_train_img_blb_109_jpeg_jpg.rf.a69a4f7cd4d0fba53808537dea53ee56.jpg,587,587,1.0,587x587
r6k_train_img_blb_109_jpeg_jpg.rf.b110a50ce7a55c36c5a8935df5ff44de.jpg,587,587,1.0,587x587
r6k_train_img_blb_109_jpeg_jpg.rf.ffb4766ed3c553afdfa4397e27dbfe61.jpg,587,587,1.0,587x587
r6k_train_img_blb_111_jpeg_jpg.rf.270b7c1be78acb44af5be3591c8bd7e0.jpg,587,587,1.0,587x587
r6k_train_img_blb_111_jpeg_jpg.rf.a19ba8339b352ea1f55764f18e750948.jpg,587,587,1.0,587x587
r6k_train_img_blb_111_jpeg_jpg.rf.a9982a100158f777483d17b1b621b617.jpg,587,587,1.0,587x587
r6k_train_img_blb_112_jpeg_jpg.rf.9261f6f22fc1fb246eb843418b321456.jpg,587,587,1.0,587x587
r6k_train_img_blb_112_jpeg_jpg.rf.ae2ecac73a6e021b852794f2e97a7649.jpg,587,587,1.0,587x587
r6k_train_img_blb_113_jpeg_jpg.rf.24e3faf72a36dc690a9297be9f9044dd.jpg,587,587,1.0,587x587
r6k_train_img_blb_113_jpeg_jpg.rf.37876d681d7b84897a61c89de684bc4a.jpg,587,587,1.0,587x587
r6k_train_img_blb_113_jpeg_jpg.rf.9e83b1d13e019966a6784d5d3507eda2.jpg,587,587,1.0,587x587
r6k_train_img_blb_113_jpeg_jpg.rf.a76806e53fcdb3425e02260213c219b7.jpg,587,587,1.0,587x587
r6k_train_img_blb_113_jpeg_jpg.rf.afa2afa0cc7a08232e95960fef8d0705.jpg,587,587,1.0,587x587
r6k_train_img_blb_113_jpeg_jpg.rf.b4d370deff9475cdf05beea978433762.jpg,587,587,1.0,587x587
r6k_train_img_blb_113_jpeg_jpg.rf.c90c59e5fc704987e5b75dee431d4bc3.jpg,587,587,1.0,587x587
r6k_train_img_blb_115_jpeg_jpg.rf.086d1ebf0f58ac36a776531e7b7e7590.jpg,587,587,1.0,587x587
r6k_train_img_blb_115_jpeg_jpg.rf.5ab8d936afdefbb2dc09a7dcb329c872.jpg,587,587,1.0,587x587
r6k_train_img_blb_115_jpeg_jpg.rf.8631cc190b5ffdfba318d58384043f1d.jpg,587,587,1.0,587x587
r6k_train_img_blb_115_jpeg_jpg.rf.cde266058a9cedb5a30aeac3abbf9e85.jpg,587,587,1.0,587x587
r6k_train_img_blb_119_jpeg_jpg.rf.0842cd41352215926bfb33be84e20e8c.jpg,587,587,1.0,587x587
r6k_train_img_blb_119_jpeg_jpg.rf.0861db26548e06c790cf173d074eb220.jpg,587,587,1.0,587x587
r6k_train_img_blb_119_jpeg_jpg.rf.88e10b41d763b84c5c4128de15a6d6e2.jpg,587,587,1.0,587x587
r6k_train_img_blb_119_jpeg_jpg.rf.df49bca2d16a2e1b033b88cb7fa1c2bf.jpg,587,587,1.0,587x587
r6k_train_img_blb_121_jpeg_jpg.rf.4f08031b4a488e279ed2a4f195427594.jpg,587,587,1.0,587x587
r6k_train_img_blb_121_jpeg_jpg.rf.ba250dcb33715aa56b69fe60c0eb094a.jpg,587,587,1.0,587x587
r6k_train_img_blb_121_jpeg_jpg.rf.e7ab0f29b7fab1abb0fd414ac58b7908.jpg,587,587,1.0,587x587
r6k_train_img_blb_121_jpeg_jpg.rf.ecf336f4257d6965c1c798117c35cbbf.jpg,587,587,1.0,587x587
r6k_train_img_blb_121_jpeg_jpg.rf.f45af3b081ea15f7e718bdd20ca3d87f.jpg,587,587,1.0,587x587
r6k_train_img_blb_122_jpeg_jpg.rf.4d38cdf6c096b150e216daeb052c8a4c.jpg,587,587,1.0,587x587
r6k_train_img_blb_122_jpeg_jpg.rf.55edc0f7b7f2e8b61820230923517055.jpg,587,587,1.0,587x587
r6k_train_img_blb_122_jpeg_jpg.rf.ba11f3ce107ae32f259c0488e9f73501.jpg,587,587,1.0,587x587
r6k_train_img_blb_122_jpeg_jpg.rf.e8c30be9d372efb7606e4c9a5e1b0501.jpg,587,587,1.0,587x587
r6k_train_img_blb_123_jpeg_jpg.rf.267dbfe5d0f8f9c155744aa7f7ad57dd.jpg,587,587,1.0,587x587
r6k_train_img_blb_123_jpeg_jpg.rf.60d2c7a8a0a5a65c8da500956a12791a.jpg,587,587,1.0,587x587
r6k_train_img_blb_123_jpeg_jpg.rf.634a82813f78be63eda38b9008ed73c2.jpg,587,587,1.0,587x587
r6k_train_img_blb_123_jpeg_jpg.rf.68f9aa295d77f4442b5c6719bf2c16ac.jpg,587,587,1.0,587x587
r6k_train_img_blb_123_jpeg_jpg.rf.783ea9371c90921074b8771992e6069f.jpg,587,587,1.0,587x587
r6k_train_img_blb_123_jpeg_jpg.rf.b26e616a2d9babfbb7b808165e3a716a.jpg,587,587,1.0,587x587
r6k_train_img_blb_126_jpeg_jpg.rf.32865e23475c5ed33f400ddc1e968961.jpg,587,587,1.0,587x587
r6k_train_img_blb_126_jpeg_jpg.rf.53583d5b8a6c26a5c86e7ac1cc98d92f.jpg,587,587,1.0,587x587
r6k_train_img_blb_126_jpeg_jpg.rf.e97495ea338746c257a84da78961205f.jpg,587,587,1.0,587x587
r6k_train_img_blb_128_jpeg_jpg.rf.24c1c99d644b1e3d319cde33195dfad9.jpg,587,587,1.0,587x587
r6k_train_img_blb_128_jpeg_jpg.rf.5f63f8c43a266581678846631ccf2d93.jpg,587,587,1.0,587x587
r6k_train_img_blb_128_jpeg_jpg.rf.9a5283a984d7b50f787467b8b07700b8.jpg,587,587,1.0,587x587
r6k_train_img_blb_128_jpeg_jpg.rf.ac2c69df7667840f35252e8a1823f212.jpg,587,587,1.0,587x587
r6k_train_img_blb_128_jpeg_jpg.rf.dd8387b40c87b97bb7f0c8455ad29185.jpg,587,587,1.0,587x587
r6k_train_img_blb_129_jpeg_jpg.rf.0190c255abdaf37a4784edde6bd102cf.jpg,587,587,1.0,587x587
r6k_train_img_blb_129_jpeg_jpg.rf.134e8e4398aa878559a1c184440b3736.jpg,587,587,1.0,587x587
r6k_train_img_blb_129_jpeg_jpg.rf.573c5a51726c89367fffc4eef659569b.jpg,587,587,1.0,587x587
r6k_train_img_blb_129_jpeg_jpg.rf.5f279472d93eaa86ad662e60d286e679.jpg,587,587,1.0,587x587
r6k_train_img_blb_129_jpeg_jpg.rf.b87ef858d5e4fb4c70419728936d6e65.jpg,587,587,1.0,587x587
r6k_train_img_blb_129_jpeg_jpg.rf.fbe244a94b98f7e1fe4ac2eadd35a05f.jpg,587,587,1.0,587x587
r6k_train_img_blb_12_jpeg_jpg.rf.209085fcfc30b49effef70dd2dc96f01.jpg,587,587,1.0,587x587
r6k_train_img_blb_12_jpeg_jpg.rf.2e847bc6b4a3b83dfa84f798ec144696.jpg,587,587,1.0,587x587
r6k_train_img_blb_12_jpeg_jpg.rf.9561cb1f14b38ed77525c44ce745e5e0.jpg,587,587,1.0,587x587
r6k_train_img_blb_12_jpeg_jpg.rf.bf0d1993dbf04b9569c914dd38650b79.jpg,587,587,1.0,587x587
r6k_train_img_blb_12_jpeg_jpg.rf.e8d4a3be64cca0496dd8901c04a12fab.jpg,587,587,1.0,587x587
r6k_train_img_blb_12_jpeg_jpg.rf.ee987f3267f5ea875df1eedc7e2fef0a.jpg,587,587,1.0,587x587
r6k_train_img_blb_130_jpeg_jpg.rf.02c48d42f304c065601607b148f28e39.jpg,587,587,1.0,587x587
r6k_train_img_blb_130_jpeg_jpg.rf.06205e873dc67ef8055bd8fa7fff3a95.jpg,587,587,1.0,587x587
r6k_train_img_blb_130_jpeg_jpg.rf.3e657299dd31d50ad6c2c63cf5c42945.jpg,587,587,1.0,587x587
r6k_train_img_blb_130_jpeg_jpg.rf.b0861498791c891055969be021ce7b24.jpg,587,587,1.0,587x587
r6k_train_img_blb_130_jpeg_jpg.rf.ebcc066165a9f9cdb5b6f65c579b4e9c.jpg,587,587,1.0,587x587
r6k_train_img_blb_131_jpeg_jpg.rf.32b4ae82baec18756304541b5610ca08.jpg,587,587,1.0,587x587
r6k_train_img_blb_131_jpeg_jpg.rf.7803d826c2dcda36693f1a86370adc7e.jpg,587,587,1.0,587x587
r6k_train_img_blb_131_jpeg_jpg.rf.a0a09510e1ef6a4bd0dc73a5f3735391.jpg,587,587,1.0,587x587
r6k_train_img_blb_131_jpeg_jpg.rf.b528d326147fbb98d1005598bfc721ff.jpg,587,587,1.0,587x587
r6k_train_img_blb_131_jpeg_jpg.rf.ea39c19c6e75ba089efbb4754ca42af7.jpg,587,587,1.0,587x587
r6k_train_img_blb_133_jpeg_jpg.rf.899cd8d392a1cd700b5a5a7279923c0b.jpg,587,587,1.0,587x587
r6k_train_img_blb_133_jpeg_jpg.rf.8ce4f16df41d788f31053a0a18b637bd.jpg,587,587,1.0,587x587
r6k_train_img_blb_133_jpeg_jpg.rf.9bd278948959f13c347adb78dba4fc62.jpg,587,587,1.0,587x587
r6k_train_img_blb_133_jpeg_jpg.rf.c562ab61d767853d8f6a0047a460fe15.jpg,587,587,1.0,587x587
r6k_train_img_blb_133_jpeg_jpg.rf.d7c07bf889c6f5d7cba3f8d3a1b2aa35.jpg,587,587,1.0,587x587
r6k_train_img_blb_133_jpeg_jpg.rf.f3aeaaf3389b158dd0a097579ad28e8c.jpg,587,587,1.0,587x587
r6k_train_img_blb_137_jpeg_jpg.rf.f86674c972ee3f8d005a08330b6a8617.jpg,587,587,1.0,587x587
r6k_train_img_blb_141_jpeg_jpg.rf.1e2acd775abe1d1b0c7c3973269c3ecb.jpg,587,587,1.0,587x587
r6k_train_img_blb_141_jpeg_jpg.rf.7d545a00c7f929168ed89e00218b88e1.jpg,587,587,1.0,587x587
r6k_train_img_blb_141_jpeg_jpg.rf.af097f3e0fac9b5a7a6af2a0cf5b500a.jpg,587,587,1.0,587x587
r6k_train_img_blb_141_jpeg_jpg.rf.baad14f952d9b0bc5303120806252ef2.jpg,587,587,1.0,587x587
r6k_train_img_blb_142_jpeg_jpg.rf.042069ead7ff78aad0e3f812c549487c.jpg,587,587,1.0,587x587
r6k_train_img_blb_142_jpeg_jpg.rf.1e36abf97ef6cb135f7653ab539130c2.jpg,587,587,1.0,587x587
r6k_train_img_blb_142_jpeg_jpg.rf.5d93ef7ef392a0534e0cd60d86f76914.jpg,587,587,1.0,587x587
r6k_train_img_blb_142_jpeg_jpg.rf.e25c650daee308f08bed647cd01b57fd.jpg,587,587,1.0,587x587
r6k_train_img_blb_147_jpeg_jpg.rf.454baf1eda556357d6cf93eaf024dcd9.jpg,587,587,1.0,587x587
r6k_train_img_blb_147_jpeg_jpg.rf.a3edd5eb6ccb327cac3ae2071489ee35.jpg,587,587,1.0,587x587
r6k_train_img_blb_147_jpeg_jpg.rf.b08008e3be7397ddd2ba06368d0b2c38.jpg,587,587,1.0,587x587
r6k_train_img_blb_149_jpeg_jpg.rf.09634e3184ef5abf57308ed7b4cc9fe0.jpg,587,587,1.0,587x587
r6k_train_img_blb_149_jpeg_jpg.rf.590550168d3140bf15d89ac96044610b.jpg,587,587,1.0,587x587
r6k_train_img_blb_149_jpeg_jpg.rf.6fb941ca2dd1fada077b46370e0488ea.jpg,587,587,1.0,587x587
r6k_train_img_blb_149_jpeg_jpg.rf.c966aaa88d9b87a5a908a0d0085aff1d.jpg,587,587,1.0,587x587
r6k_train_img_blb_150_jpeg_jpg.rf.04d63e27fe9cf4df7f4b5c00945f935a.jpg,587,587,1.0,587x587
r6k_train_img_blb_150_jpeg_jpg.rf.21eed97bea412f6ffc7edfeceb106e55.jpg,587,587,1.0,587x587
r6k_train_img_blb_150_jpeg_jpg.rf.9d77df662c64d2d2d8438b8b37428f8b.jpg,587,587,1.0,587x587
r6k_train_img_blb_150_jpeg_jpg.rf.e0ed5cca85c6d380cc90134b648e79d6.jpg,587,587,1.0,587x587
r6k_train_img_blb_151_jpeg_jpg.rf.80498ebe5ec990c552e137d11c92216f.jpg,587,587,1.0,587x587
r6k_train_img_blb_151_jpeg_jpg.rf.b3ba267cf83a8ecd0ef4389265232de3.jpg,587,587,1.0,587x587
r6k_train_img_blb_151_jpeg_jpg.rf.b868ec5d78028672690f54d6f96ee4b4.jpg,587,587,1.0,587x587
r6k_train_img_blb_151_jpeg_jpg.rf.bb8c59004bedd5aa3298b19188b4d13f.jpg,587,587,1.0,587x587
r6k_train_img_blb_151_jpeg_jpg.rf.c040058fdf0422fad7417a98fbbead66.jpg,587,587,1.0,587x587
r6k_train_img_blb_151_jpeg_jpg.rf.cffffa47e6fe0ceefde35744fa884727.jpg,587,587,1.0,587x587
r6k_train_img_blb_151_jpeg_jpg.rf.d7697bf8e453cc7bb4e63b3033e02d7f.jpg,587,587,1.0,587x587
r6k_train_img_blb_152_jpeg_jpg.rf.078b8a293f21bccb858598167243da83.jpg,587,587,1.0,587x587
r6k_train_img_blb_152_jpeg_jpg.rf.07a2b3c84bb2052b3ba68e36fa5df67a.jpg,587,587,1.0,587x587
r6k_train_img_blb_152_jpeg_jpg.rf.1f917c6761756595a53dbbfba39956ee.jpg,587,587,1.0,587x587
r6k_train_img_blb_152_jpeg_jpg.rf.4e8293731c102727a2e7d637f0706880.jpg,587,587,1.0,587x587
r6k_train_img_blb_152_jpeg_jpg.rf.7d077d65a8a78af012a06a76bd1b94e4.jpg,587,587,1.0,587x587
r6k_train_img_blb_152_jpeg_jpg.rf.7fbf159c13a97695cb0d870c3d9d4afd.jpg,587,587,1.0,587x587
r6k_train_img_blb_152_jpeg_jpg.rf.964729fe6f6037961ca3489d2dad3254.jpg,587,587,1.0,587x587
r6k_train_img_blb_152_jpeg_jpg.rf.a6ebff2e39d21483c1e007f8f3f200b6.jpg,587,587,1.0,587x587
r6k_train_img_blb_152_jpeg_jpg.rf.f1c5ffc521ac95a965d9bf9ed4a5b1d4.jpg,587,587,1.0,587x587
r6k_train_img_blb_153_jpeg_jpg.rf.27cf776c6a32ccae0b740fc4694e3d47.jpg,587,587,1.0,587x587
r6k_train_img_blb_153_jpeg_jpg.rf.75a208a55795d98f95705de5a9bb96ed.jpg,587,587,1.0,587x587
r6k_train_img_blb_153_jpeg_jpg.rf.7ce4b5abce9a31e7b36272cbc70d52f6.jpg,587,587,1.0,587x587
r6k_train_img_blb_153_jpeg_jpg.rf.b3dc6bdf8bd3bd7ce844f202da60defc.jpg,587,587,1.0,587x587
r6k_train_img_blb_153_jpeg_jpg.rf.b88c0da77b50bf1f90b14e14ebb60736.jpg,587,587,1.0,587x587
r6k_train_img_blb_153_jpeg_jpg.rf.b8dbc1ca58f40f01ac2dfa2e4d2aa139.jpg,587,587,1.0,587x587
r6k_train_img_blb_153_jpeg_jpg.rf.c49991cfbd48e88e7d109da0b87e95c6.jpg,587,587,1.0,587x587
r6k_train_img_blb_153_jpeg_jpg.rf.f080e28007062757635e5a4849ddcb81.jpg,587,587,1.0,587x587
r6k_train_img_blb_154_jpeg_jpg.rf.428d2ee7209059e760f88e081f0141ac.jpg,587,587,1.0,587x587
r6k_train_img_blb_154_jpeg_jpg.rf.49e4a62a5c0794fc559ab7be8bc10a2c.jpg,587,587,1.0,587x587
r6k_train_img_blb_154_jpeg_jpg.rf.575739f6a9a604d93b75fab80ca88f32.jpg,587,587,1.0,587x587
r6k_train_img_blb_154_jpeg_jpg.rf.682612f4b9c2c5a2cbbc017472bc1aa6.jpg,587,587,1.0,587x587
r6k_train_img_blb_154_jpeg_jpg.rf.a62b8678b34a45b7373750ec8ed00f60.jpg,587,587,1.0,587x587
r6k_train_img_blb_156_jpeg_jpg.rf.0e7e2964a9accedaaa9c59fb427e14a6.jpg,587,587,1.0,587x587
r6k_train_img_blb_156_jpeg_jpg.rf.4e0cbc35d46015e2c9a1ff2e51268cc2.jpg,587,587,1.0,587x587
r6k_train_img_blb_156_jpeg_jpg.rf.8065ebfb173dbbb1a666d00ac5618650.jpg,587,587,1.0,587x587
r6k_train_img_blb_156_jpeg_jpg.rf.fd160f9c6eaebac32c8db1e5d6c93420.jpg,587,587,1.0,587x587
r6k_train_img_blb_15_jpg.rf.2771f66a936967434f822281e876743a.jpg,587,587,1.0,587x587
r6k_train_img_blb_15_jpg.rf.8026b4d1d585dc1fbc257aa3b20aeaf5.jpg,587,587,1.0,587x587
r6k_train_img_blb_160_jpeg_jpg.rf.5006f67527f65e3813f64ae2a28d5176.jpg,587,587,1.0,587x587
r6k_train_img_blb_161_jpeg_jpg.rf.dcd966ba8fe0fa0e59b654e168ba90dd.jpg,587,587,1.0,587x587
r6k_train_img_blb_161_jpeg_jpg.rf.e38fa605ae3765f0da1b26b2df62aa10.jpg,587,587,1.0,587x587
r6k_train_img_blb_162_jpeg_jpg.rf.481ac5cff037c60779c11a3ff5073e88.jpg,587,587,1.0,587x587
r6k_train_img_blb_162_jpeg_jpg.rf.61a46cc1370c2df3454b4fe7a4a97aad.jpg,587,587,1.0,587x587
r6k_train_img_blb_162_jpeg_jpg.rf.7362046b759e940ab05e69cc9a7a5140.jpg,587,587,1.0,587x587
r6k_train_img_blb_162_jpeg_jpg.rf.8099e0be16b4e029cdd3419e3c0faa2c.jpg,587,587,1.0,587x587
r6k_train_img_blb_162_jpeg_jpg.rf.9d8a71a616caa71e4f5a39f0a7071316.jpg,587,587,1.0,587x587
r6k_train_img_blb_163_jpeg_jpg.rf.098b92bff88a9d449e33804fec0f893a.jpg,587,587,1.0,587x587
r6k_train_img_blb_163_jpeg_jpg.rf.81074d585d6ac912f950859c4007b99f.jpg,587,587,1.0,587x587
r6k_train_img_blb_163_jpeg_jpg.rf.8939fa84c2cb6de0c931ea0da38d0777.jpg,587,587,1.0,587x587
r6k_train_img_blb_163_jpeg_jpg.rf.9a5fe1e973aa33eb6313502a00a8d141.jpg,587,587,1.0,587x587
r6k_train_img_blb_163_jpeg_jpg.rf.a5ec249e4b37e6e03f3278a4c9f28e2f.jpg,587,587,1.0,587x587
r6k_train_img_blb_163_jpeg_jpg.rf.d640ddc644dcb0a1414137c28fd2d2b5.jpg,587,587,1.0,587x587
r6k_train_img_blb_164_jpeg_jpg.rf.472eb0224ff9d4da3446a0497909b018.jpg,587,587,1.0,587x587
r6k_train_img_blb_164_jpeg_jpg.rf.68c4c985efbeb1f2ca97b07180a16fc6.jpg,587,587,1.0,587x587
r6k_train_img_blb_165_jpeg_jpg.rf.27ba544ef2604ae3929693d50192ba9b.jpg,587,587,1.0,587x587
r6k_train_img_blb_165_jpeg_jpg.rf.3a21fd41bc625c26de83984e0227d34a.jpg,587,587,1.0,587x587
r6k_train_img_blb_165_jpeg_jpg.rf.ceef485871b430ec7e9eafafb30ffcb9.jpg,587,587,1.0,587x587
r6k_train_img_blb_166_jpeg_jpg.rf.1b36fb91bb7a13e902260ab710b23bcb.jpg,587,587,1.0,587x587
r6k_train_img_blb_166_jpeg_jpg.rf.2042137050e08ae519c764e2eccfdaf0.jpg,587,587,1.0,587x587
r6k_train_img_blb_166_jpeg_jpg.rf.32ce054b6916120d3e5a0766ef648860.jpg,587,587,1.0,587x587
r6k_train_img_blb_166_jpeg_jpg.rf.3cb4f5475edde3a761c6690917d1d4ee.jpg,587,587,1.0,587x587
r6k_train_img_blb_166_jpeg_jpg.rf.44f5a13926ad28f108b54bb753d58cc6.jpg,587,587,1.0,587x587
r6k_train_img_blb_166_jpeg_jpg.rf.58e82b41b65855f2482679d796050b79.jpg,587,587,1.0,587x587
r6k_train_img_blb_166_jpeg_jpg.rf.bb9be829defc874d1f1fc0c7e4e441a2.jpg,587,587,1.0,587x587
r6k_train_img_blb_166_jpeg_jpg.rf.d21b16a26b7d92bd211ad09922c65f46.jpg,587,587,1.0,587x587
r6k_train_img_blb_167_jpeg_jpg.rf.48bca9a2eec39fd8ca76df57f7189845.jpg,587,587,1.0,587x587
r6k_train_img_blb_167_jpeg_jpg.rf.879d90e895b121b139fefb0a474f409a.jpg,587,587,1.0,587x587
r6k_train_img_blb_169_jpeg_jpg.rf.25ce1f7ae1f8155bd08ab7ec4ea01143.jpg,587,587,1.0,587x587
r6k_train_img_blb_169_jpeg_jpg.rf.4e3cb1d6f92b7e3e6e60aef07a36d09b.jpg,587,587,1.0,587x587
r6k_train_img_blb_169_jpeg_jpg.rf.8713a734470756d3d4d5dbf74f1e7f66.jpg,587,587,1.0,587x587
r6k_train_img_blb_16_JPG_jpg.rf.743d67a17adacc38ea4ef5ae799f9887.jpg,587,587,1.0,587x587
r6k_train_img_blb_170_jpg.rf.25649d41801377901ecee359f285f753.jpg,587,587,1.0,587x587
r6k_train_img_blb_170_jpg.rf.3aaab0e29262f2ac4550acbab5479ebc.jpg,587,587,1.0,587x587
r6k_train_img_blb_170_jpg.rf.6e7dac1f57e076b0681613275dd4bdac.jpg,587,587,1.0,587x587
r6k_train_img_blb_170_jpg.rf.ba626c8a19ffeff3e17f80655d5d5a9e.jpg,587,587,1.0,587x587
r6k_train_img_blb_170_jpg.rf.bde6a7aa3bd5d9e77998016069deb356.jpg,587,587,1.0,587x587
r6k_train_img_blb_170_jpg.rf.ff473af7e7363b9791bdd093cea62ddc.jpg,587,587,1.0,587x587
r6k_train_img_blb_17_JPG_jpg.rf.48f4a484caebfb9cc75661d83ae5b646.jpg,587,587,1.0,587x587
r6k_train_img_blb_17_JPG_jpg.rf.64f9de3d6cbe7ac8af1151350e5b9d5b.jpg,587,587,1.0,587x587
r6k_train_img_blb_17_JPG_jpg.rf.6bf29707339ab2db02da267f9af23487.jpg,587,587,1.0,587x587
r6k_train_img_blb_17_JPG_jpg.rf.709d11f3b2fcc6f0f37a5ef4eeeac0ba.jpg,587,587,1.0,587x587
r6k_train_img_blb_17_JPG_jpg.rf.854e565e962b8f4d0e803c2fc6636bf2.jpg,587,587,1.0,587x587
r6k_train_img_blb_17_JPG_jpg.rf.9de75340187be3f1b9d47520af67aaba.jpg,587,587,1.0,587x587
r6k_train_img_blb_18_JPG_jpg.rf.15a1015cc5167cb46efe3b5711e5a3d9.jpg,587,587,1.0,587x587
r6k_train_img_blb_18_JPG_jpg.rf.1c6d0bf4817ed8231d636cdd5b8c5c3a.jpg,587,587,1.0,587x587
r6k_train_img_blb_18_JPG_jpg.rf.20ba02ff07318c79f7807aee25488f47.jpg,587,587,1.0,587x587
r6k_train_img_blb_18_JPG_jpg.rf.394f0aeef490d894a4a0e30c53a84bce.jpg,587,587,1.0,587x587
r6k_train_img_blb_18_JPG_jpg.rf.617a6538526fc62abf8167e60aebec90.jpg,587,587,1.0,587x587
r6k_train_img_blb_18_JPG_jpg.rf.d1b6df4b35d5dff88fa30283d6423365.jpg,587,587,1.0,587x587
r6k_train_img_blb_19_JPG_jpg.rf.0517678b63525841b034d166016a3a4b.jpg,587,587,1.0,587x587
r6k_train_img_blb_19_JPG_jpg.rf.4a9d578e479d961ae0f1339d17a35a4c.jpg,587,587,1.0,587x587
r6k_train_img_blb_19_JPG_jpg.rf.4c2faf7abc6a99e2ad4810a51d5f54d9.jpg,587,587,1.0,587x587
r6k_train_img_blb_19_JPG_jpg.rf.81cfe31809ae62c77120d03a0cb74bdf.jpg,587,587,1.0,587x587
r6k_train_img_blb_19_JPG_jpg.rf.94e11a343d1b0f691d1e8b07e678b26f.jpg,587,587,1.0,587x587
r6k_train_img_blb_19_JPG_jpg.rf.a58b31761f09148b1454785f258d9e12.jpg,587,587,1.0,587x587
r6k_train_img_blb_19_JPG_jpg.rf.aeb765de172ecc709bd436de196c62d7.jpg,587,587,1.0,587x587
r6k_train_img_blb_19_JPG_jpg.rf.bcb2c8a278c58fdd6c1f3b458ec86771.jpg,587,587,1.0,587x587
r6k_train_img_blb_19_JPG_jpg.rf.ec88088ed412589c5f2c28093b016930.jpg,587,587,1.0,587x587
r6k_train_img_blb_19_JPG_jpg.rf.f41605085c46ee3dfafec4613d068649.jpg,587,587,1.0,587x587
r6k_train_img_blb_1_JPG_jpg.rf.1bfe86daee54488ffd6e1fc7d2469e6e.jpg,587,587,1.0,587x587
r6k_train_img_blb_1_JPG_jpg.rf.298596f429a8937584d521020386f9c3.jpg,587,587,1.0,587x587
r6k_train_img_blb_1_JPG_jpg.rf.4c662b82e0d6851a478c9975a59f48ed.jpg,587,587,1.0,587x587
r6k_train_img_blb_1_JPG_jpg.rf.63ade21064dade85539fcf73269b06a3.jpg,587,587,1.0,587x587
r6k_train_img_blb_1_JPG_jpg.rf.6abe51bf931f7ae3cb30d98d4502e0a7.jpg,587,587,1.0,587x587
r6k_train_img_blb_1_JPG_jpg.rf.9765eced4027bdb9a8d502af731c6c50.jpg,587,587,1.0,587x587
r6k_train_img_blb_1_JPG_jpg.rf.a0e1e9b0161fe18aa9004c025b255d95.jpg,587,587,1.0,587x587
r6k_train_img_blb_1_JPG_jpg.rf.f96ef4b2e78b044a33cd90282c92c652.jpg,587,587,1.0,587x587
r6k_train_img_blb_20_JPG_jpg.rf.703f64e6d37952b67e3d0fc1a364783f.jpg,587,587,1.0,587x587
r6k_train_img_blb_20_JPG_jpg.rf.9f83c325fe07605aab3f843120c529fb.jpg,587,587,1.0,587x587
r6k_train_img_blb_20_JPG_jpg.rf.a0d408aca09cd30ef9ba44fef135f543.jpg,587,587,1.0,587x587
r6k_train_img_blb_20_JPG_jpg.rf.a6145d114990d7fc672dfa8983143705.jpg,587,587,1.0,587x587
r6k_train_img_blb_20_JPG_jpg.rf.f932321e1e7d1fd20734fc6ec1175a7e.jpg,587,587,1.0,587x587
r6k_train_img_blb_21_JPG_jpg.rf.b2366b04f31cf9a9ef9087320c4ae70e.jpg,587,587,1.0,587x587
r6k_train_img_blb_21_JPG_jpg.rf.e7568209f5638c3e2241becb359c0d81.jpg,587,587,1.0,587x587
r6k_train_img_blb_23_JPG_jpg.rf.1cb5add105cc1f6b6ee6755af30d1b56.jpg,587,587,1.0,587x587
r6k_train_img_blb_23_JPG_jpg.rf.31703f873368079fa9cc5e847b820331.jpg,587,587,1.0,587x587
r6k_train_img_blb_23_JPG_jpg.rf.7a894caf2441cba2b22353ef097c9092.jpg,587,587,1.0,587x587
r6k_train_img_blb_23_JPG_jpg.rf.8500d25a7eed9c585037e9f168ca0674.jpg,587,587,1.0,587x587
r6k_train_img_blb_23_JPG_jpg.rf.e4458c1b22ea56067205a14ee5f2ca8a.jpg,587,587,1.0,587x587
r6k_train_img_blb_27_JPG_jpg.rf.07a9696e7e66bab3dd13c5cc4a978dd8.jpg,587,587,1.0,587x587
r6k_train_img_blb_27_JPG_jpg.rf.0e9a9b483a300f8aa20274fac4254db0.jpg,587,587,1.0,587x587
r6k_train_img_blb_27_JPG_jpg.rf.2446a3e0daab41ebe2b688e02ab38ff7.jpg,587,587,1.0,587x587
r6k_train_img_blb_27_JPG_jpg.rf.7497bcbaffdb885e8ed7a204fa7559d2.jpg,587,587,1.0,587x587
r6k_train_img_blb_27_JPG_jpg.rf.7c16b0e3b1289301b324fb12aa0ee858.jpg,587,587,1.0,587x587
r6k_train_img_blb_27_JPG_jpg.rf.9e6aa070c93d94669ff94a3a8f49318a.jpg,587,587,1.0,587x587
r6k_train_img_blb_28_JPG_jpg.rf.739b47ca93404edd5e919b2311103ef3.jpg,587,587,1.0,587x587
r6k_train_img_blb_29_JPG_jpg.rf.3b1b06d4f682a3b3899f921d864bf1ab.jpg,587,587,1.0,587x587
r6k_train_img_blb_29_JPG_jpg.rf.b4e9db27c6ad237e506e1ffd94ab4a59.jpg,587,587,1.0,587x587
r6k_train_img_blb_2_JPG_jpg.rf.0b6424baf29324eff0318b9d54e97028.jpg,587,587,1.0,587x587
r6k_train_img_blb_2_JPG_jpg.rf.0fffa88b78245cdf36d70ab84040630d.jpg,587,587,1.0,587x587
r6k_train_img_blb_2_JPG_jpg.rf.31baf72f91246241940751bcc4560130.jpg,587,587,1.0,587x587
r6k_train_img_blb_2_JPG_jpg.rf.64e7d33166f992bb76321431ca168d49.jpg,587,587,1.0,587x587
r6k_train_img_blb_2_JPG_jpg.rf.82e3b9a2e65befe782aaf0cd7435832f.jpg,587,587,1.0,587x587
r6k_train_img_blb_2_JPG_jpg.rf.c8f737b0b51a89fc4ae213f75e05c1a8.jpg,587,587,1.0,587x587
r6k_train_img_blb_2_JPG_jpg.rf.cb364e2b42ed534dd0cce3df52e55ae0.jpg,587,587,1.0,587x587
r6k_train_img_blb_30_JPG_jpg.rf.116026a8a5f36e321cdb91a8118d5415.jpg,587,587,1.0,587x587
r6k_train_img_blb_30_JPG_jpg.rf.1e8988dd5c51f78bbd805f3919baaba8.jpg,587,587,1.0,587x587
r6k_train_img_blb_30_JPG_jpg.rf.2628821e735e362f924eb2fc57af06e6.jpg,587,587,1.0,587x587
r6k_train_img_blb_30_JPG_jpg.rf.52611c847a77e36d7f93e307d802bc32.jpg,587,587,1.0,587x587
r6k_train_img_blb_30_JPG_jpg.rf.599fece6dd5ae417147c723f4c39a04f.jpg,587,587,1.0,587x587
r6k_train_img_blb_30_JPG_jpg.rf.69d0f6ea0bb3276c1c93b900241f53f8.jpg,587,587,1.0,587x587
r6k_train_img_blb_30_JPG_jpg.rf.b5f85800d1410b32c8b70a6c7ce1707e.jpg,587,587,1.0,587x587
r6k_train_img_blb_30_JPG_jpg.rf.d3201e3799b31e8e559a7e2bdc0cb77d.jpg,587,587,1.0,587x587
r6k_train_img_blb_31_JPG_jpg.rf.01fbc1b1b7a8c255d04b529a82ec3fe7.jpg,587,587,1.0,587x587
r6k_train_img_blb_31_JPG_jpg.rf.539439c57ae09723df7ae0b246cf80c6.jpg,587,587,1.0,587x587
r6k_train_img_blb_31_JPG_jpg.rf.7b9d1b449f77da644f04c8242b68184c.jpg,587,587,1.0,587x587
r6k_train_img_blb_31_JPG_jpg.rf.856573daf836c00ad52e292e9babfce2.jpg,587,587,1.0,587x587
r6k_train_img_blb_32_JPG_jpg.rf.27c743295598ff7691b15edd0001eab4.jpg,587,587,1.0,587x587
r6k_train_img_blb_32_JPG_jpg.rf.adfd528d05d3b9519d71f5c291d2a000.jpg,587,587,1.0,587x587
r6k_train_img_blb_32_JPG_jpg.rf.b24c0e000dd53f6f0bbafc0effa6ca16.jpg,587,587,1.0,587x587
r6k_train_img_blb_32_JPG_jpg.rf.c89bd958090eeca37c09425b7280c3b6.jpg,587,587,1.0,587x587
r6k_train_img_blb_32_JPG_jpg.rf.c8e48db4a3aacd329dc46ed8fdfdb84d.jpg,587,587,1.0,587x587
r6k_train_img_blb_32_JPG_jpg.rf.cba33b8ef4c33a5fe8cb93e17dd5c34e.jpg,587,587,1.0,587x587
r6k_train_img_blb_32_JPG_jpg.rf.cda7101f45590360c0150dc3286d4ede.jpg,587,587,1.0,587x587
r6k_train_img_blb_32_JPG_jpg.rf.e60ca736aa4192aa5acf5fde8d711f92.jpg,587,587,1.0,587x587
r6k_train_img_blb_33_jpg.rf.00bf7f492491d911def74b878aa53cd3.jpg,587,587,1.0,587x587
r6k_train_img_blb_33_jpg.rf.253b3cb9eaa2064e7176b21b64f94383.jpg,587,587,1.0,587x587
r6k_train_img_blb_33_jpg.rf.2c5b1275f0eee258aa609e403384d5e7.jpg,587,587,1.0,587x587
r6k_train_img_blb_33_jpg.rf.b05bc3515441db3b549604dbb13570c0.jpg,587,587,1.0,587x587
r6k_train_img_blb_33_jpg.rf.e35c3aa4cec81ac6268c17410a211239.jpg,587,587,1.0,587x587
r6k_train_img_blb_33_jpg.rf.f7c1f54c0419593386355ec05db03307.jpg,587,587,1.0,587x587
r6k_train_img_blb_34_jpg.rf.93bb351cbe75b854f8fb139dad3a7a5c.jpg,587,587,1.0,587x587
r6k_train_img_blb_34_jpg.rf.d4c2e80a1144127413bd2fa96d3ae721.jpg,587,587,1.0,587x587
r6k_train_img_blb_35_JPG_jpg.rf.92aaec82a8a54bda12409d8c7c3eeb9a.jpg,587,587,1.0,587x587
r6k_train_img_blb_35_JPG_jpg.rf.97316b9fd3496b9c200419e5bd9f2f65.jpg,587,587,1.0,587x587
r6k_train_img_blb_35_JPG_jpg.rf.b65c2f99bba1a492f5eeb26ddb25b35e.jpg,587,587,1.0,587x587
r6k_train_img_blb_35_JPG_jpg.rf.e4390578d9e46ab5116f70b3abc283dc.jpg,587,587,1.0,587x587
r6k_train_img_blb_36_jpg.rf.388a3ea70fb16a3e0ea336da31916999.jpg,587,587,1.0,587x587
r6k_train_img_blb_36_jpg.rf.56a45880c07cf3249fcf6678295f284c.jpg,587,587,1.0,587x587
r6k_train_img_blb_37_JPG_jpg.rf.58a32228c4ff3cecf73bc6ae3f28d8c5.jpg,587,587,1.0,587x587
r6k_train_img_blb_37_JPG_jpg.rf.8a066def75b9cb10e9a1d31285253677.jpg,587,587,1.0,587x587
r6k_train_img_blb_37_JPG_jpg.rf.afcd23ec6c14fcc842a423f3ffc9564e.jpg,587,587,1.0,587x587
r6k_train_img_blb_37_JPG_jpg.rf.f4ba5c2ffde59b2532cd409c273fdb97.jpg,587,587,1.0,587x587
r6k_train_img_blb_3_JPG_jpg.rf.053a72d2c768208b6653c921a70059a6.jpg,587,587,1.0,587x587
r6k_train_img_blb_3_JPG_jpg.rf.6a6c35d6fcacb077c31111559e4b1f3a.jpg,587,587,1.0,587x587
r6k_train_img_blb_3_JPG_jpg.rf.ace4be33f0dc377eeb70619180bd7984.jpg,587,587,1.0,587x587
r6k_train_img_blb_3_JPG_jpg.rf.c917bd67ff70814e1f7ab2d8cda75220.jpg,587,587,1.0,587x587
r6k_train_img_blb_3_JPG_jpg.rf.d3fd269f8adfd0295bddf86105c3af15.jpg,587,587,1.0,587x587
r6k_train_img_blb_42_JPG_jpg.rf.10a812910d1b498b0c4ca6272cc22497.jpg,587,587,1.0,587x587
r6k_train_img_blb_42_JPG_jpg.rf.2acb5b2787c70d5531155d8e21af6167.jpg,587,587,1.0,587x587
r6k_train_img_blb_42_JPG_jpg.rf.33592f2e7e017e223ae3029627b411e4.jpg,587,587,1.0,587x587
r6k_train_img_blb_42_JPG_jpg.rf.a0716c060ceb33bc05c80d4e2ab1fc23.jpg,587,587,1.0,587x587
r6k_train_img_blb_42_JPG_jpg.rf.b03c69eb097ba1f0a60b25cc63c4b978.jpg,587,587,1.0,587x587
r6k_train_img_blb_42_JPG_jpg.rf.be7f55bc5cf63a76824dd0421081eb34.jpg,587,587,1.0,587x587
r6k_train_img_blb_42_JPG_jpg.rf.d0e6ab10b775769a6917cf839afab96d.jpg,587,587,1.0,587x587
r6k_train_img_blb_42_JPG_jpg.rf.f7329d8fef8e37cf3ff1029034011fe7.jpg,587,587,1.0,587x587
r6k_train_img_blb_43_JPG_jpg.rf.0309c12e80cdf3cd05c32230f6d5f119.jpg,587,587,1.0,587x587
r6k_train_img_blb_43_JPG_jpg.rf.225bdd3ec4b56182288f0f13fe2fd75d.jpg,587,587,1.0,587x587
r6k_train_img_blb_43_JPG_jpg.rf.8812f9a888dbc4e1c6579cc5926faa77.jpg,587,587,1.0,587x587
r6k_train_img_blb_43_JPG_jpg.rf.a2df1bcc39e4ac2e82b70f1c1e489a7d.jpg,587,587,1.0,587x587
r6k_train_img_blb_43_JPG_jpg.rf.d925e82e120a77a2fc1624f1295282dc.jpg,587,587,1.0,587x587
r6k_train_img_blb_44_JPG_jpg.rf.40f7dd25dc5d1adbac53d6ee0e63b4fd.jpg,587,587,1.0,587x587
r6k_train_img_blb_44_JPG_jpg.rf.4fab041a339dee2f3f3248db2010b66a.jpg,587,587,1.0,587x587
r6k_train_img_blb_44_JPG_jpg.rf.5373f09eb9d2f4b8d068dd051fdaa10c.jpg,587,587,1.0,587x587
r6k_train_img_blb_44_JPG_jpg.rf.646e7d3d49f5bd04402d56d391e49b92.jpg,587,587,1.0,587x587
r6k_train_img_blb_44_JPG_jpg.rf.93055b37d836b460475a674d258d2dd5.jpg,587,587,1.0,587x587
r6k_train_img_blb_44_JPG_jpg.rf.fd21be1ba621566eafbca1c7da5e98d2.jpg,587,587,1.0,587x587
r6k_train_img_blb_44_JPG_jpg.rf.fdccc22faade6267c59de8f5d725cc55.jpg,587,587,1.0,587x587
r6k_train_img_blb_45_JPG_jpg.rf.71cf98babd618ee5e8e5218ff3c4f501.jpg,587,587,1.0,587x587
r6k_train_img_blb_45_JPG_jpg.rf.c5aaabd435f815f28587b5b7906df267.jpg,587,587,1.0,587x587
r6k_train_img_blb_46_JPG_jpg.rf.49a65606fef0f80e32d58cd97034643e.jpg,587,587,1.0,587x587
r6k_train_img_blb_46_JPG_jpg.rf.4ae6ae487005e4a13fce9c39793fedcf.jpg,587,587,1.0,587x587
r6k_train_img_blb_46_JPG_jpg.rf.e08af3529251c9ff32e0f4390a3d85bc.jpg,587,587,1.0,587x587
r6k_train_img_blb_46_JPG_jpg.rf.ef0719369bb1e9b577879614264f0100.jpg,587,587,1.0,587x587
r6k_train_img_blb_46_JPG_jpg.rf.fa2cee73fcda0dd7ce6d785483488bfd.jpg,587,587,1.0,587x587
r6k_train_img_blb_47_JPG_jpg.rf.010b48495076c29ff21139f796e626ef.jpg,587,587,1.0,587x587
r6k_train_img_blb_47_JPG_jpg.rf.628df1114855b1c634612ffe14755c1a.jpg,587,587,1.0,587x587
r6k_train_img_blb_47_JPG_jpg.rf.7d714e0442f458f48cee9872e015c9c3.jpg,587,587,1.0,587x587
r6k_train_img_blb_47_JPG_jpg.rf.8de7d612f3147af38169ca888477892a.jpg,587,587,1.0,587x587
r6k_train_img_blb_47_JPG_jpg.rf.f981ca282da4f45428f1db53d4a0f4ee.jpg,587,587,1.0,587x587
r6k_train_img_blb_48_JPG_jpg.rf.24487cef227eae754db69da8a953d793.jpg,587,587,1.0,587x587
r6k_train_img_blb_48_JPG_jpg.rf.727dc5317257e2867168af514a5add8e.jpg,587,587,1.0,587x587
r6k_train_img_blb_48_JPG_jpg.rf.a425c1eebce0f289cc7219b4a1a5fa4a.jpg,587,587,1.0,587x587
r6k_train_img_blb_48_JPG_jpg.rf.d81e948917d2da4b69c282ef90d86224.jpg,587,587,1.0,587x587
r6k_train_img_blb_48_JPG_jpg.rf.dbb3354d319f61999fec975d5e969f3d.jpg,587,587,1.0,587x587
r6k_train_img_blb_4_jpg.rf.af2da674a02f0624b638324fa5194733.jpg,587,587,1.0,587x587
r6k_train_img_blb_50_jpg.rf.0edc0f815ec3b40a2ff9e6a7bef26eec.jpg,587,587,1.0,587x587
r6k_train_img_blb_50_jpg.rf.14cbbb57b7647c5153f8008ce545f9bc.jpg,587,587,1.0,587x587
r6k_train_img_blb_50_jpg.rf.23ad08acc2031282414c0f2de50b3b99.jpg,587,587,1.0,587x587
r6k_train_img_blb_51_jpg.rf.0681224cd33d3df03432821882916378.jpg,587,587,1.0,587x587
r6k_train_img_blb_51_jpg.rf.0fe637dd547e5a52050a9505d2d70f3e.jpg,587,587,1.0,587x587
r6k_train_img_blb_51_jpg.rf.130c8f833b9d15b3ad069c2fa6bdeb75.jpg,587,587,1.0,587x587
r6k_train_img_blb_51_jpg.rf.1399136edb49ed2bd94870dc5f4d43b6.jpg,587,587,1.0,587x587
r6k_train_img_blb_51_jpg.rf.179d6f711e3e31c8db200edffe2c8526.jpg,587,587,1.0,587x587
r6k_train_img_blb_51_jpg.rf.1bb5ee45457c996ba277d86e00c12880.jpg,587,587,1.0,587x587
r6k_train_img_blb_51_jpg.rf.6b962c84440a9e664d78d27e75d4dd6b.jpg,587,587,1.0,587x587
r6k_train_img_blb_51_jpg.rf.83a16e68944867350c08ea7f503c8b67.jpg,587,587,1.0,587x587
r6k_train_img_blb_51_jpg.rf.8608e7ad4a5c12b12142fc761a9b65f8.jpg,587,587,1.0,587x587
r6k_train_img_blb_51_jpg.rf.d106b8da25803b0aa84458fd95657772.jpg,587,587,1.0,587x587
r6k_train_img_blb_51_jpg.rf.f7bea20b1f77c9a02f31c93b376f244b.jpg,587,587,1.0,587x587
r6k_train_img_blb_55_jpg.rf.149221b648b4ed406e5332c8e03c958b.jpg,587,587,1.0,587x587
r6k_train_img_blb_55_jpg.rf.7c8377b77041194302fa04b45fdc54b8.jpg,587,587,1.0,587x587
r6k_train_img_blb_55_jpg.rf.9d6dcb865704318cba67ef675e773442.jpg,587,587,1.0,587x587
r6k_train_img_blb_55_jpg.rf.a67de5d32347f98be3a754f3eb8ce7a5.jpg,587,587,1.0,587x587
r6k_train_img_blb_55_jpg.rf.ed2663fc719dbdeaee1c2410e85d9c7e.jpg,587,587,1.0,587x587
r6k_train_img_blb_55_jpg.rf.f2727478491e074dcd550e92a1c03d61.jpg,587,587,1.0,587x587
r6k_train_img_blb_56_jpg.rf.12f8529806584a09592b0febce61ac84.jpg,587,587,1.0,587x587
r6k_train_img_blb_56_jpg.rf.273b1dab437b2b5c33893f9bacaac51e.jpg,587,587,1.0,587x587
r6k_train_img_blb_56_jpg.rf.41a9ff6b3289712ec58a7d399c6162b4.jpg,587,587,1.0,587x587
r6k_train_img_blb_56_jpg.rf.d38d65e20ec14c7194c870dc4a4a36ff.jpg,587,587,1.0,587x587
r6k_train_img_blb_56_jpg.rf.df51d7839e52d3b367a94a0baa5780cd.jpg,587,587,1.0,587x587
r6k_train_img_blb_56_jpg.rf.fa55c6735bedad61146649d4c230edaf.jpg,587,587,1.0,587x587
r6k_train_img_blb_57_jpg.rf.1dfeb3cc66430a039f8ce5b618577bc9.jpg,587,587,1.0,587x587
r6k_train_img_blb_57_jpg.rf.53bf05295f909f46cc502ffa681f5e3f.jpg,587,587,1.0,587x587
r6k_train_img_blb_57_jpg.rf.7cac7b05e1c768b3ce15076beae2336a.jpg,587,587,1.0,587x587
r6k_train_img_blb_57_jpg.rf.916b1dc69dce9a63186bcdf535e9d585.jpg,587,587,1.0,587x587
r6k_train_img_blb_57_jpg.rf.a3f487c1d2333b495bb08f41afd298a6.jpg,587,587,1.0,587x587
r6k_train_img_blb_57_jpg.rf.c6c248247fb15a18a3ec91a8e79c28d2.jpg,587,587,1.0,587x587
r6k_train_img_blb_57_jpg.rf.e34264db035918422349a37a43a7d908.jpg,587,587,1.0,587x587
r6k_train_img_blb_58_jpg.rf.36529dc693b8501fc8b92a2e1bb8956a.jpg,587,587,1.0,587x587
r6k_train_img_blb_58_jpg.rf.63d657e89896a5b57dc602301fff9cda.jpg,587,587,1.0,587x587
r6k_train_img_blb_58_jpg.rf.bceb157915d4ff29edaa8a7d865bc179.jpg,587,587,1.0,587x587
r6k_train_img_blb_58_jpg.rf.d66ce13ccaca34547750d29ba489faf9.jpg,587,587,1.0,587x587
r6k_train_img_blb_58_jpg.rf.df784d24347acf0325cd6607fba39845.jpg,587,587,1.0,587x587
r6k_train_img_blb_58_jpg.rf.e568bf9e79ab70a1cb1685fcd2a3aa5b.jpg,587,587,1.0,587x587
r6k_train_img_blb_58_jpg.rf.effcd87f9dff7e4f7a0f866448ef606f.jpg,587,587,1.0,587x587
r6k_train_img_blb_59_jpg.rf.581bf7b2269eda9997c77cc3d0ef57d4.jpg,587,587,1.0,587x587
r6k_train_img_blb_59_jpg.rf.60c4ccec9d3974a5588644fcfc4c4d0a.jpg,587,587,1.0,587x587
r6k_train_img_blb_59_jpg.rf.a150c63f058e25739d3819f8f049a74c.jpg,587,587,1.0,587x587
r6k_train_img_blb_59_jpg.rf.dd6436f7704b7dc971738bbebf47aa2d.jpg,587,587,1.0,587x587
r6k_train_img_blb_59_jpg.rf.ed5816e2102b0e132e2643d99c2ef88d.jpg,587,587,1.0,587x587
r6k_train_img_blb_5_jpg.rf.22e90a56a9568f88ded23468a00609bf.jpg,587,587,1.0,587x587
r6k_train_img_blb_5_jpg.rf.27172bb35a6b99b564f6613673d369ed.jpg,587,587,1.0,587x587
r6k_train_img_blb_5_jpg.rf.73ead8a7d10c9936b642ad73b0b0faae.jpg,587,587,1.0,587x587
r6k_train_img_blb_5_jpg.rf.a178f7760894f5c7e504c0275ad2fd61.jpg,587,587,1.0,587x587
r6k_train_img_blb_5_jpg.rf.d599c3158fd290d489dba8bb972214bc.jpg,587,587,1.0,587x587
r6k_train_img_blb_5_jpg.rf.e8ae23648723fd616c5ef552962c5e1c.jpg,587,587,1.0,587x587
r6k_train_img_blb_5_jpg.rf.f8b5051ef65d0056e2e4d6fe5c61aa63.jpg,587,587,1.0,587x587
r6k_train_img_blb_61_jpg.rf.0eb579c743501f75de09f678fcd0e20c.jpg,587,587,1.0,587x587
r6k_train_img_blb_61_jpg.rf.1e30863c21aebfcc27aab1fe3d727af9.jpg,587,587,1.0,587x587
r6k_train_img_blb_61_jpg.rf.6715c4d3de461edfd8ddcf1585b36aed.jpg,587,587,1.0,587x587
r6k_train_img_blb_61_jpg.rf.7c74e1a29cd6332c01c2b339d497663c.jpg,587,587,1.0,587x587
r6k_train_img_blb_61_jpg.rf.b88782d55c8d5c45219a85aee52194cc.jpg,587,587,1.0,587x587
r6k_train_img_blb_62_jpg.rf.407b177995dc579c35f3d25928285a9e.jpg,587,587,1.0,587x587
r6k_train_img_blb_62_jpg.rf.508037ecce2f8f5927d9420b8e2706cd.jpg,587,587,1.0,587x587
r6k_train_img_blb_62_jpg.rf.5a128853ffcb03d17bc65818c9264650.jpg,587,587,1.0,587x587
r6k_train_img_blb_62_jpg.rf.5c5165e641efa4e69863d91d2b43d56d.jpg,587,587,1.0,587x587
r6k_train_img_blb_62_jpg.rf.7d283c206f950329eeee944e7095cef5.jpg,587,587,1.0,587x587
r6k_train_img_blb_62_jpg.rf.7d2a6ce80c443e5fdb405c89dc893fda.jpg,587,587,1.0,587x587
r6k_train_img_blb_62_jpg.rf.8f8ecbcc839440b74baa722708e5d590.jpg,587,587,1.0,587x587
r6k_train_img_blb_62_jpg.rf.9bbdb4dea60637517afbd8ab7b2326a7.jpg,587,587,1.0,587x587
r6k_train_img_blb_63_jpg.rf.4ae5eed98aefefc4c9b4a554c66d3f07.jpg,587,587,1.0,587x587
r6k_train_img_blb_63_jpg.rf.5a5d857e5e479ec4ad0ca3b14532c224.jpg,587,587,1.0,587x587
r6k_train_img_blb_63_jpg.rf.8f8cdf4538ad8027ed774655159dd0c4.jpg,587,587,1.0,587x587
r6k_train_img_blb_63_jpg.rf.be343a840e9212e41b158f7f4938e6ce.jpg,587,587,1.0,587x587
r6k_train_img_blb_63_jpg.rf.ee106582d5e3fa5f201e47a7c6ddb67b.jpg,587,587,1.0,587x587
r6k_train_img_blb_64_jpg.rf.35727289f17c3df516f67ecebc0b545f.jpg,587,587,1.0,587x587
r6k_train_img_blb_64_jpg.rf.7297434d190de304a9f29514b0d0022d.jpg,587,587,1.0,587x587
r6k_train_img_blb_64_jpg.rf.7b28f42e73693ba9abd0807be59b7909.jpg,587,587,1.0,587x587
r6k_train_img_blb_64_jpg.rf.8d66c29430383f02288178d5d83c50d5.jpg,587,587,1.0,587x587
r6k_train_img_blb_64_jpg.rf.bbd75d0197d97f565385426ed6ddfce0.jpg,587,587,1.0,587x587
r6k_train_img_blb_64_jpg.rf.df4b61f1498f925d6f3975e0347b6193.jpg,587,587,1.0,587x587
r6k_train_img_blb_64_jpg.rf.e472bcf9fe02507f53d3f3560ab9f7d1.jpg,587,587,1.0,587x587
r6k_train_img_blb_64_jpg.rf.edfc2bc55a5429ab9ea05adb4e098ebc.jpg,587,587,1.0,587x587
r6k_train_img_blb_64_jpg.rf.efc193d056f30412b76cbfb82a957332.jpg,587,587,1.0,587x587
r6k_train_img_blb_66_jpeg_jpg.rf.198e5729a4ef29c42972f8ed7c3207cb.jpg,587,587,1.0,587x587
r6k_train_img_blb_66_jpeg_jpg.rf.bec78d985edf9c7fcc24c6bc3732daa2.jpg,587,587,1.0,587x587
r6k_train_img_blb_66_jpeg_jpg.rf.e307d27baba48525741d6b31d3042648.jpg,587,587,1.0,587x587
r6k_train_img_blb_6_jpg.rf.68a61c4802c6d95f57df2b17e5575147.jpg,587,587,1.0,587x587
r6k_train_img_blb_6_jpg.rf.69b13a3dcbc082ea2b8376fbab7930aa.jpg,587,587,1.0,587x587
r6k_train_img_blb_6_jpg.rf.b8f1a717668ba27c5a7014055e9f001b.jpg,587,587,1.0,587x587
r6k_train_img_blb_6_jpg.rf.d8c81ee27d0d5d77acc62632e7fb7786.jpg,587,587,1.0,587x587
r6k_train_img_blb_6_jpg.rf.f22b62fc286d912d5915f64af823b0d0.jpg,587,587,1.0,587x587
r6k_train_img_blb_71_jpg.rf.18565528b8ce49bf334f88dce8163b55.jpg,587,587,1.0,587x587
r6k_train_img_blb_71_jpg.rf.3b9327e14b7223b91cfb2710c5148370.jpg,587,587,1.0,587x587
r6k_train_img_blb_71_jpg.rf.9558119a8408b44ad4057ec70116d4b4.jpg,587,587,1.0,587x587
r6k_train_img_blb_71_jpg.rf.be6649a026f84ae7e6fe85720b19ad08.jpg,587,587,1.0,587x587
r6k_train_img_blb_71_jpg.rf.c41547ae4d4994b1c334ec7ff83f350f.jpg,587,587,1.0,587x587
r6k_train_img_blb_71_jpg.rf.f5e02a843c6669916fc2cd9b2b06a2fc.jpg,587,587,1.0,587x587
r6k_train_img_blb_73_jpg.rf.0988a00a5dc34495a88219b5fe970301.jpg,587,587,1.0,587x587
r6k_train_img_blb_73_jpg.rf.4bc4268601054b23ed5dfedab44bed9d.jpg,587,587,1.0,587x587
r6k_train_img_blb_73_jpg.rf.77a6180ce8fe2686e283c0f45af32510.jpg,587,587,1.0,587x587
r6k_train_img_blb_73_jpg.rf.8d0d3adb822d6517d01647c6c749698c.jpg,587,587,1.0,587x587
r6k_train_img_blb_73_jpg.rf.a3a7252a7ef0cdf8cf31e756c5b293d6.jpg,587,587,1.0,587x587
r6k_train_img_blb_73_jpg.rf.f626ae08fc057faa6a270b315c19a216.jpg,587,587,1.0,587x587
r6k_train_img_blb_73_jpg.rf.f9770c7768de6cf589bc2e80ee362896.jpg,587,587,1.0,587x587
r6k_train_img_blb_75_jpg.rf.228ba22ecdd9f6838b6b1175e7e18ca4.jpg,587,587,1.0,587x587
r6k_train_img_blb_75_jpg.rf.50a6075b6ba1e67d83e82dbb29567d0b.jpg,587,587,1.0,587x587
r6k_train_img_blb_75_jpg.rf.773ff21aba6959b6f8c7d803a34cd6d6.jpg,587,587,1.0,587x587
r6k_train_img_blb_75_jpg.rf.7aab75673b27d1e0918d5151eea487fa.jpg,587,587,1.0,587x587
r6k_train_img_blb_76_jpeg_jpg.rf.0984df72bbe41f3ac6cdb5b5d90fa58a.jpg,587,587,1.0,587x587
r6k_train_img_blb_76_jpeg_jpg.rf.2eec15db26c2b807a54baa9839205197.jpg,587,587,1.0,587x587
r6k_train_img_blb_76_jpeg_jpg.rf.5391f36a31e2b359cd1af981a985a4e4.jpg,587,587,1.0,587x587
r6k_train_img_blb_76_jpeg_jpg.rf.6c6dc6bb19c4fba4363d97904c6e4237.jpg,587,587,1.0,587x587
r6k_train_img_blb_76_jpeg_jpg.rf.f07d32946f643ade11d6ab2d9ead6b70.jpg,587,587,1.0,587x587
r6k_train_img_blb_76_jpeg_jpg.rf.f25b2d99797a96d2284576d091765aca.jpg,587,587,1.0,587x587
r6k_train_img_blb_76_jpeg_jpg.rf.f9d104fd935a4cc5d3a4a2fc90679270.jpg,587,587,1.0,587x587
r6k_train_img_blb_77_jpeg_jpg.rf.052143f7fba62ac08eeefbae1f821f5d.jpg,587,587,1.0,587x587
r6k_train_img_blb_77_jpeg_jpg.rf.0d0f9f3c2b2482f0c515f0ff2e7ada25.jpg,587,587,1.0,587x587
r6k_train_img_blb_77_jpeg_jpg.rf.0f8ce397c0e74735af449ae58ce1dd7e.jpg,587,587,1.0,587x587
r6k_train_img_blb_77_jpeg_jpg.rf.22f72f644e122378ab64babccb5bd9c8.jpg,587,587,1.0,587x587
r6k_train_img_blb_77_jpeg_jpg.rf.4ebc38aa77b90bb67dd65f044008e4bf.jpg,587,587,1.0,587x587
r6k_train_img_blb_77_jpeg_jpg.rf.9c94031bbbd7b1a5cc5836f5c6bd319b.jpg,587,587,1.0,587x587
r6k_train_img_blb_77_jpeg_jpg.rf.d71fe4df1558dac505f5a72e8a6ae299.jpg,587,587,1.0,587x587
r6k_train_img_blb_77_jpeg_jpg.rf.f946014e3aa95c7722e046b9bf85d22b.jpg,587,587,1.0,587x587
r6k_train_img_blb_81_jpeg_jpg.rf.0196f44ebad593da36aeefd072cf1a85.jpg,587,587,1.0,587x587
r6k_train_img_blb_81_jpeg_jpg.rf.0ec85d1cc41330e8241af3b1c5a7f68e.jpg,587,587,1.0,587x587
r6k_train_img_blb_81_jpeg_jpg.rf.3b2a498e97739674f09ef50d89b840fe.jpg,587,587,1.0,587x587
r6k_train_img_blb_81_jpeg_jpg.rf.b0ccea07e8819a6a70d6ab6a0ff6a511.jpg,587,587,1.0,587x587
r6k_train_img_blb_81_jpeg_jpg.rf.b3a4199d68d6aa616c4373ac45291e83.jpg,587,587,1.0,587x587
r6k_train_img_blb_81_jpeg_jpg.rf.cc56f7f5922ead489e4b01390b66f604.jpg,587,587,1.0,587x587
r6k_train_img_blb_83_jpg.rf.23137527753cbe77cc9bc3b5875acadb.jpg,587,587,1.0,587x587
r6k_train_img_blb_83_jpg.rf.27fa086deda534a64d905572bc458ae7.jpg,587,587,1.0,587x587
r6k_train_img_blb_83_jpg.rf.3b07dbcd7eb92a41fad399d778dfe1ee.jpg,587,587,1.0,587x587
r6k_train_img_blb_83_jpg.rf.61c64ee08219541fcc1123e781f9309e.jpg,587,587,1.0,587x587
r6k_train_img_blb_83_jpg.rf.b7c5f1e785aa83cafb06817ff82e3b45.jpg,587,587,1.0,587x587
r6k_train_img_blb_83_jpg.rf.c09ca95476a29ad2a62b3ad7ccfc39fe.jpg,587,587,1.0,587x587
r6k_train_img_blb_84_JPG_jpg.rf.03200674d94792e9e5f3d4e99f4fc076.jpg,587,587,1.0,587x587
r6k_train_img_blb_84_JPG_jpg.rf.89995eabe881707ff8ddf45c4b018548.jpg,587,587,1.0,587x587
r6k_train_img_blb_84_JPG_jpg.rf.c9dbf88faa40f6243c8d32ad4f55a939.jpg,587,587,1.0,587x587
r6k_train_img_blb_84_JPG_jpg.rf.d7b16169f394542ceab830f4ad12975e.jpg,587,587,1.0,587x587
r6k_train_img_blb_85_jpg.rf.37773d30f2adfbea4aead6b79b4645b8.jpg,587,587,1.0,587x587
r6k_train_img_blb_85_jpg.rf.65421d6a10c3cc8684c6be7091969ce2.jpg,587,587,1.0,587x587
r6k_train_img_blb_85_jpg.rf.89efd4c8918cd7c1f69b9b2227fab100.jpg,587,587,1.0,587x587
r6k_train_img_blb_85_jpg.rf.e270b340eaf7e3da2baf4bed178db03b.jpg,587,587,1.0,587x587
r6k_train_img_blb_85_jpg.rf.e2b698139437c3a9150d026adf37708f.jpg,587,587,1.0,587x587
r6k_train_img_blb_86_jpg.rf.2dea82f455019614e9b866ec07a38f7e.jpg,587,587,1.0,587x587
r6k_train_img_blb_86_jpg.rf.55b6c93e19787f366cf6c83a8b384da8.jpg,587,587,1.0,587x587
r6k_train_img_blb_86_jpg.rf.a2462a37122d900ca09d0a5251c43b0d.jpg,587,587,1.0,587x587
r6k_train_img_blb_86_jpg.rf.a7c3045efecb9b2b33a54bb909998397.jpg,587,587,1.0,587x587
r6k_train_img_blb_90_png_jpg.rf.008b5061763ff8801f7b2b4719b449e0.jpg,587,587,1.0,587x587
r6k_train_img_blb_90_png_jpg.rf.19f1db2180fdf68059d7c8afd24365fd.jpg,587,587,1.0,587x587
r6k_train_img_blb_90_png_jpg.rf.1c15d9cfd751fe531e468ad042ad3589.jpg,587,587,1.0,587x587
r6k_train_img_blb_90_png_jpg.rf.47f55b9dad8c9b467e7b308f26da14f6.jpg,587,587,1.0,587x587
r6k_train_img_blb_90_png_jpg.rf.53ca851585745d9ef2a1acb05a180cf1.jpg,587,587,1.0,587x587
r6k_train_img_blb_90_png_jpg.rf.98815671b8a40ae38a8156b88dab1bd8.jpg,587,587,1.0,587x587
r6k_train_img_blb_90_png_jpg.rf.e3993730cb5761810e3fde73a1838981.jpg,587,587,1.0,587x587
r6k_train_img_blb_90_png_jpg.rf.eb4ac89660db2e92ab5582caafb4c4bc.jpg,587,587,1.0,587x587
r6k_train_img_blb_91_jpeg_jpg.rf.5409cb2ea1ce1b9e995d93ef9baf8da3.jpg,587,587,1.0,587x587
r6k_train_img_blb_91_jpeg_jpg.rf.6634aae04b19638d03177e54f1a1ad1f.jpg,587,587,1.0,587x587
r6k_train_img_blb_91_jpeg_jpg.rf.6789b7fe35f13068248580b121dcdc56.jpg,587,587,1.0,587x587
r6k_train_img_blb_91_jpeg_jpg.rf.a2fa3b31e7e4e276cbd927541be3beaf.jpg,587,587,1.0,587x587
r6k_train_img_blb_91_jpeg_jpg.rf.b0c9e8f8b2bb898c6325058215bd2717.jpg,587,587,1.0,587x587
r6k_train_img_blb_91_jpeg_jpg.rf.b6cf5145ac0d98c33a1c3e89aafeeee9.jpg,587,587,1.0,587x587
r6k_train_img_blb_91_jpeg_jpg.rf.b8473bf4f1cfb00fbf6145c2763d0c12.jpg,587,587,1.0,587x587
r6k_train_img_blb_92_jpeg_jpg.rf.03d55a5bc32be77f5f7d624a39bfe10e.jpg,587,587,1.0,587x587
r6k_train_img_blb_92_jpeg_jpg.rf.2af444ca4b9171a74e4007df80793398.jpg,587,587,1.0,587x587
r6k_train_img_blb_92_jpeg_jpg.rf.4a5e3329166e57b17e39db50c4bcd278.jpg,587,587,1.0,587x587
r6k_train_img_blb_92_jpeg_jpg.rf.78bd4162377b27cae652bc1ebc1cd9f1.jpg,587,587,1.0,587x587
r6k_train_img_blb_92_jpeg_jpg.rf.ab7edc2dd9d7a306adc0f93b2a86945d.jpg,587,587,1.0,587x587
r6k_train_img_blb_92_jpeg_jpg.rf.e486caa027c9c65754553a77315b1ee1.jpg,587,587,1.0,587x587
r6k_train_img_blb_93_jpeg_jpg.rf.32b2b6e8e9651d6aeb964456588ca7ff.jpg,587,587,1.0,587x587
r6k_train_img_blb_93_jpeg_jpg.rf.68c6e791516b5e7e74e2c7d82f29668b.jpg,587,587,1.0,587x587
r6k_train_img_blb_93_jpeg_jpg.rf.ff88e10575b7486c0d56f492f55eb181.jpg,587,587,1.0,587x587
r6k_train_img_blb_94_jpeg_jpg.rf.0200ba7a14d6a0bc92656516c35078a2.jpg,587,587,1.0,587x587
r6k_train_img_blb_94_jpeg_jpg.rf.03659bcd831136a20ff589025be6757c.jpg,587,587,1.0,587x587
r6k_train_img_blb_94_jpeg_jpg.rf.0ab330dd6965cd2caafccd4d6df28ded.jpg,587,587,1.0,587x587
r6k_train_img_blb_94_jpeg_jpg.rf.232b0e87d2eb9bf5a3379f9c3f62e67f.jpg,587,587,1.0,587x587
r6k_train_img_blb_94_jpeg_jpg.rf.4d54ab470013ef4fd1a6b503fac5b8f8.jpg,587,587,1.0,587x587
r6k_train_img_blb_94_jpeg_jpg.rf.5156a3bd3a966cbc8179a4752cde6d04.jpg,587,587,1.0,587x587
r6k_train_img_blb_94_jpeg_jpg.rf.f44cee354bea9bb77add5691be0c7e94.jpg,587,587,1.0,587x587
r6k_train_img_blb_95_jpeg_jpg.rf.2b563439fb1dbafc241a60dd94492980.jpg,587,587,1.0,587x587
r6k_train_img_blb_95_jpeg_jpg.rf.71da5c5d597388e08ff2f64173f0175b.jpg,587,587,1.0,587x587
r6k_train_img_blb_95_jpeg_jpg.rf.b8a9649192363ea46f899e30cd57c160.jpg,587,587,1.0,587x587
r6k_train_img_blb_95_jpeg_jpg.rf.b9bbb5192c8a61d6e0abb14ee41ddfdc.jpg,587,587,1.0,587x587
r6k_train_img_blb_95_jpeg_jpg.rf.c817742b233afc7fa21c9313c1230031.jpg,587,587,1.0,587x587
r6k_train_img_blb_95_jpeg_jpg.rf.fb53421d9bf2b05f36d8b4f4db2a1767.jpg,587,587,1.0,587x587
r6k_train_img_blb_97_jpeg_jpg.rf.a603d718921070c82167160a2124009e.jpg,587,587,1.0,587x587
r6k_train_img_blb_99_jpeg_jpg.rf.082113c473d894e39824bc16c57e5af1.jpg,587,587,1.0,587x587
r6k_train_img_blb_99_jpeg_jpg.rf.27ee5761d8a1071dec93f626c38cd971.jpg,587,587,1.0,587x587
r6k_train_img_blb_99_jpeg_jpg.rf.d5183311af6c73676de3a5aa5a6bfea8.jpg,587,587,1.0,587x587
r6k_train_img_brown_108_jpeg_jpg.rf.1a4494621e9194d9c2fd123237e122af.jpg,587,587,1.0,587x587
r6k_train_img_brown_108_jpeg_jpg.rf.21487bf7ca4bbd3fccd53915bfaffd88.jpg,587,587,1.0,587x587
r6k_train_img_brown_108_jpeg_jpg.rf.405be7c04deb77a236ca74a07e308f5a.jpg,587,587,1.0,587x587
r6k_train_img_brown_108_jpeg_jpg.rf.5c8ee2e6d4fc1797fcfc0d9b2ad8c6b6.jpg,587,587,1.0,587x587
r6k_train_img_brown_108_jpeg_jpg.rf.853a9c7c28365965c7ea52784feb164e.jpg,587,587,1.0,587x587
r6k_train_img_brown_108_jpeg_jpg.rf.a50358350cd64926e693847b4a502418.jpg,587,587,1.0,587x587
r6k_train_img_brown_108_jpeg_jpg.rf.a7fe9f01dcbd6691db2e4c7c95d05dd5.jpg,587,587,1.0,587x587
r6k_train_img_brown_108_jpeg_jpg.rf.deb4774ff63f0c9cec94d854fa3d89a0.jpg,587,587,1.0,587x587
r6k_train_img_brown_108_jpeg_jpg.rf.e50c300aceb2ad02ba90feed8dce2c86.jpg,587,587,1.0,587x587
r6k_train_img_brown_108_jpeg_jpg.rf.f1b92d2b22ad2b2304361770fb0cf0f6.jpg,587,587,1.0,587x587
r6k_train_img_brown_10_jpeg_jpg.rf.1dbd8edc5e26484e426cf8138b61d4d8.jpg,587,587,1.0,587x587
r6k_train_img_brown_10_jpeg_jpg.rf.206cb6795afe0bf028be1eaa8c690e3f.jpg,587,587,1.0,587x587
r6k_train_img_brown_10_jpeg_jpg.rf.25e250c4bfc7b91435630bec46e040b0.jpg,587,587,1.0,587x587
r6k_train_img_brown_10_jpeg_jpg.rf.58492a3936b2012e5df9955b3f550d02.jpg,587,587,1.0,587x587
r6k_train_img_brown_10_jpeg_jpg.rf.bfc5de932f82baac7f8536384d01113d.jpg,587,587,1.0,587x587
r6k_train_img_brown_10_jpeg_jpg.rf.d3584413638c4601f07fbd77ade44cdd.jpg,587,587,1.0,587x587
r6k_train_img_brown_110_jpg.rf.0af5c974cdf4fb5b5d1407042ba6bb94.jpg,587,587,1.0,587x587
r6k_train_img_brown_110_jpg.rf.293b78e601177482327202e939532b9d.jpg,587,587,1.0,587x587
r6k_train_img_brown_110_jpg.rf.298061e273520d76b56db2d3ebd31644.jpg,587,587,1.0,587x587
r6k_train_img_brown_110_jpg.rf.54af41f9d24b85e7b56ec67060d4eb0c.jpg,587,587,1.0,587x587
r6k_train_img_brown_110_jpg.rf.860f4a5d51d8d4480dd241c7cb334c76.jpg,587,587,1.0,587x587
r6k_train_img_brown_110_jpg.rf.916ddf407c090e56026129033d20d9b8.jpg,587,587,1.0,587x587
r6k_train_img_brown_110_jpg.rf.92468c6b3a92a849920a153a25824d17.jpg,587,587,1.0,587x587
r6k_train_img_brown_110_jpg.rf.c29243b8d6a67326034b695752834a3e.jpg,587,587,1.0,587x587
r6k_train_img_brown_110_jpg.rf.c7037f567d87e23f27cbdb95b7bd003b.jpg,587,587,1.0,587x587
r6k_train_img_brown_110_jpg.rf.d3aa2646394f098619398e15bdb74a26.jpg,587,587,1.0,587x587
r6k_train_img_brown_111_jpg.rf.1fde9f0d03231d6fec2919f69d05dc7a.jpg,587,587,1.0,587x587
r6k_train_img_brown_111_jpg.rf.2955ed9dd10807a8e61fbb4cbaab60c0.jpg,587,587,1.0,587x587
r6k_train_img_brown_111_jpg.rf.50b92d4616aada9571a378efb6b52277.jpg,587,587,1.0,587x587
r6k_train_img_brown_111_jpg.rf.755fac98fa45013956e8e963d19fd908.jpg,587,587,1.0,587x587
r6k_train_img_brown_111_jpg.rf.b7fdca86c3bae52260ae99b75181767b.jpg,587,587,1.0,587x587
r6k_train_img_brown_111_jpg.rf.e3303cff5ff9d7f7622687f9fb638b0d.jpg,587,587,1.0,587x587
r6k_train_img_brown_111_jpg.rf.fa67388d0ff24d07b251f635189a3918.jpg,587,587,1.0,587x587
r6k_train_img_brown_118_jpg.rf.0af944a5c5e958d935848219a73fa334.jpg,587,587,1.0,587x587
r6k_train_img_brown_118_jpg.rf.103daa0857fa2e0dcd81424ee96e61b6.jpg,587,587,1.0,587x587
r6k_train_img_brown_118_jpg.rf.8e4995ef6b9b27d49a3f06eb7f86993c.jpg,587,587,1.0,587x587
r6k_train_img_brown_118_jpg.rf.e7d4070ea1476861002fa349dc77dc19.jpg,587,587,1.0,587x587
r6k_train_img_brown_118_jpg.rf.f9ece9737ec6479b65b4f6e78041b8af.jpg,587,587,1.0,587x587
r6k_train_img_brown_11_jpeg_jpg.rf.2fdd13d40c37d0914a511a31a719c55b.jpg,587,587,1.0,587x587
r6k_train_img_brown_11_jpeg_jpg.rf.3d359c09a89d7d943d4ec56c840a59bd.jpg,587,587,1.0,587x587
r6k_train_img_brown_11_jpeg_jpg.rf.615d6ce540c252d6429d5aaf5daeff76.jpg,587,587,1.0,587x587
r6k_train_img_brown_11_jpeg_jpg.rf.66863cf5b0484a43a19d9e1f32248555.jpg,587,587,1.0,587x587
r6k_train_img_brown_11_jpeg_jpg.rf.6d89fba4d7062506ad98b0785cf0a6d8.jpg,587,587,1.0,587x587
r6k_train_img_brown_11_jpeg_jpg.rf.8cd361f5900e5dc5e87393400cc3e9b2.jpg,587,587,1.0,587x587
r6k_train_img_brown_11_jpeg_jpg.rf.a6db00704bb8f0556dc1cd8aaff5a796.jpg,587,587,1.0,587x587
r6k_train_img_brown_11_jpeg_jpg.rf.abe3c04ce352a744f0497a0469100965.jpg,587,587,1.0,587x587
r6k_train_img_brown_125_jpg.rf.2987a5d86f8ebc63aeba86bea76ac2d8.jpg,587,587,1.0,587x587
r6k_train_img_brown_125_jpg.rf.2bda3b1013ee9472962fd07a627d0a3c.jpg,587,587,1.0,587x587
r6k_train_img_brown_125_jpg.rf.2d00e5c95275cbc0ec9ed7495ef56a4e.jpg,587,587,1.0,587x587
r6k_train_img_brown_125_jpg.rf.41cff979fe50b9ecfec57a4976aaebd1.jpg,587,587,1.0,587x587
r6k_train_img_brown_125_jpg.rf.7258f00173eac8e1430018b6b003bf1b.jpg,587,587,1.0,587x587
r6k_train_img_brown_125_jpg.rf.7c3034a6d834e2a278bf7bce83978c68.jpg,587,587,1.0,587x587
r6k_train_img_brown_125_jpg.rf.863345cfb5a5f2d841ec5581b03f29b3.jpg,587,587,1.0,587x587
r6k_train_img_brown_125_jpg.rf.8d937ea19b14e7d75cff4d929112839a.jpg,587,587,1.0,587x587
r6k_train_img_brown_125_jpg.rf.bf218d1f61786c3b9256aa58fae4f829.jpg,587,587,1.0,587x587
r6k_train_img_brown_128_jpg.rf.26ef502c170f8101aa9e2841051bc2e1.jpg,587,587,1.0,587x587
r6k_train_img_brown_128_jpg.rf.290af88b5ea5a33a8f31c612de509f88.jpg,587,587,1.0,587x587
r6k_train_img_brown_128_jpg.rf.ba167b6881e0359982cfc82377f853f8.jpg,587,587,1.0,587x587
r6k_train_img_brown_128_jpg.rf.bf37aaee7c1fe466ae12eb623dff078b.jpg,587,587,1.0,587x587
r6k_train_img_brown_12_jpg.rf.353e30b043c9a968f05d73581ece6a02.jpg,587,587,1.0,587x587
r6k_train_img_brown_12_jpg.rf.57bb48a671b256c1955379b2456238de.jpg,587,587,1.0,587x587
r6k_train_img_brown_12_jpg.rf.64ed40fed446426a869c516a669b2da1.jpg,587,587,1.0,587x587
r6k_train_img_brown_12_jpg.rf.6b854cd22b02bc1d4e170f2192da4371.jpg,587,587,1.0,587x587
r6k_train_img_brown_12_jpg.rf.797383b4a0461f6011c970d89cda6576.jpg,587,587,1.0,587x587
r6k_train_img_brown_12_jpg.rf.8c07bc2a1499778aa981fa6f5af9daf0.jpg,587,587,1.0,587x587
r6k_train_img_brown_12_jpg.rf.99dc245e9bdaf21e11060299993b288a.jpg,587,587,1.0,587x587
r6k_train_img_brown_12_jpg.rf.9b0d7c3d0baa3e53e9ffe3dddb41f5bf.jpg,587,587,1.0,587x587
r6k_train_img_brown_12_jpg.rf.9b457857219b8c7bbf834af44403cb64.jpg,587,587,1.0,587x587
r6k_train_img_brown_12_jpg.rf.bca40d306a7502ac94f72b9415ab8386.jpg,587,587,1.0,587x587
r6k_train_img_brown_12_jpg.rf.f623cb4d3c5b101c5175ab42b1f96ed4.jpg,587,587,1.0,587x587
r6k_train_img_brown_13_jpeg_jpg.rf.01f961eb17259ad1e4139e11d6644780.jpg,587,587,1.0,587x587
r6k_train_img_brown_13_jpeg_jpg.rf.08b5dd1ccb994f714499e2ba51d515ef.jpg,587,587,1.0,587x587
r6k_train_img_brown_13_jpeg_jpg.rf.0b924d698f61df612ac58f16948cf6f7.jpg,587,587,1.0,587x587
r6k_train_img_brown_13_jpeg_jpg.rf.22a1300908dd461a42ac1fd8ea92ad23.jpg,587,587,1.0,587x587
r6k_train_img_brown_13_jpeg_jpg.rf.4b3c2fbaa1b7b74dcd08b6db7b0752b4.jpg,587,587,1.0,587x587
r6k_train_img_brown_13_jpeg_jpg.rf.5a54e140cac317c630abccd614b67248.jpg,587,587,1.0,587x587
r6k_train_img_brown_13_jpeg_jpg.rf.61f5db43d7ceba13dc81b13e651e0016.jpg,587,587,1.0,587x587
r6k_train_img_brown_13_jpeg_jpg.rf.6303a61b24ee46cc3f92d48851b9c489.jpg,587,587,1.0,587x587
r6k_train_img_brown_13_jpeg_jpg.rf.6826fcee343b5c6d6619f3f9067db02b.jpg,587,587,1.0,587x587
r6k_train_img_brown_13_jpeg_jpg.rf.77cc4bcd8b10dc8adaf1473af54e8367.jpg,587,587,1.0,587x587
r6k_train_img_brown_13_jpeg_jpg.rf.8f12ded80e8a11b0b665fe18174a8fef.jpg,587,587,1.0,587x587
r6k_train_img_brown_13_jpeg_jpg.rf.cbb38a300fac57176debe1e6738b8f16.jpg,587,587,1.0,587x587
r6k_train_img_brown_13_jpeg_jpg.rf.d38b832753c8f9405168f8abb85bcb32.jpg,587,587,1.0,587x587
r6k_train_img_brown_13_jpeg_jpg.rf.dff62cbb4b258dbccf65354827a2cb14.jpg,587,587,1.0,587x587
r6k_train_img_brown_147_jpg.rf.02409de0f092af31049b4d9a4ac48b2d.jpg,587,587,1.0,587x587
r6k_train_img_brown_147_jpg.rf.065bf72febdfae1b55c0d909079aa2e3.jpg,587,587,1.0,587x587
r6k_train_img_brown_147_jpg.rf.3a663ebad8010ece255cdb04ba76aead.jpg,587,587,1.0,587x587
r6k_train_img_brown_147_jpg.rf.473725d01f0d6a9a348f707590bd1ac9.jpg,587,587,1.0,587x587
r6k_train_img_brown_147_jpg.rf.57d222003a87040e160f3a9c722c17c2.jpg,587,587,1.0,587x587
r6k_train_img_brown_147_jpg.rf.6240dfc66daa012cf5ff46e0c3377533.jpg,587,587,1.0,587x587
r6k_train_img_brown_147_jpg.rf.9f86ddcbedffee13185a7aaa736db617.jpg,587,587,1.0,587x587
r6k_train_img_brown_149_jpg.rf.06378cbd0074e3c522cc709fe05df45c.jpg,587,587,1.0,587x587
r6k_train_img_brown_149_jpg.rf.1316ce169978ea5e227aa3b2773bdaa7.jpg,587,587,1.0,587x587
r6k_train_img_brown_149_jpg.rf.86f059a1b05097d9bd9a562bf6494a15.jpg,587,587,1.0,587x587
r6k_train_img_brown_149_jpg.rf.99d928a1cb2a00cd12806975abd1d584.jpg,587,587,1.0,587x587
r6k_train_img_brown_149_jpg.rf.cbea072ba37150562cb0d9117f6e8dfa.jpg,587,587,1.0,587x587
r6k_train_img_brown_149_jpg.rf.da3b89a3b5d781a935893a6bbe0f8342.jpg,587,587,1.0,587x587
r6k_train_img_brown_149_jpg.rf.fd920b4616a8c0684c49cdf8052ed22c.jpg,587,587,1.0,587x587
r6k_train_img_brown_149_jpg.rf.ffcade3b2c192bc3b8a8b298a61cc243.jpg,587,587,1.0,587x587
r6k_train_img_brown_177_jpg.rf.0a584a30b06d351d2648b67427b959be.jpg,587,587,1.0,587x587
r6k_train_img_brown_177_jpg.rf.b6f2475b5584ac67c296871c736181e7.jpg,587,587,1.0,587x587
r6k_train_img_brown_177_jpg.rf.baa7b138846a65a08c06c1abf1b829f0.jpg,587,587,1.0,587x587
r6k_train_img_brown_179_jpg.rf.6edcd85ef89df155e46d985ee1c2ebff.jpg,587,587,1.0,587x587
r6k_train_img_brown_179_jpg.rf.7fefcf0ec3edca84586253ea16ef4a56.jpg,587,587,1.0,587x587
r6k_train_img_brown_179_jpg.rf.895d2f86a98dde16b5f1238703f2d386.jpg,587,587,1.0,587x587
r6k_train_img_brown_179_jpg.rf.a7152c045644a7206657f7f5faf3cc0d.jpg,587,587,1.0,587x587
r6k_train_img_brown_179_jpg.rf.ee59b4f0d35a2bbe8876d057b81dcb40.jpg,587,587,1.0,587x587
r6k_train_img_brown_179_jpg.rf.efbf9d15288933c884c5484e02fb4a68.jpg,587,587,1.0,587x587
r6k_train_img_brown_179_jpg.rf.efeb8e9f96a4d36d2c0601f831513560.jpg,587,587,1.0,587x587
r6k_train_img_brown_17_jpg.rf.0ac4c953295d6b344bddb9503653c6e8.jpg,587,587,1.0,587x587
r6k_train_img_brown_17_jpg.rf.165b8572bf38265f5aa56e08b2b99aaf.jpg,587,587,1.0,587x587
r6k_train_img_brown_17_jpg.rf.54c7269af073468d5ce13363c6e882c3.jpg,587,587,1.0,587x587
r6k_train_img_brown_17_jpg.rf.8c7e7e7c85c602b5c89d2da173be481e.jpg,587,587,1.0,587x587
r6k_train_img_brown_17_jpg.rf.9c1220383c1c5542e42219d7d40c9b9d.jpg,587,587,1.0,587x587
r6k_train_img_brown_17_jpg.rf.acab1147f1b269180aa202a4718e65c8.jpg,587,587,1.0,587x587
r6k_train_img_brown_17_jpg.rf.cdb9b4e303a4a16c6d02fe54c152e4e0.jpg,587,587,1.0,587x587
r6k_train_img_brown_17_jpg.rf.e6cc95bf4c9779c1bf9a4d50f95c41b4.jpg,587,587,1.0,587x587
r6k_train_img_brown_17_jpg.rf.fb5aacec75f743cdc95a1dca1943753c.jpg,587,587,1.0,587x587
r6k_train_img_brown_18_jpg.rf.12516cfad47d46a5919aecac85fad374.jpg,587,587,1.0,587x587
r6k_train_img_brown_18_jpg.rf.1728d1d2911e91fa61cb7eb8d8c78894.jpg,587,587,1.0,587x587
r6k_train_img_brown_18_jpg.rf.87c5bce4d001528889d5969be2270082.jpg,587,587,1.0,587x587
r6k_train_img_brown_18_jpg.rf.96dec7922377858c0a4ec59ffa5afc15.jpg,587,587,1.0,587x587
r6k_train_img_brown_18_jpg.rf.99f88b2f0ce475c79382927308ca8275.jpg,587,587,1.0,587x587
r6k_train_img_brown_18_jpg.rf.bf510905c176b89d2887cbdc2f88856e.jpg,587,587,1.0,587x587
r6k_train_img_brown_18_jpg.rf.e50820866500c9b90d2d6e420219bc6a.jpg,587,587,1.0,587x587
r6k_train_img_brown_19_jpeg_jpg.rf.1171c19278604a35329d8fac484d14be.jpg,587,587,1.0,587x587
r6k_train_img_brown_20_jpg.rf.1394857dfa871650ee80551a26d2cd2e.jpg,587,587,1.0,587x587
r6k_train_img_brown_20_jpg.rf.1ae7bb2d1f82927efabfa9f0e9ed66e3.jpg,587,587,1.0,587x587
r6k_train_img_brown_20_jpg.rf.2060d13fb90bed9c2cba9f2986b717ce.jpg,587,587,1.0,587x587
r6k_train_img_brown_20_jpg.rf.2bacb2e9ca1da18506032ebbc06b58c3.jpg,587,587,1.0,587x587
r6k_train_img_brown_20_jpg.rf.4991ff3af7a8bd8efbc3881fc9be83a0.jpg,587,587,1.0,587x587
r6k_train_img_brown_20_jpg.rf.59d824b4e20642d9f5dd7199b0e1677f.jpg,587,587,1.0,587x587
r6k_train_img_brown_20_jpg.rf.eb2348e1907d26376898faeeb4ae0407.jpg,587,587,1.0,587x587
r6k_train_img_brown_20_jpg.rf.f281da2806de524c71ee0ee61b306dde.jpg,587,587,1.0,587x587
r6k_train_img_brown_21_jpg.rf.4f6c523af861e0d5b6374de5e9098e83.jpg,587,587,1.0,587x587
r6k_train_img_brown_21_jpg.rf.65b1a186b2e676bc352e94665be79dae.jpg,587,587,1.0,587x587
r6k_train_img_brown_21_jpg.rf.7a664c569055427920965dcda30e50a1.jpg,587,587,1.0,587x587
r6k_train_img_brown_21_jpg.rf.a94bfde0f7924026d71122a4e4586714.jpg,587,587,1.0,587x587
r6k_train_img_brown_21_jpg.rf.b31345cd543081bc5b1c80750a9030d6.jpg,587,587,1.0,587x587
r6k_train_img_brown_21_jpg.rf.c0b430527f6dbb462ceb87032e9aa2f2.jpg,587,587,1.0,587x587
r6k_train_img_brown_21_jpg.rf.d7ea5cbbf50ec98d8328bfedbb4ab5fe.jpg,587,587,1.0,587x587
r6k_train_img_brown_21_jpg.rf.dd5831180c0547ff8510c80c0bb932c3.jpg,587,587,1.0,587x587
r6k_train_img_brown_22_jpg.rf.338b989bc39a62553c2f815c01585e3c.jpg,587,587,1.0,587x587
r6k_train_img_brown_22_jpg.rf.7cb9b9fbff004bbbbd31681fb676ca66.jpg,587,587,1.0,587x587
r6k_train_img_brown_22_jpg.rf.b20c11a442a15a8df98a0d9724994775.jpg,587,587,1.0,587x587
r6k_train_img_brown_22_jpg.rf.c9c3227955527967e316df1c12460e24.jpg,587,587,1.0,587x587
r6k_train_img_brown_22_jpg.rf.e1b5fba7ceef6acbb0bde0c2de969a6a.jpg,587,587,1.0,587x587
r6k_train_img_brown_22_jpg.rf.f5343fd91a9ea85ef36c024f825917d5.jpg,587,587,1.0,587x587
r6k_train_img_brown_22_jpg.rf.fff17a692e177c8c8aef4d7bbd0e3918.jpg,587,587,1.0,587x587
r6k_train_img_brown_23_jpg.rf.0b58f8f29f718648c2fa4ff9d7fb0c47.jpg,587,587,1.0,587x587
r6k_train_img_brown_23_jpg.rf.30b3b649bc330e4ceb82b86a1b3da275.jpg,587,587,1.0,587x587
r6k_train_img_brown_23_jpg.rf.3b52a377b2f7b47152abf7be5062a6a6.jpg,587,587,1.0,587x587
r6k_train_img_brown_23_jpg.rf.468b3ca22edc68cc5d2c2d1f62a0ca63.jpg,587,587,1.0,587x587
r6k_train_img_brown_23_jpg.rf.492b0b00879620f8c75675a7de0f1f31.jpg,587,587,1.0,587x587
r6k_train_img_brown_23_jpg.rf.6a00556b55982e2ace894ab499d88e7f.jpg,587,587,1.0,587x587
r6k_train_img_brown_23_jpg.rf.7d652251b32c0cfd06a7d6f9f5fe530b.jpg,587,587,1.0,587x587
r6k_train_img_brown_23_jpg.rf.bcb440c3e5c64520c6acbbdb79275ac7.jpg,587,587,1.0,587x587
r6k_train_img_brown_23_jpg.rf.ea29b8f9718157b3435a93a14f054934.jpg,587,587,1.0,587x587
r6k_train_img_brown_23_jpg.rf.eb3deb0e7a7022b7293b65473b2833f0.jpg,587,587,1.0,587x587
r6k_train_img_brown_25_jpg.rf.0ca0a0145c5463a2951ee15aceea0c92.jpg,587,587,1.0,587x587
r6k_train_img_brown_25_jpg.rf.29ea74fcd1b6ec1353584e1181bc8091.jpg,587,587,1.0,587x587
r6k_train_img_brown_25_jpg.rf.5e31d69d878b34ef0a1169d772ccbb3a.jpg,587,587,1.0,587x587
r6k_train_img_brown_25_jpg.rf.6d9d95bb3e6e362b5c18b032b961bd3a.jpg,587,587,1.0,587x587
r6k_train_img_brown_25_jpg.rf.82d851a14dd29d147dc821f00ed6aaf4.jpg,587,587,1.0,587x587
r6k_train_img_brown_25_jpg.rf.9872f80d780fcafd50be52a8a1bb5199.jpg,587,587,1.0,587x587
r6k_train_img_brown_25_jpg.rf.d80ac761232c829c08c7d48291a9a609.jpg,587,587,1.0,587x587
r6k_train_img_brown_25_jpg.rf.dea1779b28806fd24f85432d7540443e.jpg,587,587,1.0,587x587
r6k_train_img_brown_26_JPG_jpg.rf.26a198e8ec3ef68a07a5135c45a42751.jpg,587,587,1.0,587x587
r6k_train_img_brown_26_JPG_jpg.rf.80565e3e08aebadb090907f9a0aff7de.jpg,587,587,1.0,587x587
r6k_train_img_brown_26_JPG_jpg.rf.9d3280847dae0b4f7e66c25c2b5465b2.jpg,587,587,1.0,587x587
r6k_train_img_brown_27_JPG_jpg.rf.0ff53028979f297b68b850fa94102881.jpg,587,587,1.0,587x587
r6k_train_img_brown_27_JPG_jpg.rf.933b46615cd86856e97329cb5e4907c9.jpg,587,587,1.0,587x587
r6k_train_img_brown_27_JPG_jpg.rf.abd60dc1c6991dcae6eb32673c8fb842.jpg,587,587,1.0,587x587
r6k_train_img_brown_27_JPG_jpg.rf.d1bb8b4b5a911ff94d5f25f3478864d2.jpg,587,587,1.0,587x587
r6k_train_img_brown_31_JPG_jpg.rf.7846ec0039a43278f7dd753e07188d24.jpg,587,587,1.0,587x587
r6k_train_img_brown_32_JPG_jpg.rf.3ab7a4e5ba972b49f9d9f00463e31618.jpg,587,587,1.0,587x587
r6k_train_img_brown_32_JPG_jpg.rf.76e55ea4096138ac0c9fe993e2816eb4.jpg,587,587,1.0,587x587
r6k_train_img_brown_32_JPG_jpg.rf.8c85d958bcff1d57aed987ccad0dfa53.jpg,587,587,1.0,587x587
r6k_train_img_brown_32_JPG_jpg.rf.8d07763ad60144fe3c625eba45a5e1a3.jpg,587,587,1.0,587x587
r6k_train_img_brown_32_JPG_jpg.rf.a6e03711fdcd6efd33fd091059e2716c.jpg,587,587,1.0,587x587
r6k_train_img_brown_32_JPG_jpg.rf.c409f50f51dc8c224f39b5e01d60f998.jpg,587,587,1.0,587x587
r6k_train_img_brown_32_JPG_jpg.rf.e4d5fb0aeb17c11fde8b5ff05b30893f.jpg,587,587,1.0,587x587
r6k_train_img_brown_33_JPG_jpg.rf.2c668c47a28eab4275cb351da0405d22.jpg,587,587,1.0,587x587
r6k_train_img_brown_33_JPG_jpg.rf.3b0e3273ab9e766196f39fa5a21f9019.jpg,587,587,1.0,587x587
r6k_train_img_brown_33_JPG_jpg.rf.4df6740c6bc926723905c338ee4996a7.jpg,587,587,1.0,587x587
r6k_train_img_brown_33_JPG_jpg.rf.5f5bd940f893933817276523042cbb1c.jpg,587,587,1.0,587x587
r6k_train_img_brown_33_JPG_jpg.rf.6e2230fa3af261a4e226f2f0b7021740.jpg,587,587,1.0,587x587
r6k_train_img_brown_33_JPG_jpg.rf.9f3d2c3318beb2e2355446e9832190c1.jpg,587,587,1.0,587x587
r6k_train_img_brown_33_JPG_jpg.rf.dee263f5420d2722894dc52f1d947ef8.jpg,587,587,1.0,587x587
r6k_train_img_brown_34_JPG_jpg.rf.16d0131220572c388a201e1b41fcd195.jpg,587,587,1.0,587x587
r6k_train_img_brown_34_JPG_jpg.rf.245fb06613ef729aa9dfbd65179841b5.jpg,587,587,1.0,587x587
r6k_train_img_brown_34_JPG_jpg.rf.5439791c94f1c744c13045330942d256.jpg,587,587,1.0,587x587
r6k_train_img_brown_34_JPG_jpg.rf.7ca4fd218fe3a8e4dd6758309e69ca32.jpg,587,587,1.0,587x587
r6k_train_img_brown_34_JPG_jpg.rf.9f9023c4b6d7659622a75be0a285d5ca.jpg,587,587,1.0,587x587
r6k_train_img_brown_34_JPG_jpg.rf.a7b43dbb054e8b10f1394f88b3bbfac8.jpg,587,587,1.0,587x587
r6k_train_img_brown_34_JPG_jpg.rf.d9235a659f653342af658d8ced02c24c.jpg,587,587,1.0,587x587
r6k_train_img_brown_35_JPG_jpg.rf.02777fd1d4a5c7d7da6c41927be39060.jpg,587,587,1.0,587x587
r6k_train_img_brown_35_JPG_jpg.rf.2a965157ff011565814f4245995ceb76.jpg,587,587,1.0,587x587
r6k_train_img_brown_35_JPG_jpg.rf.4ab38060fa8d3e1fb1b168dcc599ee25.jpg,587,587,1.0,587x587
r6k_train_img_brown_35_JPG_jpg.rf.62908bfe8e0efb40245bd2e3c9c9548e.jpg,587,587,1.0,587x587
r6k_train_img_brown_35_JPG_jpg.rf.74a069fa0e27d3b8f0926d547f33dd4d.jpg,587,587,1.0,587x587
r6k_train_img_brown_35_JPG_jpg.rf.753056941957170ce4d05259f2c274c0.jpg,587,587,1.0,587x587
r6k_train_img_brown_35_JPG_jpg.rf.9be43730671dd08129164fa4075702e8.jpg,587,587,1.0,587x587
r6k_train_img_brown_36_JPG_jpg.rf.0f5e434fc189152891a16d83bf99774f.jpg,587,587,1.0,587x587
r6k_train_img_brown_36_JPG_jpg.rf.15c156b6ccd76561f16a0b6371a7ae87.jpg,587,587,1.0,587x587
r6k_train_img_brown_36_JPG_jpg.rf.1dfaa199e356f652bf1971adfe69291c.jpg,587,587,1.0,587x587
r6k_train_img_brown_36_JPG_jpg.rf.2e9b85f94d571a02d5d64bade5bbda60.jpg,587,587,1.0,587x587
r6k_train_img_brown_36_JPG_jpg.rf.37b3041c7ccdd6737f665b7dbfd72bbc.jpg,587,587,1.0,587x587
r6k_train_img_brown_36_JPG_jpg.rf.39e0590e1f1e89de70b04bc5865dc95a.jpg,587,587,1.0,587x587
r6k_train_img_brown_36_JPG_jpg.rf.56dc29493f0a48483b5fa5522b87521f.jpg,587,587,1.0,587x587
r6k_train_img_brown_36_JPG_jpg.rf.59900044a8887c4829c606bcf58db214.jpg,587,587,1.0,587x587
r6k_train_img_brown_36_JPG_jpg.rf.6264d030e94d9811ca5d3346bcb1d1de.jpg,587,587,1.0,587x587
r6k_train_img_brown_36_JPG_jpg.rf.66e8ed21664d58674738499cf93d1072.jpg,587,587,1.0,587x587
r6k_train_img_brown_36_JPG_jpg.rf.ab2262a511d5c6cc6ac75aa9fc1ef070.jpg,587,587,1.0,587x587
r6k_train_img_brown_36_JPG_jpg.rf.b63419685abfd91e9b6c9d3485459e9e.jpg,587,587,1.0,587x587
r6k_train_img_brown_36_JPG_jpg.rf.b836c53e8780cf4a828421966947f5ef.jpg,587,587,1.0,587x587
r6k_train_img_brown_36_JPG_jpg.rf.ccf33614c8a5bc5326172abd0a9a4434.jpg,587,587,1.0,587x587
r6k_train_img_brown_37_JPG_jpg.rf.0f8c9e38eeff2839d46c6d405b70dffe.jpg,587,587,1.0,587x587
r6k_train_img_brown_37_JPG_jpg.rf.126527fcd3022180fb477c1d6fd2ca45.jpg,587,587,1.0,587x587
r6k_train_img_brown_37_JPG_jpg.rf.1726ec76b20ad6efaca570ff581b2923.jpg,587,587,1.0,587x587
r6k_train_img_brown_37_JPG_jpg.rf.22c315fcb925ef5b0aaf2ab414919144.jpg,587,587,1.0,587x587
r6k_train_img_brown_37_JPG_jpg.rf.2730836ea78c87ea174daa20f81d1ba6.jpg,587,587,1.0,587x587
r6k_train_img_brown_37_JPG_jpg.rf.6a0dcbb825d05a2a6d421fa102d7a488.jpg,587,587,1.0,587x587
r6k_train_img_brown_37_JPG_jpg.rf.6cc581d68df7ace1d2012b0d089ea482.jpg,587,587,1.0,587x587
r6k_train_img_brown_37_JPG_jpg.rf.9544e60c8efd9b9cd42271b5054dd9e4.jpg,587,587,1.0,587x587
r6k_train_img_brown_37_JPG_jpg.rf.b91455644323d003633b91b8b8eb7886.jpg,587,587,1.0,587x587
r6k_train_img_brown_37_JPG_jpg.rf.c208b9595ff5645ad403ad03fc88b68b.jpg,587,587,1.0,587x587
r6k_train_img_brown_37_JPG_jpg.rf.ef9aae9fa80cbd46b11ae22b23f48f96.jpg,587,587,1.0,587x587
r6k_train_img_brown_37_JPG_jpg.rf.f27c75771622ba3acae10e56817adab8.jpg,587,587,1.0,587x587
r6k_train_img_brown_38_jpg.rf.2954147519fdf4c15d08c871c8157c41.jpg,587,587,1.0,587x587
r6k_train_img_brown_38_jpg.rf.721bdb40e66ff794a90dc8d394437ace.jpg,587,587,1.0,587x587
r6k_train_img_brown_38_jpg.rf.74bf88a420d82833ca1caa9929334a07.jpg,587,587,1.0,587x587
r6k_train_img_brown_38_jpg.rf.7829b3c993c25c5ee313931684a40674.jpg,587,587,1.0,587x587
r6k_train_img_brown_38_jpg.rf.7a147b330eaaea3ed0fbea087b5eca8f.jpg,587,587,1.0,587x587
r6k_train_img_brown_38_jpg.rf.a100ab04ecd81329f44fcfcd0a264ec2.jpg,587,587,1.0,587x587
r6k_train_img_brown_38_jpg.rf.dcaa837ab090a081ebf60dce2e6f1d12.jpg,587,587,1.0,587x587
r6k_train_img_brown_38_jpg.rf.dd9a421d9debee502e0f11f877cf9148.jpg,587,587,1.0,587x587
r6k_train_img_brown_38_jpg.rf.f5b378b6817b659c56f227c19d464388.jpg,587,587,1.0,587x587
r6k_train_img_brown_39_JPG_jpg.rf.1af63c956896201e2afd08138fd6d0ec.jpg,587,587,1.0,587x587
r6k_train_img_brown_39_JPG_jpg.rf.43a1fc605dc5aa427ce7d975f8de7869.jpg,587,587,1.0,587x587
r6k_train_img_brown_39_JPG_jpg.rf.82c7190fb0954ecf676aa9d976162101.jpg,587,587,1.0,587x587
r6k_train_img_brown_39_JPG_jpg.rf.9764162f515cdc7c4125b16baa840f3b.jpg,587,587,1.0,587x587
r6k_train_img_brown_39_JPG_jpg.rf.b59e5460e9bedf73c61e29bd6790eed2.jpg,587,587,1.0,587x587
r6k_train_img_brown_39_JPG_jpg.rf.cd116c3edf338f78e6d4b58400978971.jpg,587,587,1.0,587x587
r6k_train_img_brown_39_JPG_jpg.rf.d0c66a287d541ad78c0c505c7aa1c27c.jpg,587,587,1.0,587x587
r6k_train_img_brown_39_JPG_jpg.rf.d69baed3b7ae54f258c2a8f9127fe8d4.jpg,587,587,1.0,587x587
r6k_train_img_brown_39_JPG_jpg.rf.f1e7c204f612df106e87d99cf9be69ec.jpg,587,587,1.0,587x587
r6k_train_img_brown_3_jpg.rf.3f21f2e2d9215ad9922107047a08596c.jpg,587,587,1.0,587x587
r6k_train_img_brown_3_jpg.rf.4645526064aa00c04dbebfe5e8f6fae5.jpg,587,587,1.0,587x587
r6k_train_img_brown_3_jpg.rf.49c46262a6fece5025c167214f4f4774.jpg,587,587,1.0,587x587
r6k_train_img_brown_3_jpg.rf.4db359aebd4934161d7b1f9ff6793b48.jpg,587,587,1.0,587x587
r6k_train_img_brown_3_jpg.rf.6e9bed915232836a2b747070ddb4bcc2.jpg,587,587,1.0,587x587
r6k_train_img_brown_3_jpg.rf.83262f67e87377b1d8f393050adf6fca.jpg,587,587,1.0,587x587
r6k_train_img_brown_3_jpg.rf.b411dde161dec438ca95869856e920cf.jpg,587,587,1.0,587x587
r6k_train_img_brown_3_jpg.rf.c4be677c330d88d4b4c8f24e461d752f.jpg,587,587,1.0,587x587
r6k_train_img_brown_3_jpg.rf.c79be66c7872ced5d3a4d0cb87324045.jpg,587,587,1.0,587x587
r6k_train_img_brown_3_jpg.rf.caa3769f28c62069432a3a44c00fb3d7.jpg,587,587,1.0,587x587
r6k_train_img_brown_3_jpg.rf.e434a3da05e0bf4858dfb63db1c24d96.jpg,587,587,1.0,587x587
r6k_train_img_brown_3_jpg.rf.eab69345e6cec5603e3caf444617c18e.jpg,587,587,1.0,587x587
r6k_train_img_brown_3_jpg.rf.eee264fb38dddb672289671f34c1a38a.jpg,587,587,1.0,587x587
r6k_train_img_brown_40_JPG_jpg.rf.281bdd82188c2caacc591cd4ccac7094.jpg,587,587,1.0,587x587
r6k_train_img_brown_40_JPG_jpg.rf.64958f5e73d755ade71714dd2349b4f4.jpg,587,587,1.0,587x587
r6k_train_img_brown_40_JPG_jpg.rf.65be977911b44ea5b5ddcb3c49cc574a.jpg,587,587,1.0,587x587
r6k_train_img_brown_40_JPG_jpg.rf.65c04c41e56b8a28a5753c8e25eba5d8.jpg,587,587,1.0,587x587
r6k_train_img_brown_40_JPG_jpg.rf.a874ebba9bd8298e2d8fa6eb176d9539.jpg,587,587,1.0,587x587
r6k_train_img_brown_40_JPG_jpg.rf.c87ff322a71c194e1d3347406f80e2bd.jpg,587,587,1.0,587x587
r6k_train_img_brown_40_JPG_jpg.rf.ca050be3196dcc630d34bfd5546e528a.jpg,587,587,1.0,587x587
r6k_train_img_brown_40_JPG_jpg.rf.d4fa8b049108f43e13f64b1969017265.jpg,587,587,1.0,587x587
r6k_train_img_brown_40_JPG_jpg.rf.e9e3042a09a03bc9644377dd516ed935.jpg,587,587,1.0,587x587
r6k_train_img_brown_40_JPG_jpg.rf.fb2f497604432af9301c87d4f7e34437.jpg,587,587,1.0,587x587
r6k_train_img_brown_41_jpg.rf.0e1537f158cf1aab0cce185c81532cb4.jpg,587,587,1.0,587x587
r6k_train_img_brown_41_jpg.rf.68b92d298e7f48789158ff52db1dc486.jpg,587,587,1.0,587x587
r6k_train_img_brown_41_jpg.rf.80e71f7af8d9b8aedfd8419d5e3ab280.jpg,587,587,1.0,587x587
r6k_train_img_brown_41_jpg.rf.a71227afe94a1242c764b03fa7ae0cb0.jpg,587,587,1.0,587x587
r6k_train_img_brown_41_jpg.rf.ae53ac62cd23cbc432f0a7b83bf60723.jpg,587,587,1.0,587x587
r6k_train_img_brown_41_jpg.rf.ced1732afdd90be08f720deca8e610e1.jpg,587,587,1.0,587x587
r6k_train_img_brown_41_jpg.rf.f69b800054a5e10ab0f81a699e15ef63.jpg,587,587,1.0,587x587
r6k_train_img_brown_41_jpg.rf.fe2d472112c0aee4a24a55af29e8c27e.jpg,587,587,1.0,587x587
r6k_train_img_brown_45_jpg.rf.75d0c2b3d0e76f1fa2182710ace7cb14.jpg,587,587,1.0,587x587
r6k_train_img_brown_46_jpg.rf.2b843c6cd51df5516a477f81634d2492.jpg,587,587,1.0,587x587
r6k_train_img_brown_46_jpg.rf.31eebdaf27afe5678422cc4cda6ef0a1.jpg,587,587,1.0,587x587
r6k_train_img_brown_46_jpg.rf.673a68c8147a48ee9b1e3839acbd0d07.jpg,587,587,1.0,587x587
r6k_train_img_brown_46_jpg.rf.ab8670c3da29b099b905ef01007bc665.jpg,587,587,1.0,587x587
r6k_train_img_brown_46_jpg.rf.b6d8583d70f7b67e5744ebb1253dbc13.jpg,587,587,1.0,587x587
r6k_train_img_brown_46_jpg.rf.b8932ee3dbf25567edafce5f20264327.jpg,587,587,1.0,587x587
r6k_train_img_brown_46_jpg.rf.bf800b9e80360698c0626d4c3a2a44c9.jpg,587,587,1.0,587x587
r6k_train_img_brown_46_jpg.rf.e2cf8da54625ee8477814217fb9e8f66.jpg,587,587,1.0,587x587
r6k_train_img_brown_46_jpg.rf.e920f8a59934794c9760d8563c89ff71.jpg,587,587,1.0,587x587
r6k_train_img_brown_47_jpg.rf.0f00da6f5ff4c07b79f4d07b894c5451.jpg,587,587,1.0,587x587
r6k_train_img_brown_47_jpg.rf.33e55e290994ba4d4a17bd746066df47.jpg,587,587,1.0,587x587
r6k_train_img_brown_47_jpg.rf.35246f2f35cf2677062d9e16f048fd13.jpg,587,587,1.0,587x587
r6k_train_img_brown_47_jpg.rf.a69d91bffeedf72b155d6ca2b223915d.jpg,587,587,1.0,587x587
r6k_train_img_brown_47_jpg.rf.e87a829c0f1f4c2eb2d36e7e3010ed52.jpg,587,587,1.0,587x587
r6k_train_img_brown_47_jpg.rf.ea1a013bf00cc94687dfad4e25a5c87b.jpg,587,587,1.0,587x587
r6k_train_img_brown_48_jpg.rf.07971b3f2f3cbe081f8bdbea0e001a01.jpg,587,587,1.0,587x587
r6k_train_img_brown_48_jpg.rf.2c960267c8627e388e1427d048db6759.jpg,587,587,1.0,587x587
r6k_train_img_brown_48_jpg.rf.33d5be1b1d6642152020be353a7e1b9e.jpg,587,587,1.0,587x587
r6k_train_img_brown_48_jpg.rf.75745013e4953be15c459988f5f10505.jpg,587,587,1.0,587x587
r6k_train_img_brown_48_jpg.rf.7dc1e1cb8215164773c2cb6cf0b274c9.jpg,587,587,1.0,587x587
r6k_train_img_brown_48_jpg.rf.88adc43646a270d4f185f982d1d2ba79.jpg,587,587,1.0,587x587
r6k_train_img_brown_48_jpg.rf.93ebf1940b24f2357fe359cf47ae2ddd.jpg,587,587,1.0,587x587
r6k_train_img_brown_48_jpg.rf.bb1e1a74afcbae01fc368ba167f963ee.jpg,587,587,1.0,587x587
r6k_train_img_brown_48_jpg.rf.c23de5ae076f1365e7b0c5acef0cbcbf.jpg,587,587,1.0,587x587
r6k_train_img_brown_48_jpg.rf.c52863dc3ca3f0ee2a22a823100c5181.jpg,587,587,1.0,587x587
r6k_train_img_brown_48_jpg.rf.dd2019fb93096d7aa1d39fceeff1bd96.jpg,587,587,1.0,587x587
r6k_train_img_brown_48_jpg.rf.f7baaae66ca47e774a01050397729c99.jpg,587,587,1.0,587x587
r6k_train_img_brown_48_jpg.rf.fb63c3f5bdd025b63c96f1c2506984c5.jpg,587,587,1.0,587x587
r6k_train_img_brown_49_jpg.rf.10dc86b8d03c668561c2b14e762b87dd.jpg,587,587,1.0,587x587
r6k_train_img_brown_49_jpg.rf.135a878312bccac019042815f4fbb130.jpg,587,587,1.0,587x587
r6k_train_img_brown_49_jpg.rf.18df6fe25c403b319ef290f058d3498b.jpg,587,587,1.0,587x587
r6k_train_img_brown_49_jpg.rf.9db753e644709e3cfc7252538515743b.jpg,587,587,1.0,587x587
r6k_train_img_brown_49_jpg.rf.b16b5eb9d729f7789e515617864df83c.jpg,587,587,1.0,587x587
r6k_train_img_brown_49_jpg.rf.c09aa7d45196f28f6c0ab28b87fb6cf6.jpg,587,587,1.0,587x587
r6k_train_img_brown_49_jpg.rf.e1c474b91073fc8d0da9efdd1ea1c074.jpg,587,587,1.0,587x587
r6k_train_img_brown_49_jpg.rf.fef31d1a2c896c291505fae0067f7e27.jpg,587,587,1.0,587x587
r6k_train_img_brown_49_jpg.rf.ff9e4ff74e92b6223523c10a78d492a9.jpg,587,587,1.0,587x587
r6k_train_img_brown_4_jpg.rf.f94ca35b05ffcc141127418471d54592.jpg,587,587,1.0,587x587
r6k_train_img_brown_50_jpg.rf.1f18fd9b582b5e84199d4f4a82096762.jpg,587,587,1.0,587x587
r6k_train_img_brown_50_jpg.rf.2f6a2fe27ade698e761beecc615f9de5.jpg,587,587,1.0,587x587
r6k_train_img_brown_50_jpg.rf.3fbe818d29c437e8496b571df473adf9.jpg,587,587,1.0,587x587
r6k_train_img_brown_50_jpg.rf.445a93e622102ec8064c962e93d22c37.jpg,587,587,1.0,587x587
r6k_train_img_brown_50_jpg.rf.542eb54c0822ed33085c6987e04449fe.jpg,587,587,1.0,587x587
r6k_train_img_brown_50_jpg.rf.804b0abe2002c65093d8b9936fede5c6.jpg,587,587,1.0,587x587
r6k_train_img_brown_50_jpg.rf.853ef394fd329f43c7260c8bc26b18f9.jpg,587,587,1.0,587x587
r6k_train_img_brown_50_jpg.rf.9a29648a63c1e88096a1df0f992ac035.jpg,587,587,1.0,587x587
r6k_train_img_brown_50_jpg.rf.9a50e5071bd7781f02966a7853c746df.jpg,587,587,1.0,587x587
r6k_train_img_brown_50_jpg.rf.fdb73bb148c475d6910b52722e00bb6a.jpg,587,587,1.0,587x587
r6k_train_img_brown_54_jpeg_jpg.rf.1aefa35ce54848fce37b25bffd5d2399.jpg,587,587,1.0,587x587
r6k_train_img_brown_54_jpeg_jpg.rf.20865bf5820bf220470b0d18cdfa7fa9.jpg,587,587,1.0,587x587
r6k_train_img_brown_54_jpeg_jpg.rf.3003275a3feb2d36eb98c538c81657c4.jpg,587,587,1.0,587x587
r6k_train_img_brown_54_jpeg_jpg.rf.59995ffd94b8145cd26be23946266ce4.jpg,587,587,1.0,587x587
r6k_train_img_brown_54_jpeg_jpg.rf.6dbaa113783a0b519c8aea3c19357975.jpg,587,587,1.0,587x587
r6k_train_img_brown_54_jpeg_jpg.rf.959aa341d0f233452a31c0f4169a55b8.jpg,587,587,1.0,587x587
r6k_train_img_brown_54_jpeg_jpg.rf.a21df2eb06c84d68273a2b3f877ddea0.jpg,587,587,1.0,587x587
r6k_train_img_brown_54_jpeg_jpg.rf.a3bac26e5492d51f01270a0c92964b0c.jpg,587,587,1.0,587x587
r6k_train_img_brown_54_jpeg_jpg.rf.c888b769b51ae6b30e755117f0523a30.jpg,587,587,1.0,587x587
r6k_train_img_brown_54_jpeg_jpg.rf.e74d9967af1c7176d7e5cf4c94b75d0b.jpg,587,587,1.0,587x587
r6k_train_img_brown_54_jpeg_jpg.rf.ebd84d36b5e725dbf51e177948a8690d.jpg,587,587,1.0,587x587
r6k_train_img_brown_54_jpeg_jpg.rf.f47d2d3bb6ddf3aa74620b1ff366c425.jpg,587,587,1.0,587x587
r6k_train_img_brown_55_jpeg_jpg.rf.1309b4d7275202c2f3f7d0be83f61d2b.jpg,587,587,1.0,587x587
r6k_train_img_brown_55_jpeg_jpg.rf.180b55e37d7c48eb4b3a1ae58b3e450f.jpg,587,587,1.0,587x587
r6k_train_img_brown_55_jpeg_jpg.rf.3f6d93feea5ea6d2c6661c6c53117899.jpg,587,587,1.0,587x587
r6k_train_img_brown_55_jpeg_jpg.rf.7df6ed097f511d0b441dc6c97ac77a5b.jpg,587,587,1.0,587x587
r6k_train_img_brown_55_jpeg_jpg.rf.abdfa519af2220ff8d8bde52d47fa62c.jpg,587,587,1.0,587x587
r6k_train_img_brown_56_jpeg_jpg.rf.0ba0952a1bbf827cde6333b1855089a6.jpg,587,587,1.0,587x587
r6k_train_img_brown_56_jpeg_jpg.rf.123ac27b05722f2027262713736d1259.jpg,587,587,1.0,587x587
r6k_train_img_brown_56_jpeg_jpg.rf.19198c442047d85d2135b3bf852bc3c0.jpg,587,587,1.0,587x587
r6k_train_img_brown_56_jpeg_jpg.rf.19b8c2a5e6a70db63ece017714d21145.jpg,587,587,1.0,587x587
r6k_train_img_brown_56_jpeg_jpg.rf.643987db51a90264fc261771dd76b1b4.jpg,587,587,1.0,587x587
r6k_train_img_brown_56_jpeg_jpg.rf.7172f53bfa23654e672459ba9d7b4932.jpg,587,587,1.0,587x587
r6k_train_img_brown_56_jpeg_jpg.rf.8e98c71a4445b4544832fdd76c32d7a5.jpg,587,587,1.0,587x587
r6k_train_img_brown_56_jpeg_jpg.rf.b8884937ad7fd620fb77e1ad422e8f40.jpg,587,587,1.0,587x587
r6k_train_img_brown_56_jpeg_jpg.rf.dd4cf03ec71641c76d8f227cf7028aee.jpg,587,587,1.0,587x587
r6k_train_img_brown_56_jpeg_jpg.rf.f9a9b228cee801754f990003245bba60.jpg,587,587,1.0,587x587
r6k_train_img_brown_57_jpeg_jpg.rf.074ad3edbf1e112044bd25c0fafcb5b6.jpg,587,587,1.0,587x587
r6k_train_img_brown_57_jpeg_jpg.rf.24d08b5231b4eb9a07e3902ebed24acf.jpg,587,587,1.0,587x587
r6k_train_img_brown_57_jpeg_jpg.rf.43d292e8f1e203005c197f32c21208ed.jpg,587,587,1.0,587x587
r6k_train_img_brown_57_jpeg_jpg.rf.5804a4b189be8f27c342dd9d7b5d0613.jpg,587,587,1.0,587x587
r6k_train_img_brown_57_jpeg_jpg.rf.aea330799b81f7db207de0aaa0087079.jpg,587,587,1.0,587x587
r6k_train_img_brown_57_jpeg_jpg.rf.b2f734abe469d1ad03a4db59b76fd99f.jpg,587,587,1.0,587x587
r6k_train_img_brown_57_jpeg_jpg.rf.dc4c0e5a5b5e643ecff6389e35512b8c.jpg,587,587,1.0,587x587
r6k_train_img_brown_61_jpeg_jpg.rf.1a61a5da343607b609e9ffbad24b479c.jpg,587,587,1.0,587x587
r6k_train_img_brown_61_jpeg_jpg.rf.2295ee270a97ff51d0f45cf5781ba0f4.jpg,587,587,1.0,587x587
r6k_train_img_brown_61_jpeg_jpg.rf.6db8e512e9fde14f7b3e03a37bd00852.jpg,587,587,1.0,587x587
r6k_train_img_brown_61_jpeg_jpg.rf.c119281f1d08097affcb43ec77a3fcf0.jpg,587,587,1.0,587x587
r6k_train_img_brown_62_jpeg_jpg.rf.208615b544d7dab17c1d65aa9ce6505b.jpg,587,587,1.0,587x587
r6k_train_img_brown_62_jpeg_jpg.rf.5ef3c898c50dda4424ecdae954e4d6db.jpg,587,587,1.0,587x587
r6k_train_img_brown_62_jpeg_jpg.rf.9afabe0b2b55707127d0de410652a7df.jpg,587,587,1.0,587x587
r6k_train_img_brown_62_jpeg_jpg.rf.b22548b4171bfc9da923340658492662.jpg,587,587,1.0,587x587
r6k_train_img_brown_62_jpeg_jpg.rf.c49ffafcacdbaedf9eefa3bf1e51bb40.jpg,587,587,1.0,587x587
r6k_train_img_brown_62_jpeg_jpg.rf.db17c96dc8c27d94ee32ce3b29936694.jpg,587,587,1.0,587x587
r6k_train_img_brown_62_jpeg_jpg.rf.e6ad215b1109da9152951b0f665d9a44.jpg,587,587,1.0,587x587
r6k_train_img_brown_62_jpeg_jpg.rf.e7c53003fc8643596bb8814cae0de4d1.jpg,587,587,1.0,587x587
r6k_train_img_brown_63_jpeg_jpg.rf.38368a07ecaa417c0ca156fd535c17d7.jpg,587,587,1.0,587x587
r6k_train_img_brown_63_jpeg_jpg.rf.39ae451d86db3cf589a80ced64d93739.jpg,587,587,1.0,587x587
r6k_train_img_brown_63_jpeg_jpg.rf.441ff118669c9a0d7202d5efc93ac615.jpg,587,587,1.0,587x587
r6k_train_img_brown_63_jpeg_jpg.rf.60e916d73a0082d7775076240087833a.jpg,587,587,1.0,587x587
r6k_train_img_brown_63_jpeg_jpg.rf.6696e535132f1b3cdb03fb096fd2c72c.jpg,587,587,1.0,587x587
r6k_train_img_brown_63_jpeg_jpg.rf.6b3440e965d43c3953bebe4e6c31a8c6.jpg,587,587,1.0,587x587
r6k_train_img_brown_63_jpeg_jpg.rf.81b437376ec831ef12580aadd866b632.jpg,587,587,1.0,587x587
r6k_train_img_brown_63_jpeg_jpg.rf.a0f7d92e1b5113586c314920e104350a.jpg,587,587,1.0,587x587
r6k_train_img_brown_63_jpeg_jpg.rf.e0fc15306d9a784fd1914b23eb6ef041.jpg,587,587,1.0,587x587
r6k_train_img_brown_64_jpeg_jpg.rf.7e3a9aa9905e23aae92b0174c0ebc978.jpg,587,587,1.0,587x587
r6k_train_img_brown_64_jpeg_jpg.rf.82ee656749fa9ad9bb04e4eb08d2dad8.jpg,587,587,1.0,587x587
r6k_train_img_brown_64_jpeg_jpg.rf.833d37a532f3231ee5d246a5c7c28fb1.jpg,587,587,1.0,587x587
r6k_train_img_brown_64_jpeg_jpg.rf.848d92ef56a2f60116b62e4c4623d00a.jpg,587,587,1.0,587x587
r6k_train_img_brown_64_jpeg_jpg.rf.dec163a3f9560bb75d4cf1ca08b3f5d0.jpg,587,587,1.0,587x587
r6k_train_img_brown_64_jpeg_jpg.rf.f5ea05bc443208da859a981f24cdf3ab.jpg,587,587,1.0,587x587
r6k_train_img_brown_68_jpeg_jpg.rf.0bd265f0903e22ff09d8a3f8e2391550.jpg,587,587,1.0,587x587
r6k_train_img_brown_68_jpeg_jpg.rf.9910fd53790064a4f8f5334db6cf4401.jpg,587,587,1.0,587x587
r6k_train_img_brown_68_jpeg_jpg.rf.9eb76b36e658fada56c5b8dd496152f3.jpg,587,587,1.0,587x587
r6k_train_img_brown_68_jpeg_jpg.rf.bdb887ea521299e12ccdce45880f790d.jpg,587,587,1.0,587x587
r6k_train_img_brown_68_jpeg_jpg.rf.ce3e99c2c91fb35a17be20c68dc0f97d.jpg,587,587,1.0,587x587
r6k_train_img_brown_70_JPG_jpg.rf.668feb8fdc70b457f7feda949a53c51e.jpg,587,587,1.0,587x587
r6k_train_img_brown_71_JPG_jpg.rf.1ce3a15cc119d6a98f69c88584d394a1.jpg,587,587,1.0,587x587
r6k_train_img_brown_71_JPG_jpg.rf.3c02a49d8a0225ea8e603548ccc99691.jpg,587,587,1.0,587x587
r6k_train_img_brown_71_JPG_jpg.rf.5462ca94b4a32c643ae1f05421ab7bb0.jpg,587,587,1.0,587x587
r6k_train_img_brown_71_JPG_jpg.rf.bc4188f2afee79fc358464cbfa19ca50.jpg,587,587,1.0,587x587
r6k_train_img_brown_71_JPG_jpg.rf.c38130c83601e0ed193566f454e6d6d3.jpg,587,587,1.0,587x587
r6k_train_img_brown_71_JPG_jpg.rf.c4102693f51b97d343a05fb11baae00e.jpg,587,587,1.0,587x587
r6k_train_img_brown_71_JPG_jpg.rf.d88b223421f78f6b8e1afd3ade8d8332.jpg,587,587,1.0,587x587
r6k_train_img_brown_71_JPG_jpg.rf.e1d077010d3781effc2ff43a0a311b93.jpg,587,587,1.0,587x587
r6k_train_img_brown_71_JPG_jpg.rf.e84672433e36cc6edeababd71e8caadd.jpg,587,587,1.0,587x587
r6k_train_img_brown_71_JPG_jpg.rf.f7ddad571918ea353b105d15bae37161.jpg,587,587,1.0,587x587
r6k_train_img_brown_73_jpg.rf.2b51a90e3e1bd674f084cb0581683cb3.jpg,587,587,1.0,587x587
r6k_train_img_brown_73_jpg.rf.3b0e76d58c6986abda28c8cbfbeeca7a.jpg,587,587,1.0,587x587
r6k_train_img_brown_73_jpg.rf.49fec620b07a749cc3cfb007f6a70c48.jpg,587,587,1.0,587x587
r6k_train_img_brown_73_jpg.rf.50ba23b16d35d0c2887010ff22eba339.jpg,587,587,1.0,587x587
r6k_train_img_brown_73_jpg.rf.a2d1d55b84609d316b9f187ca040b235.jpg,587,587,1.0,587x587
r6k_train_img_brown_73_jpg.rf.c53460043f32c5001f70ff2b15476d77.jpg,587,587,1.0,587x587
r6k_train_img_brown_73_jpg.rf.cba2ad59d02797e9a961820decfcc511.jpg,587,587,1.0,587x587
r6k_train_img_brown_73_jpg.rf.d6417364f85997dfaa499bfbd8ce72d3.jpg,587,587,1.0,587x587
r6k_train_img_brown_73_jpg.rf.e6d70816d3ac7fd4f11a1e02a07a33dd.jpg,587,587,1.0,587x587
r6k_train_img_brown_73_jpg.rf.fbbf01044396fb50b34fcc5fc5145d02.jpg,587,587,1.0,587x587
r6k_train_img_brown_7_jpg.rf.3a0fa3839893d6f5b4c0b39af741961a.jpg,587,587,1.0,587x587
r6k_train_img_brown_7_jpg.rf.40e2ae05fcdeb36acb75d03ca866f172.jpg,587,587,1.0,587x587
r6k_train_img_brown_7_jpg.rf.6908326b18b025fcab3f661350c6240e.jpg,587,587,1.0,587x587
r6k_train_img_brown_7_jpg.rf.6fae2c113747dfb6652a8be8203ee01a.jpg,587,587,1.0,587x587
r6k_train_img_brown_7_jpg.rf.7019c4fb9789cde3c13453131c675a08.jpg,587,587,1.0,587x587
r6k_train_img_brown_7_jpg.rf.8e5421d17ed254d7dec6d9827dcd23e0.jpg,587,587,1.0,587x587
r6k_train_img_brown_7_jpg.rf.9c038c470fe2dd853cb75e2aaa844b75.jpg,587,587,1.0,587x587
r6k_train_img_brown_7_jpg.rf.be4bf71ff1923a32f754ab0334437bfe.jpg,587,587,1.0,587x587
r6k_train_img_brown_7_jpg.rf.c08f8760eb06f96cf8bec84d0920b2eb.jpg,587,587,1.0,587x587
r6k_train_img_brown_7_jpg.rf.c6d20edc076c266fef29d721677dda2e.jpg,587,587,1.0,587x587
r6k_train_img_brown_7_jpg.rf.f1988e76a681f67e6b7e5ca57cc58837.jpg,587,587,1.0,587x587
r6k_train_img_brown_80_jpeg_jpg.rf.335a05665c2f1c207c57cb866411d320.jpg,587,587,1.0,587x587
r6k_train_img_brown_8_jpg.rf.005595cc115055b8c4a13ef1d80ad2ac.jpg,587,587,1.0,587x587
r6k_train_img_brown_8_jpg.rf.5b032824697bc7ea8eae293dc458bd55.jpg,587,587,1.0,587x587
r6k_train_img_brown_8_jpg.rf.602ea7c06b8ed93580c78af619c735d7.jpg,587,587,1.0,587x587
r6k_train_img_brown_8_jpg.rf.6f14723de5223d385cc954c4fb3b060d.jpg,587,587,1.0,587x587
r6k_train_img_brown_8_jpg.rf.79f503b27ac8f539a290eda3561d70c6.jpg,587,587,1.0,587x587
r6k_train_img_brown_8_jpg.rf.a4c0aacb53bc20f7ff2ed82880a43a6a.jpg,587,587,1.0,587x587
r6k_train_img_brown_8_jpg.rf.e4a7f2dbbab8d4a085fdf4107a259868.jpg,587,587,1.0,587x587
r6k_train_img_brown_8_jpg.rf.ec0cea3238e643eca933dafd79d41104.jpg,587,587,1.0,587x587
r6k_train_img_brown_92_jpeg_jpg.rf.f6b224f38b5f952ac0db11ccf258688a.jpg,587,587,1.0,587x587
r6k_train_img_brown_95_jpg.rf.143658b41cf7d715b3803c00fcefbf87.jpg,587,587,1.0,587x587
r6k_train_img_brown_95_jpg.rf.ab9e4c157b83e62ea7c3b23f873697ae.jpg,587,587,1.0,587x587
r6k_train_img_brown_95_jpg.rf.e35f2970c7f51fa8e28bbbc14d08a219.jpg,587,587,1.0,587x587
r6k_train_img_brown_9_jpg.rf.34d7819c27c93c78cb5a42e5941eac89.jpg,587,587,1.0,587x587
r6k_train_img_brown_9_jpg.rf.5dc656e597941b0c0342f0d377e881f9.jpg,587,587,1.0,587x587
r6k_train_img_brown_9_jpg.rf.7d4c10a786e2992454bdd408f94e8881.jpg,587,587,1.0,587x587
r6k_train_img_brown_9_jpg.rf.b14f31b689c7c0e30290b4af39025b32.jpg,587,587,1.0,587x587
r6k_train_rice-blast-03_jpg.rf.0034ffcc99dd6158dac950b5aec0e113.jpg,587,587,1.0,587x587
r6k_train_rice-blast-03_jpg.rf.103a1f037fe136982d40011728a01c31.jpg,587,587,1.0,587x587
r6k_train_rice-blast-03_jpg.rf.19578a1a42ab33e15d98f0477f905d50.jpg,587,587,1.0,587x587
r6k_train_rice-blast-03_jpg.rf.19a85fd285513c3b73013056922a7c8f.jpg,587,587,1.0,587x587
r6k_train_rice-blast-03_jpg.rf.3535eae9a49a510c65751b6d73a2f711.jpg,587,587,1.0,587x587
r6k_train_rice-blast-03_jpg.rf.372c3772a554967cd837f6b4da8747e4.jpg,587,587,1.0,587x587
r6k_train_rice-blast-03_jpg.rf.52c56675a51c9920d3977af48c86b305.jpg,587,587,1.0,587x587
r6k_train_rice-blast-03_jpg.rf.7c69557480132fd6173094fedca111ae.jpg,587,587,1.0,587x587
r6k_train_rice-blast-03_jpg.rf.88edf40d6f1714d44dfa06326996c029.jpg,587,587,1.0,587x587
r6k_train_rice-blast-03_jpg.rf.9376cfe09ff3a49ac7bcda780c642271.jpg,587,587,1.0,587x587
r6k_train_rice-blast-03_jpg.rf.9720e32e3d9bd0f9843f2798b8262a1f.jpg,587,587,1.0,587x587
r6k_train_rice-blast-03_jpg.rf.b342d31159de348a74fd9e6fb2df5cfb.jpg,587,587,1.0,587x587
r6k_train_rice-blast-04_jpg.rf.172507a32d69d63087527f4c44f06800.jpg,587,587,1.0,587x587
r6k_train_rice-blast-04_jpg.rf.2831d942d744ebf9562c2a30253c8ba2.jpg,587,587,1.0,587x587
r6k_train_rice-blast-04_jpg.rf.2d6b488a412a8bc6d83cfdd5bbf246d5.jpg,587,587,1.0,587x587
r6k_train_rice-blast-04_jpg.rf.5ca66535d2600f75c417be09e283d8cc.jpg,587,587,1.0,587x587
r6k_train_rice-blast-04_jpg.rf.a9baaed05a25a364596cadba04511993.jpg,587,587,1.0,587x587
r6k_train_rice-blast-04_jpg.rf.bb1b6cdaf4982bc51aaa893de70ed987.jpg,587,587,1.0,587x587
r6k_train_rice-blast-04_jpg.rf.c6115b29d208d5e7c4eb5bb90c8f459b.jpg,587,587,1.0,587x587
r6k_train_rice-blast-04_jpg.rf.c8d8a5308276311a7e03ae35aeee2fb9.jpg,587,587,1.0,587x587
r6k_train_rice-blast-04_jpg.rf.ca82f44de7c656a750fcaf136a6c6572.jpg,587,587,1.0,587x587
r6k_train_rice-blast-06_jpg.rf.2844f0df7d1058f1f3f483a163274817.jpg,587,587,1.0,587x587
r6k_train_rice-blast-06_jpg.rf.367e93f354d2155081cabb987caae559.jpg,587,587,1.0,587x587
r6k_train_rice-blast-06_jpg.rf.4e4b994cba9ca1e1e6d912175dcf3a09.jpg,587,587,1.0,587x587
r6k_train_rice-blast-06_jpg.rf.66f9db73a36ca7bbe3f3b6eacb84e543.jpg,587,587,1.0,587x587
r6k_train_rice-blast-06_jpg.rf.7c8b88a0aa159965b790f70d03540377.jpg,587,587,1.0,587x587
r6k_train_rice-blast-06_jpg.rf.a3b1f798adec716fa609905311e1068e.jpg,587,587,1.0,587x587
r6k_train_rice-blast-06_jpg.rf.a52ebc2679b11baa17bf19772af91cb2.jpg,587,587,1.0,587x587
r6k_train_rice-blast-06_jpg.rf.a9e562f6dcd3b29b25f45243f57b8e92.jpg,587,587,1.0,587x587
r6k_train_rice-blast-06_jpg.rf.e5a432914657c5daeafaa2626e2da54e.jpg,587,587,1.0,587x587
r6k_train_rice-blast-06_jpg.rf.f86b02e2ca6bbc23b74c86a6bb922dbc.jpg,587,587,1.0,587x587
r6k_train_rice-blast-11_jpg.rf.34f94fb32d95584caa39cfa09086593d.jpg,587,587,1.0,587x587
r6k_train_rice-blast-11_jpg.rf.93ea3efd262b96a7d5b9e68bbaab682f.jpg,587,587,1.0,587x587
r6k_train_rice-blast-11_jpg.rf.aeacaab1c1353b8efa8232e824239fc4.jpg,587,587,1.0,587x587
r6k_train_rice-blast-11_jpg.rf.c30b0ddaf9c11d776146b12954a20215.jpg,587,587,1.0,587x587
r6k_train_rice-blast-11_jpg.rf.c63903739f1e0dde4f075e88cdcec909.jpg,587,587,1.0,587x587
r6k_train_rice-blast-11_jpg.rf.e0cc4cd9c3ee77f36cc461ff7b2e48b5.jpg,587,587,1.0,587x587
r6k_train_rice-blast-12_jpeg_jpg.rf.37920cce2b3059e2a8f1c2e19c05a8a7.jpg,587,587,1.0,587x587
r6k_train_rice-blast-12_jpeg_jpg.rf.55d2f2a16763d122fa762aa7b4813678.jpg,587,587,1.0,587x587
r6k_train_rice-blast-12_jpeg_jpg.rf.a260988d4e2a1bfbe429e317a810cbe2.jpg,587,587,1.0,587x587
r6k_train_rice-blast-12_jpeg_jpg.rf.cb18bbe7980ce5db48834f2d4dc486d8.jpg,587,587,1.0,587x587
r6k_train_rice-blast-12_jpeg_jpg.rf.cc269df0919317cb2134b6ee823e6ba9.jpg,587,587,1.0,587x587
r6k_train_rice-blast-12_jpeg_jpg.rf.e2576f97d8ca0d2df7f014ccee000164.jpg,587,587,1.0,587x587
r6k_train_rice-blast-13_jpeg_jpg.rf.16fcfda1b607a7fb840f6034c560b9af.jpg,587,587,1.0,587x587
r6k_train_rice-blast-13_jpeg_jpg.rf.40b6403cb20d7ef2c42edba561b77608.jpg,587,587,1.0,587x587
r6k_train_rice-blast-13_jpeg_jpg.rf.47d31a78a24154324a5c9ed375bb478f.jpg,587,587,1.0,587x587
r6k_train_rice-blast-13_jpeg_jpg.rf.4b1f578ccdf6a82e7c26220c1eadabed.jpg,587,587,1.0,587x587
r6k_train_rice-blast-13_jpeg_jpg.rf.a19fbba47e8d0aba3aeaa9ceaae3d020.jpg,587,587,1.0,587x587
r6k_train_rice-blast-13_jpeg_jpg.rf.c9b681d48fff0a73908520fc81b96e04.jpg,587,587,1.0,587x587
r6k_train_rice-blast-13_jpeg_jpg.rf.d5d32f02ca0efcf07dae46119d90a7e0.jpg,587,587,1.0,587x587
r6k_train_rice-blast-13_jpeg_jpg.rf.ea9f5c5686a628414241bdf0f5c69e95.jpg,587,587,1.0,587x587
r6k_train_rice-blast-13_jpeg_jpg.rf.ee2c641d2b46ca1ab58792ae24dc8b02.jpg,587,587,1.0,587x587
r6k_train_rice-blast-14_jpeg_jpg.rf.07e419a1b2bcfa15b73f6cac9e679948.jpg,587,587,1.0,587x587
r6k_train_rice-blast-14_jpeg_jpg.rf.19ef01bc960e2d3aa2c6b0355249aa21.jpg,587,587,1.0,587x587
r6k_train_rice-blast-14_jpeg_jpg.rf.33b2c9ead94243bb373fde738a164f51.jpg,587,587,1.0,587x587
r6k_train_rice-blast-14_jpeg_jpg.rf.52057d42d7365fc455fa8e55a0fb2966.jpg,587,587,1.0,587x587
r6k_train_rice-blast-14_jpeg_jpg.rf.53ef599d8842de74e8804011d1e30533.jpg,587,587,1.0,587x587
r6k_train_rice-blast-14_jpeg_jpg.rf.7fe54fd0674b4949e13ad42690576bdd.jpg,587,587,1.0,587x587
r6k_train_rice-blast-14_jpeg_jpg.rf.ced3f8ea68cfbaf8f3fb75449f0724d1.jpg,587,587,1.0,587x587
r6k_train_rice-blast-14_jpeg_jpg.rf.dec722a1b05491032a91b5a225eec5c0.jpg,587,587,1.0,587x587
r6k_train_rice-blast-14_jpeg_jpg.rf.ec3216efed4e9d32a101010f12a55ab1.jpg,587,587,1.0,587x587
r6k_train_rice-blast-14_jpeg_jpg.rf.fe56e522e39fe6856f9719e5265e1de4.jpg,587,587,1.0,587x587
r6k_train_rice-blast-15_jpeg_jpg.rf.aab0040be96f43977695e2afca15ed57.jpg,587,587,1.0,587x587
r6k_train_rice-blast-15_jpeg_jpg.rf.d37685c2c552917e01d309f4dfdd2dac.jpg,587,587,1.0,587x587
r6k_val_Blast_1044_jpg.rf.364eeac73c678162975278fe3d6a0859.jpg,587,587,1.0,587x587
r6k_val_Blast_1064_jpg.rf.ceb10c64b43b186be55e70400fc3aa24.jpg,587,587,1.0,587x587
r6k_val_Blast_1067_jpg.rf.b7c19bf3d83f82f1b3b769aca073aa3d.jpg,587,587,1.0,587x587
r6k_val_Blast_1076_jpg.rf.86895c55fca92b6d758fc38897701808.jpg,587,587,1.0,587x587
r6k_val_Blast_1083_jpg.rf.391fd58e16ec035b2b8bb77dbcb9b038.jpg,587,587,1.0,587x587
r6k_val_Blast_1083_jpg.rf.46597e133fb2939389f98c672ca5a2b8.jpg,587,587,1.0,587x587
r6k_val_Blast_1092_jpg.rf.49f92d13e0f510701c1fb98b6b732f90.jpg,587,587,1.0,587x587
r6k_val_Blast_1104_jpg.rf.c95cb32eb83dea5d44a582491e5b3617.jpg,587,587,1.0,587x587
r6k_val_Blast_1112_jpg.rf.ddaab4891754e790bd935f0c79f79a26.jpg,587,587,1.0,587x587
r6k_val_Blast_1115_jpg.rf.6ae489d9ad71433475fad73576df81e2.jpg,587,587,1.0,587x587
r6k_val_Blast_1119_jpg.rf.9c1697d8d810699fa7d8408cf1a1b532.jpg,587,587,1.0,587x587
r6k_val_Blast_1131_jpg.rf.83a50d8eccd4add696eba91d7d298dcf.jpg,587,587,1.0,587x587
r6k_val_Blast_1133_jpg.rf.f7245c2e67c6c1a1de21f9e33a0d1bcb.jpg,587,587,1.0,587x587
r6k_val_Blast_1136_jpg.rf.8c2cd91e18014fb29aebdc6be7eddf10.jpg,587,587,1.0,587x587
r6k_val_Blast_1141_jpg.rf.c8ef0a8945fdba80374e24857f9486e0.jpg,587,587,1.0,587x587
r6k_val_Blast_1143_jpg.rf.51a96ae0a80f22b1932c555b7455bea0.jpg,587,587,1.0,587x587
r6k_val_Blast_1148_jpg.rf.ccda29de22f11dea5e0bf3946a41fae5.jpg,587,587,1.0,587x587
r6k_val_Blast_1149_jpg.rf.ccc978438223bb20022070eb93501385.jpg,587,587,1.0,587x587
r6k_val_Blast_1155_jpg.rf.8a0e44743e843aa8cc535ebc2a80336a.jpg,587,587,1.0,587x587
r6k_val_Blast_1187_jpg.rf.ac013b5f28289a44322a611220b318b5.jpg,587,587,1.0,587x587
r6k_val_Blast_1198_jpg.rf.8b562a535929f46aa8e4c18e38a061dd.jpg,587,587,1.0,587x587
r6k_val_Blast_1200_jpg.rf.4f678eae37bb7f29bdc629ee2489975e.jpg,587,587,1.0,587x587
r6k_val_Blast_1251_jpg.rf.4ee8612fa2a8e8041f950fe0bee14568.jpg,587,587,1.0,587x587
r6k_val_Blast_130-2-_jpg.rf.5673744530ddf95353596c6532e52375.jpg,587,587,1.0,587x587
r6k_val_Blast_15-2-_jpg.rf.fba657dddbec35f33168ca9382ea4f32.jpg,587,587,1.0,587x587
r6k_val_Blast_1595_jpg.rf.fc8d5066426dc3b457580a382cff94e1.jpg,587,587,1.0,587x587
r6k_val_Blast_195-2-_jpg.rf.8ae00b09f9e66cb39bd2e66e4f50de46.jpg,587,587,1.0,587x587
r6k_val_Blast_195-2-_jpg.rf.eb9d5d56a7d15c0f85d4d3c0a24648a3.jpg,587,587,1.0,587x587
r6k_val_Blast_223_jpg.rf.ca0a2a2821971474e02a691ad9c31b64.jpg,587,587,1.0,587x587
r6k_val_blast_orig_009_jpg.rf.f034ad2c273c156fcb0a168f91b81511.jpg,587,587,1.0,587x587
r6k_val_blast_orig_011_jpg.rf.24d802fcda5b34c39223b8a4dbb62eda.jpg,587,587,1.0,587x587
r6k_val_blast_orig_011_jpg.rf.bc30db12b9326f6084537b3e47a87b5f.jpg,587,587,1.0,587x587
r6k_val_blast_orig_012_png_jpg.rf.507aff62e590d53c3e80cb50472cc1fb.jpg,587,587,1.0,587x587
r6k_val_blast_orig_014_png_jpg.rf.650c3768a8758e3e029fc3255e7d50cd.jpg,587,587,1.0,587x587
r6k_val_blast_orig_020_png_jpg.rf.d6382f1703f72ed95cfa8e2fec67ce69.jpg,587,587,1.0,587x587
r6k_val_blast_orig_021_jpg.rf.3dbc4d592e6a5b30e4927a5782e4d778.jpg,587,587,1.0,587x587
r6k_val_blast_orig_021_jpg.rf.5f804a21905b63e41d86b28766ad7ba7.jpg,587,587,1.0,587x587
r6k_val_blast_orig_022_png_jpg.rf.39f2449e0ead41fadeadfb912b9aff8e.jpg,587,587,1.0,587x587
r6k_val_blast_orig_022_png_jpg.rf.c2d52a6a058d7b65d7387cc11d30c071.jpg,587,587,1.0,587x587
r6k_val_blast_orig_024_png_jpg.rf.2aadbfd2bd7ec64ca9b0a72ced4cb846.jpg,587,587,1.0,587x587
r6k_val_blast_orig_027_jpg.rf.b6870254152b7916a0c871085dce035a.jpg,587,587,1.0,587x587
r6k_val_blast_orig_028_png_jpg.rf.51e4995c8a6e785a1a7ca06d4d9e14d6.jpg,587,587,1.0,587x587
r6k_val_blast_orig_032_png_jpg.rf.c888a66c72097b65883689ee7c3091e7.jpg,587,587,1.0,587x587
r6k_val_blast_orig_032_png_jpg.rf.e1d18439a3174a60273575c59a31c7e5.jpg,587,587,1.0,587x587
r6k_val_blast_orig_033_JPG_jpg.rf.a0f4dfb53050791642ce2e7c0e3b58c6.jpg,587,587,1.0,587x587
r6k_val_blast_orig_036_png_jpg.rf.2a889a8da45a77e6fd259d148d298769.jpg,587,587,1.0,587x587
r6k_val_blast_orig_036_png_jpg.rf.7ca7bbeac7fc51a733bef5e00854d04d.jpg,587,587,1.0,587x587
r6k_val_blast_orig_039_JPG_jpg.rf.fd7cb6ae93a20b3aff8ba187201de9d1.jpg,587,587,1.0,587x587
r6k_val_blast_orig_041_JPG_jpg.rf.4c1467bcaf9dffd4ab613584551635e1.jpg,587,587,1.0,587x587
r6k_val_blast_orig_041_JPG_jpg.rf.8a2626f017e79ae643fb1550385195bc.jpg,587,587,1.0,587x587
r6k_val_blast_orig_042_png_jpg.rf.6a78b76d75b6ea6a14223b6e51a4b027.jpg,587,587,1.0,587x587
r6k_val_blast_orig_046_png_jpg.rf.816b3f8f95146e6097128fdca95a1884.jpg,587,587,1.0,587x587
r6k_val_blast_orig_048_JPG_jpg.rf.e05d2b71c8b9af955be6fcbb857bd389.jpg,587,587,1.0,587x587
r6k_val_blast_orig_052_jpg.rf.4e81188de3989910497c1de0a872d1d5.jpg,587,587,1.0,587x587
r6k_val_blast_orig_053_JPG_jpg.rf.bac6a575ace3404c9dfb71c4e12d5d42.jpg,587,587,1.0,587x587
r6k_val_blast_orig_061_JPG_jpg.rf.899e9c5dba67fbc0e2d87f9a384468fd.jpg,587,587,1.0,587x587
r6k_val_blast_orig_062_jpg.rf.0aeaffe6f1516ffbe30e75ae9ff39a92.jpg,587,587,1.0,587x587
r6k_val_blast_orig_064_JPG_jpg.rf.b65bc05bc6e8cdfbe4ad5755ff6bd658.jpg,587,587,1.0,587x587
r6k_val_blast_orig_064_JPG_jpg.rf.eb02b13c3ca08562a6602a53dfac67ba.jpg,587,587,1.0,587x587
r6k_val_blast_orig_067_JPG_jpg.rf.89c27b03126d4688bb1c9af055bdc42a.jpg,587,587,1.0,587x587
r6k_val_blast_orig_067_JPG_jpg.rf.a3cb2b9852d1e3e0af16b3c01427b3d3.jpg,587,587,1.0,587x587
r6k_val_blast_orig_070_JPG_jpg.rf.6a793777d5260bf007cff282780573a7.jpg,587,587,1.0,587x587
r6k_val_blast_orig_070_JPG_jpg.rf.8f226a689b41677e34726e981df3a70a.jpg,587,587,1.0,587x587
r6k_val_blast_orig_076_jpg.rf.f7a92727b430c3e061ef8255fa8b86fc.jpg,587,587,1.0,587x587
r6k_val_blast_orig_077_jpg.rf.5d51f333f20782b0be22f90d6aa13665.jpg,587,587,1.0,587x587
r6k_val_blast_orig_077_jpg.rf.7b48f28a3b0c8c2c0e3e59a1ffe321cc.jpg,587,587,1.0,587x587
r6k_val_blast_orig_079_jpg.rf.7863a8cb3c3778ab0bbf9797bf81e8c0.jpg,587,587,1.0,587x587
r6k_val_blast_rotated_001_jpg.rf.3d501883657f3eeae72a0b2d126ea39d.jpg,587,587,1.0,587x587
r6k_val_blast_rotated_002_png_jpg.rf.64265558a6634fad7b59d2ef19cf79f5.jpg,587,587,1.0,587x587
r6k_val_blast_rotated_003_jpg.rf.2cffd0dc3befd86e1288481bab2a0b1d.jpg,587,587,1.0,587x587
r6k_val_blast_rotated_009_jpg.rf.4da12b5460d447020d43e5060c32d4e1.jpg,587,587,1.0,587x587
r6k_val_blast_rotated_011_jpg.rf.c3b451ef63bf0c7dad59b0c7d776d66e.jpg,587,587,1.0,587x587
r6k_val_blast_rotated_011_jpg.rf.e9898b950f2afc07b483a403ff8f20a4.jpg,587,587,1.0,587x587
r6k_val_blast_rotated_012_png_jpg.rf.0e713a511b4020ceeee601ad360c5b73.jpg,587,587,1.0,587x587
r6k_val_blast_rotated_013_jpg.rf.46a5aef0de4e05d66844ec19e670febf.jpg,587,587,1.0,587x587
r6k_val_blast_rotated_017_jpg.rf.367fc00c93a548368566d1fdd7d9772a.jpg,587,587,1.0,587x587
r6k_val_blast_rotated_017_jpg.rf.d4fbb33eac91fe9d21770b0af258ee22.jpg,587,587,1.0,587x587
r6k_val_blast_rotated_023_jpg.rf.30862eb7553534609e980a647a838141.jpg,587,587,1.0,587x587
r6k_val_blast_rotated_023_jpg.rf.d9cdc7aa23de3d216878f68c24b8facc.jpg,587,587,1.0,587x587
r6k_val_blast_rotated_025_jpg.rf.5bce986b0d079228952cb096cf0f0f21.jpg,587,587,1.0,587x587
r6k_val_blast_rotated_026_png_jpg.rf.a0ee0bb947e705e13dc3778becc45c0f.jpg,587,587,1.0,587x587
r6k_val_blast_rotated_026_png_jpg.rf.c524adfe3730180e7518c72a707ac62e.jpg,587,587,1.0,587x587
r6k_val_blast_rotated_028_png_jpg.rf.3b5b9a0d683ca3d7c0afc34625a3713e.jpg,587,587,1.0,587x587
r6k_val_blast_rotated_031_JPG_jpg.rf.44a5c2a23944958b68e3e95713efa998.jpg,587,587,1.0,587x587
r6k_val_blast_rotated_031_JPG_jpg.rf.a446b36d5d0f534d61c1103b726029aa.jpg,587,587,1.0,587x587
r6k_val_blast_rotated_033_JPG_jpg.rf.04405a1442e4d94394df065f2779af18.jpg,587,587,1.0,587x587
r6k_val_blast_rotated_033_JPG_jpg.rf.3e048e85232b1f7c13c1053e0d744991.jpg,587,587,1.0,587x587
r6k_val_blast_rotated_039_JPG_jpg.rf.cbdb1727e8d882557832ab4ac0197e3c.jpg,587,587,1.0,587x587
r6k_val_blast_rotated_041_JPG_jpg.rf.6e512a83eceb252d1aa8d8bc14f5386e.jpg,587,587,1.0,587x587
r6k_val_blast_rotated_044_png_jpg.rf.0a5208069a4f9e9dfca2113649a160a1.jpg,587,587,1.0,587x587
r6k_val_blast_rotated_044_png_jpg.rf.6fcabe02189e36c02fb29fc9e232ddc1.jpg,587,587,1.0,587x587
r6k_val_blast_rotated_045_jpg.rf.8819d6013fb0fe384a6c8caa35f94520.jpg,587,587,1.0,587x587
r6k_val_blast_rotated_045_jpg.rf.e75f02074e8733cebf156c04085b0a67.jpg,587,587,1.0,587x587
r6k_val_blast_rotated_047_JPG_jpg.rf.2627464b506a494ce45888c3775e1ef9.jpg,587,587,1.0,587x587
r6k_val_blast_rotated_047_JPG_jpg.rf.e7327ed9d3ad8ccd7e6809c3d0330231.jpg,587,587,1.0,587x587
r6k_val_blast_rotated_053_JPG_jpg.rf.0b34e4e5690244361956fa8ad198700b.jpg,587,587,1.0,587x587
r6k_val_blast_rotated_056_JPG_jpg.rf.7aa2487418019395aaae9a151e3ef6ad.jpg,587,587,1.0,587x587
r6k_val_blast_rotated_057_JPG_jpg.rf.80bd6c3fa1c747a47e6f0b6898aa6bab.jpg,587,587,1.0,587x587
r6k_val_blast_rotated_058_JPG_jpg.rf.2184cab139316ca94a6d8492f27f1992.jpg,587,587,1.0,587x587
r6k_val_blast_rotated_061_jpg.rf.c3fa753d7fa3f7994d7d7e1c27c68ff9.jpg,587,587,1.0,587x587
r6k_val_blast_rotated_065_JPG_jpg.rf.60bd549042bd6cca852ca247be733ad0.jpg,587,587,1.0,587x587
r6k_val_blast_rotated_065_JPG_jpg.rf.8f2baaa4ad9aa976b56668f45ea78740.jpg,587,587,1.0,587x587
r6k_val_blast_rotated_066_JPG_jpg.rf.274ff6c4dec9f018797d1e74efcf50c0.jpg,587,587,1.0,587x587
r6k_val_blast_rotated_066_JPG_jpg.rf.9e7ce687206020c712e53a23f0b96b35.jpg,587,587,1.0,587x587
r6k_val_blast_rotated_067_JPG_jpg.rf.23c401791d25afc5b3d1e89bd5690334.jpg,587,587,1.0,587x587
r6k_val_blast_rotated_067_JPG_jpg.rf.64829fd3df453ca52aa7ee8d19380447.jpg,587,587,1.0,587x587
r6k_val_blast_rotated_067_JPG_jpg.rf.7dfcd9bc8358e1e1cedecb74a047f953.jpg,587,587,1.0,587x587
r6k_val_blast_rotated_069_JPG_jpg.rf.015124254886dff69f7fd628ba138032.jpg,587,587,1.0,587x587
r6k_val_blast_rotated_069_JPG_jpg.rf.24d9e4ee832dfec16bb83afd1694f648.jpg,587,587,1.0,587x587
r6k_val_blast_rotated_071_jpg.rf.8768295e67c04d4fa2fe56f0411156fc.jpg,587,587,1.0,587x587
r6k_val_blast_rotated_072_jpg.rf.3976eef4f377a810851e19e4e5baa383.jpg,587,587,1.0,587x587
r6k_val_blast_rotated_073_jpg.rf.2f1f09ab4669a244af482fb1373344d5.jpg,587,587,1.0,587x587
r6k_val_blast_rotated_075_jpg.rf.11026ca2933de75540dff839404b342d.jpg,587,587,1.0,587x587
r6k_val_blast_rotated_079_jpg.rf.af5ec22b2d20bca0676a28dbc2163edd.jpg,587,587,1.0,587x587
r6k_val_blast_rotated_079_jpg.rf.fab27c7dc797ec7f02b830375d9758e9.jpg,587,587,1.0,587x587
r6k_val_blast_rotated_080_jpg.rf.5ddefa04743ce77344a8031ba6e341a4.jpg,587,587,1.0,587x587
r6k_val_blast_rotated_080_jpg.rf.99bcc95acf1f01f8b80178f24e895a6b.jpg,587,587,1.0,587x587
r6k_val_blight_orig_003_jpg.rf.46a0c8dda930e9ed5d4693227f510946.jpg,587,587,1.0,587x587
r6k_val_blight_orig_005_jpg.rf.651d7523f7303c8a4c9ef4fa82d7e87b.jpg,587,587,1.0,587x587
r6k_val_blight_orig_007_JPG_jpg.rf.5677145238be600709ee038763edca33.jpg,587,587,1.0,587x587
r6k_val_blight_orig_008_PNG_jpg.rf.baa8d94ad78c9203ba4daa09eb6133ff.jpg,587,587,1.0,587x587
r6k_val_blight_orig_020_PNG_jpg.rf.4fedae4f162d161f531f05a4667894d2.jpg,587,587,1.0,587x587
r6k_val_blight_orig_021_jpg.rf.c0e0671e5db14d76862668e77696e294.jpg,587,587,1.0,587x587
r6k_val_blight_orig_023_jpg.rf.1f57bb9ddb9b30b32b8538b0b4988a26.jpg,587,587,1.0,587x587
r6k_val_blight_orig_030_jpg.rf.b04a6f375dbfc6b4a08471abddc0f995.jpg,587,587,1.0,587x587
r6k_val_blight_orig_033_jpg.rf.499574d822d3d0da9f5031c96b2b631e.jpg,587,587,1.0,587x587
r6k_val_blight_orig_041_jpg.rf.00f08a0a1ccf289b6a9feedf8c24c3ac.jpg,587,587,1.0,587x587
r6k_val_blight_orig_041_jpg.rf.f1213141f381ecbd9abd0895b9cbe62d.jpg,587,587,1.0,587x587
r6k_val_blight_orig_043_jpg.rf.d3b49e78fd2b4dc2ec6a2ea9671c850e.jpg,587,587,1.0,587x587
r6k_val_blight_orig_044_jpg.rf.c9a3fa3822038f6473e4500aa1295c7d.jpg,587,587,1.0,587x587
r6k_val_blight_orig_045_jpg.rf.60cc33d2a9fab495e2fba2b70f9836d5.jpg,587,587,1.0,587x587
r6k_val_blight_orig_045_jpg.rf.615c666a4a39d6a38821c954e18df765.jpg,587,587,1.0,587x587
r6k_val_blight_orig_045_jpg.rf.db627ce7abdd938534e78ba6af5bcfba.jpg,587,587,1.0,587x587
r6k_val_blight_orig_045_jpg.rf.fa00602ed971a6a2f1e59c19dbc1ab8c.jpg,587,587,1.0,587x587
r6k_val_blight_orig_046_jpg.rf.2d230f6eedbdcb9220b3be18889b7d7f.jpg,587,587,1.0,587x587
r6k_val_blight_orig_047_jpg.rf.115d794a04da671671dcd50925251b77.jpg,587,587,1.0,587x587
r6k_val_blight_orig_048_jpg.rf.07e3a5dfcb4153d4ea9af1b0cdf3051a.jpg,587,587,1.0,587x587
r6k_val_blight_orig_049_jpg.rf.4baa33f1c864fdf2b255168ec66e86fc.jpg,587,587,1.0,587x587
r6k_val_blight_orig_049_jpg.rf.9ed36bf265b9b57307f9d6d1258ca0a9.jpg,587,587,1.0,587x587
r6k_val_blight_orig_049_jpg.rf.b1046398460c6c01a57bf2b3505360f3.jpg,587,587,1.0,587x587
r6k_val_blight_orig_050_jpg.rf.e559da22e8e0ddbbf15bead54ee6f72d.jpg,587,587,1.0,587x587
r6k_val_blight_orig_057_jpg.rf.26d603cfa3deaa06fef1c650ed8dfa8c.jpg,587,587,1.0,587x587
r6k_val_blight_orig_057_jpg.rf.3074c8c6b461f0a91d7146b616545748.jpg,587,587,1.0,587x587
r6k_val_blight_orig_057_jpg.rf.67c2232ec8e969a92215fd7270c5f5ab.jpg,587,587,1.0,587x587
r6k_val_blight_orig_061_JPG_jpg.rf.992a343ebae0f5f863e13380aa051146.jpg,587,587,1.0,587x587
r6k_val_blight_orig_062_JPG_jpg.rf.936cceb3543f8298580d00a08c8dd589.jpg,587,587,1.0,587x587
r6k_val_blight_orig_062_JPG_jpg.rf.ae999afa2b848e6151826dc982a48061.jpg,587,587,1.0,587x587
r6k_val_blight_orig_064_JPG_jpg.rf.4416a26584bb0262116db9efefdaf2c7.jpg,587,587,1.0,587x587
r6k_val_blight_orig_064_JPG_jpg.rf.77a35d204549ae07b3cdb4a26ab52d9d.jpg,587,587,1.0,587x587
r6k_val_blight_orig_069_JPG_jpg.rf.a993d3abeb3ba94859422b10cc5ad956.jpg,587,587,1.0,587x587
r6k_val_blight_orig_070_JPG_jpg.rf.7bf94d830692144a1d134110c916e2e5.jpg,587,587,1.0,587x587
r6k_val_blight_orig_071_JPG_jpg.rf.46f588b169fc7444f704860ca7069ae4.jpg,587,587,1.0,587x587
r6k_val_blight_orig_071_JPG_jpg.rf.f5b45d34ba4a4718afe152101dc3d067.jpg,587,587,1.0,587x587
r6k_val_blight_orig_072_JPG_jpg.rf.96fccbdeb5c2075f67217495fd165a83.jpg,587,587,1.0,587x587
r6k_val_blight_orig_073_JPG_jpg.rf.78cc03ba74a2470b3d6d05cd35be5996.jpg,587,587,1.0,587x587
r6k_val_blight_orig_073_JPG_jpg.rf.b10ed6a185cf701d4a905162a6582a6f.jpg,587,587,1.0,587x587
r6k_val_blight_orig_093_jpg.rf.8c24150290e88584c252c258e98286b7.jpg,587,587,1.0,587x587
r6k_val_blight_rotated_004_PNG_jpg.rf.693d6f98baa367f540efcbf2081eb371.jpg,587,587,1.0,587x587
r6k_val_blight_rotated_004_PNG_jpg.rf.a0d9a5148a35e7d4fcb1573d14f0d10e.jpg,587,587,1.0,587x587
r6k_val_blight_rotated_004_PNG_jpg.rf.f1b6215542e6b0f666d6b690660ebe5c.jpg,587,587,1.0,587x587
r6k_val_blight_rotated_006_PNG_jpg.rf.be0c930f8a9de9185987076195260bf8.jpg,587,587,1.0,587x587
r6k_val_blight_rotated_007_jpg.rf.7c6f33bf7df6fe6e2923673e1d0b611b.jpg,587,587,1.0,587x587
r6k_val_blight_rotated_008_PNG_jpg.rf.a6d4e3d64f468fc1a226ddc7ac876c4d.jpg,587,587,1.0,587x587
r6k_val_blight_rotated_020_PNG_jpg.rf.8fa08bd248a766d853f716768d2cdc04.jpg,587,587,1.0,587x587
r6k_val_blight_rotated_023_jpg.rf.a25d440484681bc75eab6d161b649f19.jpg,587,587,1.0,587x587
r6k_val_blight_rotated_024_PNG_jpg.rf.efc170a8928fc52ceb271e8cc4ec3fa6.jpg,587,587,1.0,587x587
r6k_val_blight_rotated_025_jpg.rf.1642fbbb40ed66618e46b90de3c4f423.jpg,587,587,1.0,587x587
r6k_val_blight_rotated_029_jpg.rf.f69e9342ddec37d2930f60e5e34f3717.jpg,587,587,1.0,587x587
r6k_val_blight_rotated_029_jpg.rf.fbc27a48d673473be086b6b2f902c1cf.jpg,587,587,1.0,587x587
r6k_val_blight_rotated_032_jpg.rf.cee0d7a9dc246a41b7d4809d4289f878.jpg,587,587,1.0,587x587
r6k_val_blight_rotated_035_JPG_jpg.rf.568da2e563aef4b379ac008f9d49214b.jpg,587,587,1.0,587x587
r6k_val_blight_rotated_035_JPG_jpg.rf.8366e0e269a9c73047b13c4bf325eae6.jpg,587,587,1.0,587x587
r6k_val_blight_rotated_037_JPG_jpg.rf.66d9aa07301e37dfb8b2208dae38607e.jpg,587,587,1.0,587x587
r6k_val_blight_rotated_037_JPG_jpg.rf.88c25c52c68a360dde388826cc3ddc59.jpg,587,587,1.0,587x587
r6k_val_blight_rotated_044_jpg.rf.957a437538a27aab16bbb90d73a92837.jpg,587,587,1.0,587x587
r6k_val_blight_rotated_046_jpg.rf.d4e5a3bb9ac45c33616b9208985c58d8.jpg,587,587,1.0,587x587
r6k_val_blight_rotated_053_jpg.rf.b23229f3c11bbc4d46a10a1d4be6775d.jpg,587,587,1.0,587x587
r6k_val_blight_rotated_057_jpg.rf.821f7e5e8fa6ce9375f43fd83e134ed6.jpg,587,587,1.0,587x587
r6k_val_blight_rotated_059_jpg.rf.87d700819785d17263344dd4c2219770.jpg,587,587,1.0,587x587
r6k_val_blight_rotated_060_JPG_jpg.rf.fb860095d0f05ed5ad1eccabe91802c6.jpg,587,587,1.0,587x587
r6k_val_blight_rotated_074_JPG_jpg.rf.7b3b051af1c0c9b3250482a6e5d6f548.jpg,587,587,1.0,587x587
r6k_val_blight_rotated_077_jpg.rf.141e738950f7e30a45fd9d7de9c21184.jpg,587,587,1.0,587x587
r6k_val_blight_rotated_080_jpg.rf.091fcb0e4ecc0465e86cab24b275c09a.jpg,587,587,1.0,587x587
r6k_val_blight_rotated_092_jpg.rf.d0db0d6b2429e8e4e72b290e6f87c2ee.jpg,587,587,1.0,587x587
r6k_val_blight_rotated_093_jpg.rf.724e5834de5c0d3814a932ea876d490c.jpg,587,587,1.0,587x587
r6k_val_brownspot_orig_003_jpg.rf.3499f0c3c28e7add1063ec7d15566765.jpg,587,587,1.0,587x587
r6k_val_brownspot_orig_004_png_jpg.rf.5d204657bb2eba91c0047cf1ab051347.jpg,587,587,1.0,587x587
r6k_val_brownspot_orig_004_png_jpg.rf.b1bc349ed0ff09e025ca8fd4d2006849.jpg,587,587,1.0,587x587
r6k_val_brownspot_orig_008_png_jpg.rf.029ff7ff9af97225d360e6ffebabcda6.jpg,587,587,1.0,587x587
r6k_val_brownspot_orig_008_png_jpg.rf.46fdc665154af0b7e36f7bf0144dd283.jpg,587,587,1.0,587x587
r6k_val_brownspot_orig_010_jpg.rf.eaac92a7996cb8e28e017f1949639c07.jpg,587,587,1.0,587x587
r6k_val_brownspot_orig_011_jpg.rf.d6ce81b18a78db3ba26fb1b5dce2f9d7.jpg,587,587,1.0,587x587
r6k_val_brownspot_orig_011_jpg.rf.e5444692bbbc1c30d68af74bcbeb2603.jpg,587,587,1.0,587x587
r6k_val_brownspot_orig_011_jpg.rf.e6c87b0454445f27b21092061737eebc.jpg,587,587,1.0,587x587
r6k_val_brownspot_orig_012_jpg.rf.b8ea3694a7fa3e59ea438776c97fea90.jpg,587,587,1.0,587x587
r6k_val_brownspot_orig_017_jpg.rf.bfdbb169413b4edb21c74e66f8e5880e.jpg,587,587,1.0,587x587
r6k_val_brownspot_orig_019_jpg.rf.a5f6a46714fde3c3575789935b938295.jpg,587,587,1.0,587x587
r6k_val_brownspot_orig_022_jpg.rf.b81277ecb0e562da53a4fc0c7c994b8f.jpg,587,587,1.0,587x587
r6k_val_brownspot_orig_022_jpg.rf.f3f8ccffba4abf3f6c304e11068b1ec6.jpg,587,587,1.0,587x587
r6k_val_brownspot_orig_023_jpg.rf.627dbf0a8893021e88a321d4e56cec58.jpg,587,587,1.0,587x587
r6k_val_brownspot_orig_024_jpg.rf.8a2fbb758dba40025d9c40fc40c02fc2.jpg,587,587,1.0,587x587
r6k_val_brownspot_orig_025_jpg.rf.3d0c1373ebad1fed63acb13ea8843dcf.jpg,587,587,1.0,587x587
r6k_val_brownspot_orig_025_jpg.rf.dddd6ab11170b986acbba9a2d38b46ef.jpg,587,587,1.0,587x587
r6k_val_brownspot_orig_031_jpg.rf.8eff1aad19f053e079bd9a1dd49ac664.jpg,587,587,1.0,587x587
r6k_val_brownspot_orig_032_jpg.rf.65cbdfa3a04d5f41fcd85048563560ca.jpg,587,587,1.0,587x587
r6k_val_brownspot_orig_032_jpg.rf.c50dba9fd4956f45e54366c682e4c96e.jpg,587,587,1.0,587x587
r6k_val_brownspot_orig_033_jpg.rf.437397114f1de108102dcdac4e761c63.jpg,587,587,1.0,587x587
r6k_val_brownspot_orig_035_jpg.rf.96bf15ab8bb808784245a27c0905b235.jpg,587,587,1.0,587x587
r6k_val_brownspot_orig_035_jpg.rf.992e32aa1486181a49c99da1a8dbe3af.jpg,587,587,1.0,587x587
r6k_val_brownspot_orig_036_jpg.rf.ac7f8018448de89279bb27e047296f95.jpg,587,587,1.0,587x587
r6k_val_brownspot_orig_037_jpg.rf.b6b94323ab93f73a295fea524145616d.jpg,587,587,1.0,587x587
r6k_val_brownspot_orig_038_jpg.rf.8e55e20beb9930524e5ae080fed92657.jpg,587,587,1.0,587x587
r6k_val_brownspot_orig_039_jpg.rf.38b64c7ca744e339a5d4ad01b3e0c4af.jpg,587,587,1.0,587x587
r6k_val_brownspot_orig_039_jpg.rf.3c518be5b345bc8618afa857accb94d3.jpg,587,587,1.0,587x587
r6k_val_brownspot_orig_039_jpg.rf.7dd273d1df0d5d88d2556f6940f10ec6.jpg,587,587,1.0,587x587
r6k_val_brownspot_orig_045_jpg.rf.94f70ff7f23d758fa440a7a4d715bafd.jpg,587,587,1.0,587x587
r6k_val_brownspot_orig_045_jpg.rf.a0fffb8a485aaf4111a59cfd53d96a1d.jpg,587,587,1.0,587x587
r6k_val_brownspot_orig_046_jpg.rf.0d0734e4ec0fad1e576404f74a6cf562.jpg,587,587,1.0,587x587
r6k_val_brownspot_orig_046_jpg.rf.1278e76d855010258f3eaf78a0bb2684.jpg,587,587,1.0,587x587
r6k_val_brownspot_orig_046_jpg.rf.212496ac39ee8f16e3dc46520108d731.jpg,587,587,1.0,587x587
r6k_val_brownspot_orig_048_jpg.rf.c644d58729a85f1c52e6d0a98108dca0.jpg,587,587,1.0,587x587
r6k_val_brownspot_orig_050_jpg.rf.aef8acfbaf14ccb7329d1fc8ef8cc63b.jpg,587,587,1.0,587x587
r6k_val_brownspot_orig_051_jpg.rf.403cca1d37e69afa09cfb83c59a468b9.jpg,587,587,1.0,587x587
r6k_val_brownspot_orig_051_jpg.rf.e0246a021aeb71d119eb6951a424e2b3.jpg,587,587,1.0,587x587
r6k_val_brownspot_orig_051_jpg.rf.fe17b4d428370fc8069aa71f52bd8b5c.jpg,587,587,1.0,587x587
r6k_val_brownspot_orig_052_jpg.rf.cc9342ae9caaa7d6757322fe8d7642f0.jpg,587,587,1.0,587x587
r6k_val_brownspot_orig_053_jpg.rf.78fb0e1a908e9521ade01460fd8d2cfd.jpg,587,587,1.0,587x587
r6k_val_brownspot_orig_054_jpg.rf.0333d3ed1d53b12823850a2c7495aaa0.jpg,587,587,1.0,587x587
r6k_val_brownspot_orig_054_jpg.rf.52f3677a3f3d95aaf40fff6a056e4140.jpg,587,587,1.0,587x587
r6k_val_brownspot_orig_054_jpg.rf.5a5c938fe48e983d1e9788768cf84688.jpg,587,587,1.0,587x587
r6k_val_brownspot_orig_054_jpg.rf.b34378a6abc23516c177cf5aa3b6fda0.jpg,587,587,1.0,587x587
r6k_val_brownspot_orig_054_jpg.rf.d79af09fd3e200b3df66f32d6cb1202e.jpg,587,587,1.0,587x587
r6k_val_brownspot_orig_055_jpg.rf.2a9ea606ef18138fc811290376d9c271.jpg,587,587,1.0,587x587
r6k_val_brownspot_orig_055_jpg.rf.ea110d94905e86931556c25e07941fc7.jpg,587,587,1.0,587x587
r6k_val_brownspot_orig_059_jpg.rf.ec5a63899f4a721864e03f6aefb2cc45.jpg,587,587,1.0,587x587
r6k_val_brownspot_orig_062_jpg.rf.c4835f9fe3034788ade75fe11d7eba80.jpg,587,587,1.0,587x587
r6k_val_brownspot_orig_064_jpg.rf.f56696290b76e308678d0fd295aace81.jpg,587,587,1.0,587x587
r6k_val_brownspot_orig_065_jpg.rf.4ab8b3c0168d6e525eb938ee9db11a31.jpg,587,587,1.0,587x587
r6k_val_brownspot_orig_066_jpg.rf.249e44036fbb59037cc282d858499810.jpg,587,587,1.0,587x587
r6k_val_brownspot_orig_067_jpg.rf.1fb1adf88755f227cea533b04eb5977d.jpg,587,587,1.0,587x587
r6k_val_brownspot_orig_068_jpg.rf.0140ec0777bf4ffe5534096a95c2901c.jpg,587,587,1.0,587x587
r6k_val_brownspot_orig_073_jpg.rf.2a2159b30fa1136232cc21bbf5ff1317.jpg,587,587,1.0,587x587
r6k_val_brownspot_orig_075_jpg.rf.ce66335a2e5ef165433e7ebe0915fcc4.jpg,587,587,1.0,587x587
r6k_val_brownspot_orig_080_jpg.rf.e4e1d98dea850b9dac7cf8fb75ce2f30.jpg,587,587,1.0,587x587
r6k_val_brownspot_orig_081_jpg.rf.64df5a80d39ac2fc01a5a9308374f4ba.jpg,587,587,1.0,587x587
r6k_val_brownspot_orig_081_jpg.rf.a197e2e9ea0ed2a27ac55b908c8269c2.jpg,587,587,1.0,587x587
r6k_val_brownspot_orig_082_jpg.rf.c875e0c9910e38be1324e25982a900a2.jpg,587,587,1.0,587x587
r6k_val_brownspot_orig_087_jpg.rf.5b5e061cb53ff0fa097507110e49520c.jpg,587,587,1.0,587x587
r6k_val_brownspot_orig_087_jpg.rf.f9d03a2e65c1a070ae30a6e6e23f5630.jpg,587,587,1.0,587x587
r6k_val_brownspot_orig_090_jpg.rf.81875a434743e8eb243c0b15d17d2c70.jpg,587,587,1.0,587x587
r6k_val_brownspot_orig_090_jpg.rf.84e4892092791619a88282b415e45f0c.jpg,587,587,1.0,587x587
r6k_val_brownspot_orig_092_jpg.rf.b75f1dea56151d29a3353577c6e052ec.jpg,587,587,1.0,587x587
r6k_val_brownspot_orig_093_jpg.rf.b61af82523503d717e9c8001c19d8793.jpg,587,587,1.0,587x587
r6k_val_brownspot_orig_094_jpg.rf.9bafdd8094f0a78d3517f46bef248f43.jpg,587,587,1.0,587x587
r6k_val_brownspot_orig_094_jpg.rf.b311f24719c4e99bc3b189a2cdff4b46.jpg,587,587,1.0,587x587
r6k_val_brownspot_orig_095_jpg.rf.42b5c1cc5f5dd7f69db16d72f5c31466.jpg,587,587,1.0,587x587
r6k_val_brownspot_orig_095_jpg.rf.e6f5e16ebf8ee9fe71e006ad4ca66872.jpg,587,587,1.0,587x587
r6k_val_brownspot_orig_096_jpg.rf.e6940fd5e96c15758939ffea70511753.jpg,587,587,1.0,587x587
r6k_val_brownspot_orig_097_jpg.rf.09ac52f32a396aa72b23fe3a7f4a18d1.jpg,587,587,1.0,587x587
r6k_val_brownspot_orig_097_jpg.rf.37ba257f433c05155f15ae58111346e8.jpg,587,587,1.0,587x587
r6k_val_brownspot_orig_097_jpg.rf.fd55de430856391753bfebd354d37cd1.jpg,587,587,1.0,587x587
r6k_val_IMG_20190419_105830_jpg.rf.1fe4a058b1c6b16662c8a604524de0e8.jpg,587,587,1.0,587x587
r6k_val_IMG_20190419_105830_jpg.rf.d58f8fa4a444c860a7ad265aa519194f.jpg,587,587,1.0,587x587
r6k_val_IMG_20190419_112552_jpg.rf.6076fd900a0de0911cb7bbc2eab4657f.jpg,587,587,1.0,587x587
r6k_val_IMG_20190419_112552_jpg.rf.d86c3c1ee64301e909f57a4f6a185880.jpg,587,587,1.0,587x587
r6k_val_IMG_20190419_112818_jpg.rf.56889cce1a5f26da766d48d8f4f7f59b.jpg,587,587,1.0,587x587
r6k_val_IMG_20190419_125436_jpg.rf.42ce7cf3fda5674f83da4fae69de4287.jpg,587,587,1.0,587x587
r6k_val_IMG_20190419_140253_jpg.rf.a31ffc88569af58bfeb20b86dbe894a5.jpg,587,587,1.0,587x587
r6k_val_IMG_20190419_140253_jpg.rf.db339dcb21f1b9eac5131aa5cfce57e8.jpg,587,587,1.0,587x587
r6k_val_IMG_20190419_141055_jpg.rf.818b4bee92186896392e9d444aa62083.jpg,587,587,1.0,587x587
r6k_val_IMG_20190419_141055_jpg.rf.8bad7c94c01e3162b339a113403b99d7.jpg,587,587,1.0,587x587
r6k_val_IMG_20190419_141055_jpg.rf.a784bcdb2d701c6be6c713834d2db13c.jpg,587,587,1.0,587x587
r6k_val_IMG_20190419_141220_jpg.rf.7f8984d56abf552e3faae65de449d303.jpg,587,587,1.0,587x587
r6k_val_IMG_20190419_141220_jpg.rf.8ef68fea0710025349e38b487f88a22f.jpg,587,587,1.0,587x587
r6k_val_IMG_20190419_141224_jpg.rf.7f407cd8e566733140f7789f59ea644e.jpg,587,587,1.0,587x587
r6k_val_IMG_4765_jpg.rf.0b4f1a4cb10d2d549f3d5f2152998a57.jpg,587,587,1.0,587x587
r6k_val_IMG_4769_jpg.rf.3aa388494691f422c2850305a178da74.jpg,587,587,1.0,587x587
r6k_val_IMG_4772_jpg.rf.a7581215eb75ae290b8de4d4655a430b.jpg,587,587,1.0,587x587
r6k_val_IMG_4852_jpg.rf.a918329b94cdc374ac08403eba7e9c6b.jpg,587,587,1.0,587x587
r6k_val_IMG_5483_jpg.rf.c7bef43b6b052ab1a68ddecb1c5ab748.jpg,587,587,1.0,587x587
r6k_val_IMG_5512_jpg.rf.23cb96491446cd88a08257183cb070ad.jpg,587,587,1.0,587x587
r6k_val_IMG_5523_jpg.rf.8f91f8cc6b9f935433fc823e929575b1.jpg,587,587,1.0,587x587
r6k_val_IMG_5523_jpg.rf.98210640b9062459350cd54c53e74f18.jpg,587,587,1.0,587x587
r6k_val_img_blb_100_jpeg_jpg.rf.5f17672be4d4b65e4cb961a9c1e866ed.jpg,587,587,1.0,587x587
r6k_val_img_blb_100_jpeg_jpg.rf.ca23975956dfbce579cae1a13ef7c8e0.jpg,587,587,1.0,587x587
r6k_val_img_blb_100_jpeg_jpg.rf.dd8da2ac7ec014b0853ec04d91136c5d.jpg,587,587,1.0,587x587
r6k_val_img_blb_105_jpeg_jpg.rf.0aca35f4ecfd03b467ddfd7fdc59c84f.jpg,587,587,1.0,587x587
r6k_val_img_blb_108_jpeg_jpg.rf.791cb5c8f4dd3992aae90356034f36f2.jpg,587,587,1.0,587x587
r6k_val_img_blb_109_jpeg_jpg.rf.20d2669721fe4ce6349d2acbe4c7915e.jpg,587,587,1.0,587x587
r6k_val_img_blb_111_jpeg_jpg.rf.065376b761b9a3566cb8a85fb66d6aab.jpg,587,587,1.0,587x587
r6k_val_img_blb_111_jpeg_jpg.rf.475d3528668f222e401d6bef68c25b24.jpg,587,587,1.0,587x587
r6k_val_img_blb_112_jpeg_jpg.rf.afeea35b4b19a4fff0f3f8d0993db789.jpg,587,587,1.0,587x587
r6k_val_img_blb_115_jpeg_jpg.rf.7673cecf8c2121134ccad836527802af.jpg,587,587,1.0,587x587
r6k_val_img_blb_115_jpeg_jpg.rf.a68341e632d4df559effba5e8c6b8a34.jpg,587,587,1.0,587x587
r6k_val_img_blb_121_jpeg_jpg.rf.8acc9d390d7a5b34cf512cf6339483e4.jpg,587,587,1.0,587x587
r6k_val_img_blb_122_jpeg_jpg.rf.aee88779c2c17ede8562061c2f07cc06.jpg,587,587,1.0,587x587
r6k_val_img_blb_122_jpeg_jpg.rf.d9540f70c89962616bf14dc00ae1bf5e.jpg,587,587,1.0,587x587
r6k_val_img_blb_126_jpeg_jpg.rf.ff3bc7d461785f2af752a9df977516f8.jpg,587,587,1.0,587x587
r6k_val_img_blb_133_jpeg_jpg.rf.d7c7eab155e975df7282817e43572e96.jpg,587,587,1.0,587x587
r6k_val_img_blb_141_jpeg_jpg.rf.0fd8144b0311f12c0f2ae699e6905396.jpg,587,587,1.0,587x587
r6k_val_img_blb_141_jpeg_jpg.rf.7d5e6bdfdd23cdfe2deb3a554e8288ce.jpg,587,587,1.0,587x587
r6k_val_img_blb_147_jpeg_jpg.rf.3955deb3bbf9f17477d2f2be1ad4b93a.jpg,587,587,1.0,587x587
r6k_val_img_blb_150_jpeg_jpg.rf.67ee477364331f00bb132f6779e12bbf.jpg,587,587,1.0,587x587
r6k_val_img_blb_151_jpeg_jpg.rf.1585ab51b15a09fa3503fb98259ccd5f.jpg,587,587,1.0,587x587
r6k_val_img_blb_152_jpeg_jpg.rf.e7454975e6e6d2c3fd2a02e7b7ed20a4.jpg,587,587,1.0,587x587
r6k_val_img_blb_153_jpeg_jpg.rf.fc82b738c46c032b7a53850af4b5f9ed.jpg,587,587,1.0,587x587
r6k_val_img_blb_156_jpeg_jpg.rf.f2fd992350fc9ec6caac53fab940ee52.jpg,587,587,1.0,587x587
r6k_val_img_blb_161_jpeg_jpg.rf.84f12b38a5cd128b62bfabf1b2aca645.jpg,587,587,1.0,587x587
r6k_val_img_blb_165_jpeg_jpg.rf.5a505e462b5d74bdc662f1ccae07ff9b.jpg,587,587,1.0,587x587
r6k_val_img_blb_167_jpeg_jpg.rf.b178f38870a6c55510c3e26f9c0d478d.jpg,587,587,1.0,587x587
r6k_val_img_blb_167_jpeg_jpg.rf.d3f05796092d4b24c2c36923c83fdd6e.jpg,587,587,1.0,587x587
r6k_val_img_blb_18_JPG_jpg.rf.1b459c4ab30a1716f726d6994605ad87.jpg,587,587,1.0,587x587
r6k_val_img_blb_19_JPG_jpg.rf.dfc859d2f6cfa203caff8039cb8ebf57.jpg,587,587,1.0,587x587
r6k_val_img_blb_20_JPG_jpg.rf.c7445206125b85a7a87fa8b291e19424.jpg,587,587,1.0,587x587
r6k_val_img_blb_27_JPG_jpg.rf.1339eceb57d9af2c1ad26311309730b0.jpg,587,587,1.0,587x587
r6k_val_img_blb_27_JPG_jpg.rf.40dc6773134fde6bc99708fb65aee6b1.jpg,587,587,1.0,587x587
r6k_val_img_blb_29_JPG_jpg.rf.ed5ef35a3f20fa77defbc27f64749c23.jpg,587,587,1.0,587x587
r6k_val_img_blb_2_JPG_jpg.rf.1c23830589d7569ee3123f3a8fa9b4b7.jpg,587,587,1.0,587x587
r6k_val_img_blb_30_JPG_jpg.rf.2b13839f57771c03927da04d18b756c4.jpg,587,587,1.0,587x587
r6k_val_img_blb_31_JPG_jpg.rf.8ccf1b7b648f6a772022f787df0901bd.jpg,587,587,1.0,587x587
r6k_val_img_blb_34_jpg.rf.cff7962d2ee267bc44c736612f7c0aff.jpg,587,587,1.0,587x587
r6k_val_img_blb_35_JPG_jpg.rf.e09c212da4f061cbadd1773f2d1622e6.jpg,587,587,1.0,587x587
r6k_val_img_blb_37_JPG_jpg.rf.5faafde6a21cd3d8eef887e5dbbb1bba.jpg,587,587,1.0,587x587
r6k_val_img_blb_42_JPG_jpg.rf.fc573d520cef53573dba559add845007.jpg,587,587,1.0,587x587
r6k_val_img_blb_43_JPG_jpg.rf.68a05db2a33dc6c2f655ccee709d7ee1.jpg,587,587,1.0,587x587
r6k_val_img_blb_43_JPG_jpg.rf.69b994e5d9f35857f2e5e58cb8b50754.jpg,587,587,1.0,587x587
r6k_val_img_blb_43_JPG_jpg.rf.7437b51deb054d5e78e01cffcdb9543f.jpg,587,587,1.0,587x587
r6k_val_img_blb_47_JPG_jpg.rf.01e34448c154cd69d7b0e356b6f4d8fc.jpg,587,587,1.0,587x587
r6k_val_img_blb_4_jpg.rf.b5cdbc08563e4efac234d7fdf645f455.jpg,587,587,1.0,587x587
r6k_val_img_blb_55_jpg.rf.80771c4d8e96590b8e08cdf4c078685b.jpg,587,587,1.0,587x587
r6k_val_img_blb_56_jpg.rf.8ce99645c63e3e1176c65ded167fea11.jpg,587,587,1.0,587x587
r6k_val_img_blb_59_jpg.rf.567e821387b5dbddd9c24c2e00a490ac.jpg,587,587,1.0,587x587
r6k_val_img_blb_62_jpg.rf.f6c0806fd7bf5e96b7506824510f588e.jpg,587,587,1.0,587x587
r6k_val_img_blb_63_jpg.rf.c0c100dae79f4a5edeb3159c46480de7.jpg,587,587,1.0,587x587
r6k_val_img_blb_6_jpg.rf.586d6a26903fdd4cbf73efbe0e0e14bc.jpg,587,587,1.0,587x587
r6k_val_img_blb_73_jpg.rf.5207266fd74212f0d9c35bc03e770001.jpg,587,587,1.0,587x587
r6k_val_img_blb_75_jpg.rf.24ace8deb4f55e7374c7154fc024c6e3.jpg,587,587,1.0,587x587
r6k_val_img_blb_77_jpeg_jpg.rf.68392d3b15759c9ce626a4beb92c9c69.jpg,587,587,1.0,587x587
r6k_val_img_blb_81_jpeg_jpg.rf.ff20f6204d454e576cd8517b48dc5711.jpg,587,587,1.0,587x587
r6k_val_img_blb_85_jpg.rf.5e5f0c04a0148f50af8bde15cc79e6df.jpg,587,587,1.0,587x587
r6k_val_img_blb_86_jpg.rf.45088604be58453652cc2922bc968780.jpg,587,587,1.0,587x587
r6k_val_img_blb_90_png_jpg.rf.d580d26eb1d063e4175bdea394f17e7d.jpg,587,587,1.0,587x587
r6k_val_img_blb_91_jpeg_jpg.rf.f58a414615c38e3b2897a50d6337a58b.jpg,587,587,1.0,587x587
r6k_val_img_blb_92_jpeg_jpg.rf.64c43bf2607c24ee4a9a2a9bfa5be76b.jpg,587,587,1.0,587x587
r6k_val_img_blb_95_jpeg_jpg.rf.48fea36c64492c96ce066fe0bfd9a599.jpg,587,587,1.0,587x587
r6k_val_img_blb_96_jpeg_jpg.rf.f2a8b6cb15b5f5faa5eada05e06b4188.jpg,587,587,1.0,587x587
r6k_val_img_blb_99_jpeg_jpg.rf.5ca593013478827365be39f0ba296c41.jpg,587,587,1.0,587x587
r6k_val_img_blb_99_jpeg_jpg.rf.be850051d3f64a4b155d10e55f57d380.jpg,587,587,1.0,587x587
r6k_val_img_brown_108_jpeg_jpg.rf.cc2c66f9f1a9ea43cbccdd15d1e8d037.jpg,587,587,1.0,587x587
r6k_val_img_brown_108_jpeg_jpg.rf.f2eae5be5f6c39be2844a806d32d8509.jpg,587,587,1.0,587x587
r6k_val_img_brown_10_jpeg_jpg.rf.4a5d52d2e981f5a980d3ea5fb99eebed.jpg,587,587,1.0,587x587
r6k_val_img_brown_10_jpeg_jpg.rf.b5992b402d5cf88b978da766a424c828.jpg,587,587,1.0,587x587
r6k_val_img_brown_110_jpg.rf.69e129c1b63bdeb2c2adb102bab9eea9.jpg,587,587,1.0,587x587
r6k_val_img_brown_110_jpg.rf.85682a7842184e753e093ceb379fbd2b.jpg,587,587,1.0,587x587
r6k_val_img_brown_110_jpg.rf.c5e0926b6035b68201a6cbac7d73d6a6.jpg,587,587,1.0,587x587
r6k_val_img_brown_111_jpg.rf.0f9a79afa69980115c87188e90b9ea1b.jpg,587,587,1.0,587x587
r6k_val_img_brown_118_jpg.rf.797ec08ffb9f55623e6fcb88412c8476.jpg,587,587,1.0,587x587
r6k_val_img_brown_11_jpeg_jpg.rf.245c030b5bd07efb7d70e3d5a95d4ffa.jpg,587,587,1.0,587x587
r6k_val_img_brown_11_jpeg_jpg.rf.50537ab9e100f8ddaabdaa3f7cdea17a.jpg,587,587,1.0,587x587
r6k_val_img_brown_128_jpg.rf.4598165e479e41f6b3ad99a384f10866.jpg,587,587,1.0,587x587
r6k_val_img_brown_128_jpg.rf.a6b572d980f38bf5c95200781ee084db.jpg,587,587,1.0,587x587
r6k_val_img_brown_135_jpg.rf.56bed824fbfea133c199e92bcc928898.jpg,587,587,1.0,587x587
r6k_val_img_brown_13_jpeg_jpg.rf.040f52a52dcfebbd4c2b2fbf09a8a086.jpg,587,587,1.0,587x587
r6k_val_img_brown_13_jpeg_jpg.rf.d06a0e079d412df2c3842fb6b55111f9.jpg,587,587,1.0,587x587
r6k_val_img_brown_147_jpg.rf.6725c4eb3c49512e39ac3375ce68fd10.jpg,587,587,1.0,587x587
r6k_val_img_brown_147_jpg.rf.eb6573efdc18e72753f071baab1d41d3.jpg,587,587,1.0,587x587
r6k_val_img_brown_147_jpg.rf.f411eec8db42b0c34112a6d1b8d9689a.jpg,587,587,1.0,587x587
r6k_val_img_brown_149_jpg.rf.82eedf07659e712c9c7bf683db745dc7.jpg,587,587,1.0,587x587
r6k_val_img_brown_179_jpg.rf.5f0f9c0ab801519304cc47fab553ce60.jpg,587,587,1.0,587x587
r6k_val_img_brown_18_jpg.rf.62134a1315b0fbaccbb274d891baf6a5.jpg,587,587,1.0,587x587
r6k_val_img_brown_20_jpg.rf.0839c9382f0feb20eedd5212f088f106.jpg,587,587,1.0,587x587
r6k_val_img_brown_20_jpg.rf.83a64ed6aaff4c18320561ff8070561e.jpg,587,587,1.0,587x587
r6k_val_img_brown_20_jpg.rf.eed06c7693ec93a661816fdc94891249.jpg,587,587,1.0,587x587
r6k_val_img_brown_21_jpg.rf.73f549cb19411fb970a355ab6cd8a1b8.jpg,587,587,1.0,587x587
r6k_val_img_brown_23_jpg.rf.d861edcf5e56fc20078e443e8cadb016.jpg,587,587,1.0,587x587
r6k_val_img_brown_24_JPG_jpg.rf.4dca0a0dd0d35bd78782ba6cfde95a5a.jpg,587,587,1.0,587x587
r6k_val_img_brown_27_JPG_jpg.rf.265b103d4b04c1aa59d21dd53b30cf54.jpg,587,587,1.0,587x587
r6k_val_img_brown_27_JPG_jpg.rf.e0dece03b251ed9ef0725a36a6531f80.jpg,587,587,1.0,587x587
r6k_val_img_brown_31_JPG_jpg.rf.ec480838b26d6b431df01db7a07ddacc.jpg,587,587,1.0,587x587
r6k_val_img_brown_32_JPG_jpg.rf.ef7753772ff9385fae54a52ef62b6c3e.jpg,587,587,1.0,587x587
r6k_val_img_brown_33_JPG_jpg.rf.1fe7bba877b5ab5a3fe535f266aae932.jpg,587,587,1.0,587x587
r6k_val_img_brown_33_JPG_jpg.rf.a72aa6025f2a0f17b1c109a71e971b82.jpg,587,587,1.0,587x587
r6k_val_img_brown_33_JPG_jpg.rf.f05f4bb91bc6f78f6be3ef9bd8603537.jpg,587,587,1.0,587x587
r6k_val_img_brown_34_JPG_jpg.rf.1adb980d45578b7360692859aa55c4b8.jpg,587,587,1.0,587x587
r6k_val_img_brown_34_JPG_jpg.rf.73935d40ec42a5ac1509f85c312c809d.jpg,587,587,1.0,587x587
r6k_val_img_brown_34_JPG_jpg.rf.a2e00de14afe10ab129c10ce8992dc65.jpg,587,587,1.0,587x587
r6k_val_img_brown_34_JPG_jpg.rf.a92a9a973763da88cf6e0c8929e96e69.jpg,587,587,1.0,587x587
r6k_val_img_brown_38_jpg.rf.14f8c85cb2f5f155c651d1c45d07cd62.jpg,587,587,1.0,587x587
r6k_val_img_brown_41_jpg.rf.0602049e8df65d88539a31b5fcdca285.jpg,587,587,1.0,587x587
r6k_val_img_brown_41_jpg.rf.9003bfad0627c1fc476c83203722cb51.jpg,587,587,1.0,587x587
r6k_val_img_brown_47_jpg.rf.212ac3868345dc0d6b778ee9a8566d47.jpg,587,587,1.0,587x587
r6k_val_img_brown_47_jpg.rf.2c864f49644a5a5615e14af5e47c1676.jpg,587,587,1.0,587x587
r6k_val_img_brown_47_jpg.rf.97b3e9712a5428779cd4dcdc2ee83a43.jpg,587,587,1.0,587x587
r6k_val_img_brown_48_jpg.rf.b195b60cd6047ba5d269057b64d89710.jpg,587,587,1.0,587x587
r6k_val_img_brown_4_jpg.rf.be0d61b253f74594e02e322e8dcb3379.jpg,587,587,1.0,587x587
r6k_val_img_brown_50_jpg.rf.2e178a8dc627d989602424946a286149.jpg,587,587,1.0,587x587
r6k_val_img_brown_54_jpeg_jpg.rf.268638d742941f2fd14342919377df7d.jpg,587,587,1.0,587x587
r6k_val_img_brown_55_jpeg_jpg.rf.05ef70d246ba8182940f4e3457f6959d.jpg,587,587,1.0,587x587
r6k_val_img_brown_57_jpeg_jpg.rf.971f3b010516ddfa7558e0693a1c0428.jpg,587,587,1.0,587x587
r6k_val_img_brown_57_jpeg_jpg.rf.c7433ba40aa861fb4d81c9c6059b535d.jpg,587,587,1.0,587x587
r6k_val_img_brown_61_jpeg_jpg.rf.1b09b73f038fa03aa6678ef0c2a5a147.jpg,587,587,1.0,587x587
r6k_val_img_brown_61_jpeg_jpg.rf.27d476e530710914eb66139a96ad93a0.jpg,587,587,1.0,587x587
r6k_val_img_brown_61_jpeg_jpg.rf.36350be960596eb4b3ffcb826bc5330e.jpg,587,587,1.0,587x587
r6k_val_img_brown_61_jpeg_jpg.rf.8fc7489d5fe193a094ed43934686eec4.jpg,587,587,1.0,587x587
r6k_val_img_brown_62_jpeg_jpg.rf.b5cf3acc191a76d18851e5f9f9c99135.jpg,587,587,1.0,587x587
r6k_val_img_brown_62_jpeg_jpg.rf.fa4bbc4698fd0ab18e3c40f11e0541fb.jpg,587,587,1.0,587x587
r6k_val_img_brown_63_jpeg_jpg.rf.4c01133323e03fc983aec42c303a3e76.jpg,587,587,1.0,587x587
r6k_val_img_brown_63_jpeg_jpg.rf.e02824bc98240ab208d49ba1033cac41.jpg,587,587,1.0,587x587
r6k_val_img_brown_68_jpeg_jpg.rf.c28601f52c1b81e6acaf40657625c205.jpg,587,587,1.0,587x587
r6k_val_img_brown_71_JPG_jpg.rf.1d64bd464656926cdc9e361348240bc2.jpg,587,587,1.0,587x587
r6k_val_img_brown_71_JPG_jpg.rf.746a15b2fd492f93d8b57ed0716ae985.jpg,587,587,1.0,587x587
r6k_val_img_brown_80_jpeg_jpg.rf.5721218513d807d0a7348551cc17b52f.jpg,587,587,1.0,587x587
r6k_val_img_brown_8_jpg.rf.63127a34a0c43c4308b39b61dec0d649.jpg,587,587,1.0,587x587
r6k_val_img_brown_8_jpg.rf.b3eade90d269d9a20f6429179e9a1325.jpg,587,587,1.0,587x587
r6k_val_img_brown_9_jpg.rf.bff0a69359a9aa92f348af089506bf65.jpg,587,587,1.0,587x587
r6k_val_rice-blast-03_jpg.rf.8ffe4d54bf8f77d9205ef0d7bea1f8c1.jpg,587,587,1.0,587x587
r6k_val_rice-blast-04_jpg.rf.09ea3cb1d0a6e20d7851a4c561c68b38.jpg,587,587,1.0,587x587
r6k_val_rice-blast-04_jpg.rf.74744fc94a22b0626950fa13a8d87cfc.jpg,587,587,1.0,587x587
r6k_val_rice-blast-12_jpeg_jpg.rf.0cf014a2d3bbcc7f60a6f861dfee2b54.jpg,587,587,1.0,587x587
r6k_val_rice-blast-12_jpeg_jpg.rf.3b113702ba86b7cc70c8e0cf39560043.jpg,587,587,1.0,587x587
r6k_val_rice-blast-13_jpeg_jpg.rf.44e10f563dbe80bce620d65f88ea4194.jpg,587,587,1.0,587x587
r6k_val_rice-blast-14_jpeg_jpg.rf.58f4865e80204d7639d9e2d4fde4ac91.jpg,587,587,1.0,587x587
rls_test_20231006_163740_jpg.rf.5e5306a7ee631cd5c489faa906c689c5.jpg,640,640,1.0,640x640
rls_test_20231006_164404_jpg.rf.61e04109036347eea66cea3f5a6c9b7a.jpg,640,640,1.0,640x640
rls_test_20231006_165551-0-_jpg.rf.7500aa6c4673354f7e3b40feb4f18454.jpg,640,640,1.0,640x640
rls_test_20231006_165801-0-_jpg.rf.1ccb86991add43d254b230a82d272a59.jpg,640,640,1.0,640x640
rls_test_20231006_165801_jpg.rf.290d59c9bac7925f0d9962d8f93fa289.jpg,640,640,1.0,640x640
rls_test_20231006_165850-0-_jpg.rf.2ae58be8dc421a90f009ab1fe03e6d80.jpg,640,640,1.0,640x640
rls_test_20231006_165850_jpg.rf.2050bde80f38f87c645951cc456619be.jpg,640,640,1.0,640x640
rls_test_20231006_165851_jpg.rf.57b999f4b9cc7a94bba989d46f5aedc7.jpg,640,640,1.0,640x640
rls_test_aug_0_1012_jpg.rf.30680bc1c4c023d837e5a057263c2a79.jpg,640,640,1.0,640x640
rls_test_aug_0_101_jpg.rf.2bf5c3eaa18869fa3c25d34b4fe5b826.jpg,640,640,1.0,640x640
rls_test_aug_0_1023_jpg.rf.18ce725d6b3ec04fdd003491d6a6a5e1.jpg,640,640,1.0,640x640
rls_test_aug_0_1027_jpg.rf.bbf05944726fa1cd95d1e8dcc2ec7a2e.jpg,640,640,1.0,640x640
rls_test_aug_0_1043_jpg.rf.3d826e14c7d0bc3f500090955970ec4f.jpg,640,640,1.0,640x640
rls_test_aug_0_1044_jpg.rf.08a2d18605c09c608b037a1e6383a74a.jpg,640,640,1.0,640x640
rls_test_aug_0_1044_jpg.rf.3db24a2cc8d15fb336f586ea8fea0d44.jpg,640,640,1.0,640x640
rls_test_aug_0_1061_jpg.rf.c805e3b3cad7fee5276399d091c2d704.jpg,640,640,1.0,640x640
rls_test_aug_0_1069_jpg.rf.e5c66ac6a720116a4f767e28012e64f6.jpg,640,640,1.0,640x640
rls_test_aug_0_1104_jpg.rf.93cc1acfe8dc4116dad5c982dab7a3bb.jpg,640,640,1.0,640x640
rls_test_aug_0_1113_jpg.rf.973f9a6da3b54905d34e18ca4f8b3066.jpg,640,640,1.0,640x640
rls_test_aug_0_1119_jpg.rf.27d25ca88adbd553659e4e0f285ad9c0.jpg,640,640,1.0,640x640
rls_test_aug_0_1130_jpg.rf.79b1c5e6cc030a194fbd2d0897cfab55.jpg,640,640,1.0,640x640
rls_test_aug_0_1133_jpg.rf.c2aaf68fa3e3a12b18feaacb2cdfa419.jpg,640,640,1.0,640x640
rls_test_aug_0_1152_jpg.rf.444b713a5d6eaaeb415af63da7498d03.jpg,640,640,1.0,640x640
rls_test_aug_0_1162_jpg.rf.cef11d493211d3d74107f50702631849.jpg,640,640,1.0,640x640
rls_test_aug_0_1163_jpg.rf.7cf2ebc67e10de2d033d36a7c2e7e2fa.jpg,640,640,1.0,640x640
rls_test_aug_0_1164_jpg.rf.dced98ce7a34ffadcae703c39570be2b.jpg,640,640,1.0,640x640
rls_test_aug_0_117_jpg.rf.7e69053323b7ea96b2d627464d41c97b.jpg,640,640,1.0,640x640
rls_test_aug_0_1183_jpg.rf.f08841991ff35961e3d79d6d8f4c941a.jpg,640,640,1.0,640x640
rls_test_aug_0_1184_jpg.rf.eccfad67b9edc04e7ece61cbd2abe8d4.jpg,640,640,1.0,640x640
rls_test_aug_0_1193_jpg.rf.8b51ad72a469aead921c6e578eb4d8fd.jpg,640,640,1.0,640x640
rls_test_aug_0_1197_jpg.rf.3e6b76b35f73b966a86c3bcf1a47d426.jpg,640,640,1.0,640x640
rls_test_aug_0_1209_jpg.rf.b33eb7f9b248f2c06fc39b7a26375563.jpg,640,640,1.0,640x640
rls_test_aug_0_1212_jpg.rf.9b35a6212109c79e8a9d8108859e3805.jpg,640,640,1.0,640x640
rls_test_aug_0_1217_jpg.rf.8173e6e6cd34fc9d9fd0cc6868b49d28.jpg,640,640,1.0,640x640
rls_test_aug_0_1254_jpg.rf.72f094f9acbcc06842c62d12ed8bb289.jpg,640,640,1.0,640x640
rls_test_aug_0_1280_jpg.rf.8c3a74041564628aae2d4058f60d1013.jpg,640,640,1.0,640x640
rls_test_aug_0_1289_jpg.rf.521f7c0e3baa4758a0373e63784281f8.jpg,640,640,1.0,640x640
rls_test_aug_0_1289_jpg.rf.bdca4e7cf69d8c87fa175ac3a30d19c3.jpg,640,640,1.0,640x640
rls_test_aug_0_128_jpg.rf.89ae2b15ccf01617026b2443eae9afe2.jpg,640,640,1.0,640x640
rls_test_aug_0_1293_jpg.rf.d3d301c6b35d6c6b695a5d049bf0a643.jpg,640,640,1.0,640x640
rls_test_aug_0_1294_jpg.rf.1012b370de02808a01073287ad7ff6e0.jpg,640,640,1.0,640x640
rls_test_aug_0_1297_jpg.rf.b7264f808f88585b1a55f4ddb13c5645.jpg,640,640,1.0,640x640
rls_test_aug_0_131_jpg.rf.5be585a384bd25fcc76d39000fa0dfb9.jpg,640,640,1.0,640x640
rls_test_aug_0_1333_jpg.rf.032ffd6ccd1d1222b92fbfb7cf919b6d.jpg,640,640,1.0,640x640
rls_test_aug_0_1338_jpg.rf.03b88c3910e1a6793c589bb3041d7525.jpg,640,640,1.0,640x640
rls_test_aug_0_1349_jpg.rf.b681133718f287fa13efe9270a801fd0.jpg,640,640,1.0,640x640
rls_test_aug_0_134_jpg.rf.2bef2a14d1cbc092b3932a71a4326651.jpg,640,640,1.0,640x640
rls_test_aug_0_1352_jpg.rf.b086d448a39bed4e351d2b31d7bee427.jpg,640,640,1.0,640x640
rls_test_aug_0_1357_jpg.rf.256a6d4767561601f30570b89f12b790.jpg,640,640,1.0,640x640
rls_test_aug_0_1359_jpg.rf.76f8317d53248d382880882276d83d0c.jpg,640,640,1.0,640x640
rls_test_aug_0_1365_jpg.rf.02a21be1fd90b2e21606a81449b869be.jpg,640,640,1.0,640x640
rls_test_aug_0_1366_jpg.rf.05148e406db9d153d122526da2fb1fc8.jpg,640,640,1.0,640x640
rls_test_aug_0_1372_jpg.rf.5cb2b718acc605c6a0b05d17f1038ef1.jpg,640,640,1.0,640x640
rls_test_aug_0_1381_jpg.rf.556f2a2afe10a7235c51dc89e20a4b05.jpg,640,640,1.0,640x640
rls_test_aug_0_1383_jpg.rf.b5caa0ecc05ca9e12a6ea447f45376fc.jpg,640,640,1.0,640x640
rls_test_aug_0_1403_jpg.rf.1901c3dd1a8535fc92c85f0d7c535d07.jpg,640,640,1.0,640x640
rls_test_aug_0_1413_jpg.rf.765bb38f880e498d5d2bf0f3ceb713d5.jpg,640,640,1.0,640x640
rls_test_aug_0_1453_jpg.rf.c8f79abb80956eb3adea762cad6f76b8.jpg,640,640,1.0,640x640
rls_test_aug_0_1465_jpg.rf.3751a8ff8b173540abf5e901f3749fb4.jpg,640,640,1.0,640x640
rls_test_aug_0_1466_jpg.rf.9cd22ddbd39be5113c9399828d978cb0.jpg,640,640,1.0,640x640
rls_test_aug_0_146_jpg.rf.5a8ad3e3b15d82740eef621b43fc2f6b.jpg,640,640,1.0,640x640
rls_test_aug_0_147_jpg.rf.ff4aaefc354c3f48bc6af0c6dc32d1c3.jpg,640,640,1.0,640x640
rls_test_aug_0_1501_jpg.rf.144bc947071f1468d6b80f2b46ba382a.jpg,640,640,1.0,640x640
rls_test_aug_0_1501_jpg.rf.c0a15fe3a45ae47438b91fe80af1bea0.jpg,640,640,1.0,640x640
rls_test_aug_0_1523_jpg.rf.c1b45e84d38661d10d885a1fb7fc3165.jpg,640,640,1.0,640x640
rls_test_aug_0_1528_jpg.rf.3ae3989a6b7e64e2e3a668a952483975.jpg,640,640,1.0,640x640
rls_test_aug_0_153_jpg.rf.45e17559b4967ab387fb493d939ab1fc.jpg,640,640,1.0,640x640
rls_test_aug_0_1541_jpg.rf.cf959bbdfa095b87e7f4ccc1f1d2dbc5.jpg,640,640,1.0,640x640
rls_test_aug_0_1545_jpg.rf.0bb19542b955b5ee8ae9a307e7683ba0.jpg,640,640,1.0,640x640
rls_test_aug_0_1571_jpg.rf.c54fa7ee00b4c09b9aa97ce15a212a3b.jpg,640,640,1.0,640x640
rls_test_aug_0_1586_jpg.rf.c5cbfcfd9ccdab605b9f0a2462a12163.jpg,640,640,1.0,640x640
rls_test_aug_0_1594_jpg.rf.cb48bafcef0eb4fd9ff81bc975d512c2.jpg,640,640,1.0,640x640
rls_test_aug_0_1622_jpg.rf.96ecbf1d28044e62b7e7b5c65cb8eaa9.jpg,640,640,1.0,640x640
rls_test_aug_0_1650_jpg.rf.5981b73954c980df7d9c87dc9afdc6a2.jpg,640,640,1.0,640x640
rls_test_aug_0_1662_jpg.rf.ae65a3a343f2679dd4019c2d82f28745.jpg,640,640,1.0,640x640
rls_test_aug_0_1686_jpg.rf.4029abf611af97323494783eb84099ef.jpg,640,640,1.0,640x640
rls_test_aug_0_168_jpg.rf.ad4bb494f06055177f35710b118be80e.jpg,640,640,1.0,640x640
rls_test_aug_0_16_jpg.rf.abcf41113ecb863cc3d4eac649438b44.jpg,640,640,1.0,640x640
rls_test_aug_0_1750_jpg.rf.91f3bb55a6b41f7169f254eba462e6c6.jpg,640,640,1.0,640x640
rls_test_aug_0_1788_jpg.rf.a65fea8d3009950adbb7e864834f5d1a.jpg,640,640,1.0,640x640
rls_test_aug_0_1805_jpg.rf.ef2fcbe35a7d16ca01c6fcfc72df2f42.jpg,640,640,1.0,640x640
rls_test_aug_0_1844_jpg.rf.6f17f6646081eecddb3b24152d15c0e5.jpg,640,640,1.0,640x640
rls_test_aug_0_187_jpg.rf.006bbd1b45fcfc5b012612a153eb609d.jpg,640,640,1.0,640x640
rls_test_aug_0_1904_jpg.rf.993c536cf82a23c2cd182ef741a74949.jpg,640,640,1.0,640x640
rls_test_aug_0_1907_jpg.rf.59a65e42eed0208bcb967cc692481cf6.jpg,640,640,1.0,640x640
rls_test_aug_0_1930_jpg.rf.52d02fdf81c8ad1405dad96bff0010c8.jpg,640,640,1.0,640x640
rls_test_aug_0_1933_jpg.rf.a36ec1f19dd029a11c68e1abb86ce715.jpg,640,640,1.0,640x640
rls_test_aug_0_1935_jpg.rf.089d06b459151871f62ba5225be112cb.jpg,640,640,1.0,640x640
rls_test_aug_0_193_jpg.rf.bb8e83300daf6253540983b026df5fb2.jpg,640,640,1.0,640x640
rls_test_aug_0_1941_jpg.rf.ab233e37ba5236d693ae92c76d6e40ac.jpg,640,640,1.0,640x640
rls_test_aug_0_1962_jpg.rf.01cc3def0a55aeebcbd3a5ad4a8b8a4f.jpg,640,640,1.0,640x640
rls_test_aug_0_1966_jpg.rf.6208d7b25be8efc97cfca98f747ac232.jpg,640,640,1.0,640x640
rls_test_aug_0_1975_jpg.rf.1d4075f71e6ee7a8fad36bc804d88f62.jpg,640,640,1.0,640x640
rls_test_aug_0_1982_jpg.rf.a2d2da7ab1166d50b8309105200e0e55.jpg,640,640,1.0,640x640
rls_test_aug_0_1983_jpg.rf.dd85a9086b05bf2ce738f7719a541aae.jpg,640,640,1.0,640x640
rls_test_aug_0_2044_jpg.rf.68c48a8724168e45d6dce171c99ca2cd.jpg,640,640,1.0,640x640
rls_test_aug_0_2050_jpg.rf.cef66a1be5d23d81a292dd02f66579a0.jpg,640,640,1.0,640x640
rls_test_aug_0_2059_jpg.rf.8bb3a434bffff4764c5e9c2d8cbba324.jpg,640,640,1.0,640x640
rls_test_aug_0_2085_jpg.rf.c0e0629b4a630da2f26fd2d1b88b1880.jpg,640,640,1.0,640x640
rls_test_aug_0_2150_jpg.rf.7103584c20097cbbd2558f48d50f5d05.jpg,640,640,1.0,640x640
rls_test_aug_0_215_jpg.rf.b5c740fe5189a91a9c00a22266a6a0dd.jpg,640,640,1.0,640x640
rls_test_aug_0_2164_jpg.rf.8284a6fd4e1b22f4348415f32870324a.jpg,640,640,1.0,640x640
rls_test_aug_0_2164_jpg.rf.b4562076a3748c02d94e0ac87d625238.jpg,640,640,1.0,640x640
rls_test_aug_0_217_jpg.rf.f5f2a38a319df28fe179705d9595a81b.jpg,640,640,1.0,640x640
rls_test_aug_0_2236_jpg.rf.4e8a50455392515b61bbfe0f84042f5b.jpg,640,640,1.0,640x640
rls_test_aug_0_2348_jpg.rf.b83b140f24febe8f4311f5caebe46b5f.jpg,640,640,1.0,640x640
rls_test_aug_0_2364_jpg.rf.6c9837d91962cacb8232dda3fd25c06e.jpg,640,640,1.0,640x640
rls_test_aug_0_2405_jpg.rf.b4d864cafbded3db38d771d0e0034022.jpg,640,640,1.0,640x640
rls_test_aug_0_241_jpg.rf.3cbba79c81f23de54d897077c7838865.jpg,640,640,1.0,640x640
rls_test_aug_0_2457_jpg.rf.f3c7253ae1188c8d9840a0a52f374547.jpg,640,640,1.0,640x640
rls_test_aug_0_246_jpg.rf.82655aab92be9225fabbc7eb5c231e91.jpg,640,640,1.0,640x640
rls_test_aug_0_2501_jpg.rf.754d6df01d270523df569a8eb9003bc4.jpg,640,640,1.0,640x640
rls_test_aug_0_2517_jpg.rf.a93680e888e0d8fe5245e4df1b51e6ac.jpg,640,640,1.0,640x640
rls_test_aug_0_2558_jpg.rf.f68891659f99f32ab29b07ee5602ce8a.jpg,640,640,1.0,640x640
rls_test_aug_0_268_jpg.rf.dd521128e225cdef2da200325a6b6c95.jpg,640,640,1.0,640x640
rls_test_aug_0_2692_jpg.rf.6d6bca3e5e28cc447cd7fdedcc9685b6.jpg,640,640,1.0,640x640
rls_test_aug_0_2694_jpg.rf.ae781668954f50179e1061e9c3079e47.jpg,640,640,1.0,640x640
rls_test_aug_0_2701_jpg.rf.a9eb76957bf4729fd062440d2f84e999.jpg,640,640,1.0,640x640
rls_test_aug_0_2765_jpg.rf.b89727fbc69deb4db2a6aeb540d67c33.jpg,640,640,1.0,640x640
rls_test_aug_0_2813_jpg.rf.97842e2a9045b39717174b81029e2444.jpg,640,640,1.0,640x640
rls_test_aug_0_2821_jpg.rf.7629e8a187f71aacd233d65bd3bd982d.jpg,640,640,1.0,640x640
rls_test_aug_0_2827_jpg.rf.75680e3e18dec6cabf4c227a50008279.jpg,640,640,1.0,640x640
rls_test_aug_0_2832_jpg.rf.8cf9fb099fb684aae14f54ee0a7ba8d7.jpg,640,640,1.0,640x640
rls_test_aug_0_2838_jpg.rf.0972401e0106ebf9ae4fae1936d0200b.jpg,640,640,1.0,640x640
rls_test_aug_0_2841_jpg.rf.b07e6a10852074926fb5616c58c2318c.jpg,640,640,1.0,640x640
rls_test_aug_0_2882_jpg.rf.7aece053bf36259af3138e6a6d4d186a.jpg,640,640,1.0,640x640
rls_test_aug_0_2977_jpg.rf.e2dd884746bcdffb14bd7156d71c1ce7.jpg,640,640,1.0,640x640
rls_test_aug_0_305_jpg.rf.e22430c947a19ca5104c448365bba62e.jpg,640,640,1.0,640x640
rls_test_aug_0_3154_jpg.rf.1426d785c487fd792c7932c113dad8f2.jpg,640,640,1.0,640x640
rls_test_aug_0_317_jpg.rf.40c3af3d9ceac8285a00a57a86af0ff2.jpg,640,640,1.0,640x640
rls_test_aug_0_3230_jpg.rf.4999af1c27848ea986153b60c0a2e0a7.jpg,640,640,1.0,640x640
rls_test_aug_0_3235_jpg.rf.e102dd39c37d335ca840437e8e3c4d8a.jpg,640,640,1.0,640x640
rls_test_aug_0_3243_jpg.rf.e45dfdda2a21b113765acff801708469.jpg,640,640,1.0,640x640
rls_test_aug_0_3300_jpg.rf.b65d43bbe38cf1f0fc853cb65a8e6c34.jpg,640,640,1.0,640x640
rls_test_aug_0_3309_jpg.rf.63e2ec97557c36f19b6bbc37c5d0bf39.jpg,640,640,1.0,640x640
rls_test_aug_0_3310_jpg.rf.0ae8e33ee694b82f56d4cf3bf3c24167.jpg,640,640,1.0,640x640
rls_test_aug_0_332_jpg.rf.6e543270090f23738924d7892727127c.jpg,640,640,1.0,640x640
rls_test_aug_0_3352_jpg.rf.d4277267e4812a1ef0df6cd26b6cabef.jpg,640,640,1.0,640x640
rls_test_aug_0_3364_jpg.rf.417aaff5ec36641ed7f88d03e1b7cb89.jpg,640,640,1.0,640x640
rls_test_aug_0_3464_jpg.rf.766bd3af4e226dc74241f304b08c7ce9.jpg,640,640,1.0,640x640
rls_test_aug_0_3466_jpg.rf.8cd423773bcb359cae98c81a2d1546ae.jpg,640,640,1.0,640x640
rls_test_aug_0_3483_jpg.rf.86ed0254d3fe7c0f3fdb507b05e312b0.jpg,640,640,1.0,640x640
rls_test_aug_0_3509_jpg.rf.5e36fe82a7c63c922d319f4a8c532afc.jpg,640,640,1.0,640x640
rls_test_aug_0_3547_jpg.rf.257e44ddd6abfb30d94d2acb58a43333.jpg,640,640,1.0,640x640
rls_test_aug_0_354_jpg.rf.0590666c188422fb9833a78298e49449.jpg,640,640,1.0,640x640
rls_test_aug_0_3576_jpg.rf.d6d8463443a69b94763c8e045f58c48d.jpg,640,640,1.0,640x640
rls_test_aug_0_358_jpg.rf.e4c3904032d196f7944894959d4b7e10.jpg,640,640,1.0,640x640
rls_test_aug_0_3597_jpg.rf.1451eb37be48e0e571c984e8f1ecdfca.jpg,640,640,1.0,640x640
rls_test_aug_0_3622_jpg.rf.3be197f9488763a2b84f8d80f64952ce.jpg,640,640,1.0,640x640
rls_test_aug_0_367_jpg.rf.b7539feaa22a7a61392ceaf5faea7dbb.jpg,640,640,1.0,640x640
rls_test_aug_0_3795_jpg.rf.2a68f7eb78049a7cae189bf49f6dd05e.jpg,640,640,1.0,640x640
rls_test_aug_0_3852_jpg.rf.130d10c3fed05e412f0495a50593aa68.jpg,640,640,1.0,640x640
rls_test_aug_0_3892_jpg.rf.2e9c00d97e20f420a3242351901854b4.jpg,640,640,1.0,640x640
rls_test_aug_0_3899_jpg.rf.6ad92b0ca5a7dec2934f1a8b4f38d160.jpg,640,640,1.0,640x640
rls_test_aug_0_3906_jpg.rf.f1b83a7e2e6eaf89a0cf9845840089b7.jpg,640,640,1.0,640x640
rls_test_aug_0_390_jpg.rf.5d6b78bdad4e6898c403acf3befa073b.jpg,640,640,1.0,640x640
rls_test_aug_0_392_jpg.rf.4d2399834efa8823c4d0aafb014e7735.jpg,640,640,1.0,640x640
rls_test_aug_0_3937_jpg.rf.3908072f433f3b910b2dbefa526265fd.jpg,640,640,1.0,640x640
rls_test_aug_0_3991_jpg.rf.4d00a64f6f2f39d579d7e34c4aeb9b5f.jpg,640,640,1.0,640x640
rls_test_aug_0_4022_jpg.rf.61d9ecae724e06895436d8d5fbf306e3.jpg,640,640,1.0,640x640
rls_test_aug_0_4032_jpg.rf.c9ec34d5a1987769639a25ee71d79b11.jpg,640,640,1.0,640x640
rls_test_aug_0_4058_jpg.rf.0adb53f5081cdd3c424202035b8348ac.jpg,640,640,1.0,640x640
rls_test_aug_0_4094_jpg.rf.7613b2ffc937701c25a111a108cd9cad.jpg,640,640,1.0,640x640
rls_test_aug_0_4116_jpg.rf.26ce821ac809644e1c2bcfad019f505a.jpg,640,640,1.0,640x640
rls_test_aug_0_4120_jpg.rf.894569d668c9beeb1335a3f8ed1dafc7.jpg,640,640,1.0,640x640
rls_test_aug_0_4168_jpg.rf.7dccdf3584dda6653ffed1dd739798b8.jpg,640,640,1.0,640x640
rls_test_aug_0_424_jpg.rf.64588f4f96ed2224b541b6fb9092c4bb.jpg,640,640,1.0,640x640
rls_test_aug_0_4253_jpg.rf.339cea646c7e69074df0e4e1b5eb5d44.jpg,640,640,1.0,640x640
rls_test_aug_0_426_jpg.rf.7e7c29b89d356453e8f3fb7b235dbc9d.jpg,640,640,1.0,640x640
rls_test_aug_0_4271_jpg.rf.aef7dfda3987ad3544a97414fa4e4451.jpg,640,640,1.0,640x640
rls_test_aug_0_4272_jpg.rf.06d1eeed5afd87dddc6881179adc5642.jpg,640,640,1.0,640x640
rls_test_aug_0_430_jpg.rf.85fb9863a36440cd6a24e360cbe384c8.jpg,640,640,1.0,640x640
rls_test_aug_0_434_jpg.rf.c9b67bb429fff0669cd22671bab97615.jpg,640,640,1.0,640x640
rls_test_aug_0_4354_jpg.rf.a8778016e0309689b548e1aa3f5b836c.jpg,640,640,1.0,640x640
rls_test_aug_0_4442_jpg.rf.08977960419b73bd5962135e281788e9.jpg,640,640,1.0,640x640
rls_test_aug_0_4474_jpg.rf.a377443550b3b1d291fe6fae3c4c0589.jpg,640,640,1.0,640x640
rls_test_aug_0_449_jpg.rf.ab3c46db53ed31394d27b002142575c2.jpg,640,640,1.0,640x640
rls_test_aug_0_450_jpg.rf.673ea8b59862303ae9c5e673d738d210.jpg,640,640,1.0,640x640
rls_test_aug_0_4524_jpg.rf.ec3d28d3e55fbbc0c1fb0d285ceffc94.jpg,640,640,1.0,640x640
rls_test_aug_0_454_jpg.rf.bbf03c890da872502e5ddd9bcbc24edc.jpg,640,640,1.0,640x640
rls_test_aug_0_4579_jpg.rf.852fbf1a63b07a6de112cf9c5d096c4c.jpg,640,640,1.0,640x640
rls_test_aug_0_4655_jpg.rf.e8faa787e2ca54a4a1a377aac64b9ef7.jpg,640,640,1.0,640x640
rls_test_aug_0_467_jpg.rf.70a9c3f9a62cdcbb6690ca3094d72807.jpg,640,640,1.0,640x640
rls_test_aug_0_4696_jpg.rf.1f6274a9d2552bad85e7077b5d245643.jpg,640,640,1.0,640x640
rls_test_aug_0_469_jpg.rf.11a0d2064a29793fc12f5f68f77da7a3.jpg,640,640,1.0,640x640
rls_test_aug_0_4780_jpg.rf.2e2d10532b3893497deaa426c306caaa.jpg,640,640,1.0,640x640
rls_test_aug_0_479_jpg.rf.3f102fa108385c927dd7c9510691af0a.jpg,640,640,1.0,640x640
rls_test_aug_0_4837_jpg.rf.d6e160664d39ebefebb351bf9df1985d.jpg,640,640,1.0,640x640
rls_test_aug_0_4844_jpg.rf.4287cb374acd7c6e48483a16652523e0.jpg,640,640,1.0,640x640
rls_test_aug_0_496_jpg.rf.f2b344abd7b7506d28ec6a9ff599bd85.jpg,640,640,1.0,640x640
rls_test_aug_0_5070_jpg.rf.c77759157a9e43ec39fae0606389874f.jpg,640,640,1.0,640x640
rls_test_aug_0_5088_jpg.rf.3b57be1ecc50edfba197bf61634304c6.jpg,640,640,1.0,640x640
rls_test_aug_0_510_jpg.rf.84adcaaa9920195f97982e397e571055.jpg,640,640,1.0,640x640
rls_test_aug_0_5123_jpg.rf.2625e7908d9b797a507e05c95f67e407.jpg,640,640,1.0,640x640
rls_test_aug_0_518_jpg.rf.70f58626f0f6a2c41c9ca10282a62597.jpg,640,640,1.0,640x640
rls_test_aug_0_5217_jpg.rf.f181988c2172df1dbe36b2bcc00d7de1.jpg,640,640,1.0,640x640
rls_test_aug_0_521_jpg.rf.c506fd2d9959bc1e760986072302d037.jpg,640,640,1.0,640x640
rls_test_aug_0_5243_jpg.rf.f7037b30170a5fe756862e78bdee06b7.jpg,640,640,1.0,640x640
rls_test_aug_0_5286_jpg.rf.384bd26dc8e99cc755cda277d8f8f64b.jpg,640,640,1.0,640x640
rls_test_aug_0_529_jpg.rf.6ea93534d211c6501f33a5e828a3063c.jpg,640,640,1.0,640x640
rls_test_aug_0_539_jpg.rf.6c53b149e5f6afc1be41ce43c3d27801.jpg,640,640,1.0,640x640
rls_test_aug_0_5446_jpg.rf.c6036b2748d8e3c4db195c58611c9b3a.jpg,640,640,1.0,640x640
rls_test_aug_0_5471_jpg.rf.f6d0019d157c18662c966db7e424a028.jpg,640,640,1.0,640x640
rls_test_aug_0_556_jpg.rf.5796a3fdd272168c5415f3da91a34bf7.jpg,640,640,1.0,640x640
rls_test_aug_0_5687_jpg.rf.403fc67d70cad89398bde800d2d0aa99.jpg,640,640,1.0,640x640
rls_test_aug_0_5876_jpg.rf.1b5ecc08ab8721aef96bb69a94e985b1.jpg,640,640,1.0,640x640
rls_test_aug_0_5925_jpg.rf.4b58167691b09717fadadc299aa815fe.jpg,640,640,1.0,640x640
rls_test_aug_0_609_jpg.rf.087dfe73c217d5c7594897efcb1eba9a.jpg,640,640,1.0,640x640
rls_test_aug_0_609_jpg.rf.08dcc4fb787feaf54a5f5f050cf43dd9.jpg,640,640,1.0,640x640
rls_test_aug_0_612_jpg.rf.f53bf887d8f79db28e2286264769c4c7.jpg,640,640,1.0,640x640
rls_test_aug_0_621_jpg.rf.d6be657f964939adc09915370af42a2e.jpg,640,640,1.0,640x640
rls_test_aug_0_6240_jpg.rf.c70a74c8d56104e9a98395fdc9bd42b4.jpg,640,640,1.0,640x640
rls_test_aug_0_6313_jpg.rf.5ecb34385a9a3ef6126b092914f29265.jpg,640,640,1.0,640x640
rls_test_aug_0_6320_jpg.rf.f7b1a6360e86f4b9ad11d7ce1bb3468b.jpg,640,640,1.0,640x640
rls_test_aug_0_63_jpg.rf.594d8ce7c19603104c7325a1deb4b82b.jpg,640,640,1.0,640x640
rls_test_aug_0_644_jpg.rf.aa031f339baa4c65114bb55681cc11d2.jpg,640,640,1.0,640x640
rls_test_aug_0_648_jpg.rf.782a9251dc3f2a14f6c418b5ad148fe6.jpg,640,640,1.0,640x640
rls_test_aug_0_65_jpg.rf.3b09cd0a1da3264deeffe7417cbbd4a1.jpg,640,640,1.0,640x640
rls_test_aug_0_66_jpg.rf.9be735354b6fa41873b6ee050cd83609.jpg,640,640,1.0,640x640
rls_test_aug_0_676_jpg.rf.dc5d54f9fb63fdbd905bf8bd4a9ddb31.jpg,640,640,1.0,640x640
rls_test_aug_0_6799_jpg.rf.f1ff4b687ba5808d29e19fd3f2435fe0.jpg,640,640,1.0,640x640
rls_test_aug_0_6823_jpg.rf.e8738fe62dffc85fc53da2b297076d46.jpg,640,640,1.0,640x640
rls_test_aug_0_682_jpg.rf.e9651d6793c09c3dbe26131501f3bb7d.jpg,640,640,1.0,640x640
rls_test_aug_0_701_jpg.rf.650b4b4c47341dafe15f6ea8ad3987a2.jpg,640,640,1.0,640x640
rls_test_aug_0_717_jpg.rf.c1b3a053dc9776af5273f73ee57d326d.jpg,640,640,1.0,640x640
rls_test_aug_0_71_jpg.rf.f020b9d22a9e9fceb81a0a6e74180cd7.jpg,640,640,1.0,640x640
rls_test_aug_0_727_jpg.rf.e9c21951be97090be438980d5f6d4db4.jpg,640,640,1.0,640x640
rls_test_aug_0_742_jpg.rf.7e438e711382a8361c3d8f0a1d2b1745.jpg,640,640,1.0,640x640
rls_test_aug_0_766_jpg.rf.fd626dbc8e5584c5159c97e43c9f22b8.jpg,640,640,1.0,640x640
rls_test_aug_0_782_jpg.rf.582c5e125460f4230087116a98981522.jpg,640,640,1.0,640x640
rls_test_aug_0_7868_jpg.rf.a5a485cf2880fd68e994418d1d1c3f15.jpg,640,640,1.0,640x640
rls_test_aug_0_786_jpg.rf.96f91c5f0d5d0a97495869d9569b40c2.jpg,640,640,1.0,640x640
rls_test_aug_0_792_jpg.rf.d6362bba260355648dc0a1181c2925e6.jpg,640,640,1.0,640x640
rls_test_aug_0_7930_jpg.rf.61b7363b92d24b15dc9184bbe2249f8b.jpg,640,640,1.0,640x640
rls_test_aug_0_806_jpg.rf.88774c4b93bee8ab99eb75c42e654b5f.jpg,640,640,1.0,640x640
rls_test_aug_0_81_jpg.rf.62f42d848be218baa3aab53e0613dcb5.jpg,640,640,1.0,640x640
rls_test_aug_0_826_jpg.rf.ca3ccf19da917c0816f4abc088fb6c5f.jpg,640,640,1.0,640x640
rls_test_aug_0_8430_jpg.rf.b585a8f1c9cd2d8bd79700ced685c2f6.jpg,640,640,1.0,640x640
rls_test_aug_0_85_jpg.rf.cf8e9eb64024e9cec2d75fb8320c3c5f.jpg,640,640,1.0,640x640
rls_test_aug_0_8651_jpg.rf.e95ee2f56213dd9a946dcde56520af90.jpg,640,640,1.0,640x640
rls_test_aug_0_878_jpg.rf.6d95819bac7ff343263a6fb1dffa3403.jpg,640,640,1.0,640x640
rls_test_aug_0_87_jpg.rf.89a7591c56fd9aecfcb07fda09aa4770.jpg,640,640,1.0,640x640
rls_test_aug_0_885_jpg.rf.ed2938705b3e2af8e8a2c9b37449b025.jpg,640,640,1.0,640x640
rls_test_aug_0_886_jpg.rf.cd5ac7aafa099c4917d2b6f7e1d9c3f3.jpg,640,640,1.0,640x640
rls_test_aug_0_888_jpg.rf.8cc626197623bf8d6685940d0be05691.jpg,640,640,1.0,640x640
rls_test_aug_0_892_jpg.rf.007167b76b666bea5fbbc6574286393d.jpg,640,640,1.0,640x640
rls_test_aug_0_903_jpg.rf.e76a70273711c9e8f920446b6334dc5d.jpg,640,640,1.0,640x640
rls_test_aug_0_912_jpg.rf.4d5589c6bb64260ded69d306b26c04ec.jpg,640,640,1.0,640x640
rls_test_aug_0_9173_jpg.rf.0f1a04db8dcd6cc6b7a2697b67ea890b.jpg,640,640,1.0,640x640
rls_test_aug_0_926_jpg.rf.f7b8c7dd4eb209311db6489c73734ca6.jpg,640,640,1.0,640x640
rls_test_aug_0_955_jpg.rf.80bea1c8868f67f0e573dd83dcbf0f3f.jpg,640,640,1.0,640x640
rls_test_aug_0_9602_jpg.rf.e804a0f3e3c3eb7408f5b825c242dfb5.jpg,640,640,1.0,640x640
rls_test_aug_0_9605_jpg.rf.969253263be54c0713b32626c2709978.jpg,640,640,1.0,640x640
rls_test_aug_0_966_jpg.rf.2f34e302c7a6ad9161d7957b7353d21c.jpg,640,640,1.0,640x640
rls_test_aug_0_972_jpg.rf.2598f925e4a881b8c2d540be2d22a488.jpg,640,640,1.0,640x640
rls_test_aug_0_979_jpg.rf.38688186c13866cde7fe2c5be465c976.jpg,640,640,1.0,640x640
rls_test_aug_0_982_jpg.rf.26a791de14556e44e837f12f1e742c3b.jpg,640,640,1.0,640x640
rls_test_aug_0_987_jpg.rf.dd3afc343468b86fa93ffc831fd1d145.jpg,640,640,1.0,640x640
rls_test_Brown_spot-93-_jpg.rf.782a9453d01149138e463ba6c9325754.jpg,640,640,1.0,640x640
rls_test_Healthy_rice_leaf-102-_jpg.rf.e27f11645891cb6b336ea49a00092782.jpg,640,640,1.0,640x640
rls_test_Healthy_rice_leaf-103-_jpg.rf.26c5dd12069205586301bd6706ce6711.jpg,640,640,1.0,640x640
rls_test_Healthy_rice_leaf-130-_jpg.rf.f4a2d8645d476cb29ce12b7561bcbf32.jpg,640,640,1.0,640x640
rls_test_IMG20201108163519_00_jpg.rf.1a27a9dc33401b18caf5343a0dd4ad72.jpg,640,640,1.0,640x640
rls_test_IMG20201108163604_00_jpg.rf.be5ae52c6972ffbdd4deb10bb9cdcf89.jpg,640,640,1.0,640x640
rls_test_IMG20201109164031_00_jpg.rf.4072c84412ca5c3cb4cc37326a3fac19.jpg,640,640,1.0,640x640
rls_test_IMG20201109164035_00_jpg.rf.ef0edda3d11fc15fb1589d7b0c0794c3.jpg,640,640,1.0,640x640
rls_test_IMG20201109164229_00_jpg.rf.18e2adeb81c015bb02300b1fd2973bfa.jpg,640,640,1.0,640x640
rls_test_IMG20201109164239_00_jpg.rf.e9bf1057304ef1d844d4cc2a96fee8dc.jpg,640,640,1.0,640x640
rls_test_IMG20201109164336_00_jpg.rf.29ec4e6a058e2823afc7211735c56a73.jpg,640,640,1.0,640x640
rls_test_IMG20201109164440_00_jpg.rf.f06055d95a79d4f7c322ae34305b74a0.jpg,640,640,1.0,640x640
rls_test_IMG20201109164443_00_jpg.rf.c7e6ab73b32752e3af7427d0654eabdd.jpg,640,640,1.0,640x640
rls_test_IMG20201109164515_00_jpg.rf.f260d657143817e5cd996a693e09eba9.jpg,640,640,1.0,640x640
rls_test_IMG20201109164543_00_jpg.rf.c64d0713a96603667d3f115969378a63.jpg,640,640,1.0,640x640
rls_test_IMG20201109164545_00_jpg.rf.74da27d6606396bb7b77a7021c047476.jpg,640,640,1.0,640x640
rls_test_IMG20201109164559_00_jpg.rf.1655c452e0f75256c7c794d26500fcc6.jpg,640,640,1.0,640x640
rls_test_IMG20201109164605_00_jpg.rf.ff7126a9028a753ea3600762bd139ff7.jpg,640,640,1.0,640x640
rls_test_IMG20201109164654_00_jpg.rf.3514f1e1cbc84dfe7e7e7609e1592861.jpg,640,640,1.0,640x640
rls_test_IMG20201109164837_00_jpg.rf.ff5d21b9b477612f8bcbff946aa3f296.jpg,640,640,1.0,640x640
rls_test_IMG20201109164845_00_jpg.rf.cafca859328302875d56e9570dd6c16d.jpg,640,640,1.0,640x640
rls_test_IMG20201109165005_00_jpg.rf.a21eb6ed8858ae2168373266fcbb3999.jpg,640,640,1.0,640x640
rls_test_IMG20201109165110_00_jpg.rf.720c5f6d969f47dd7b01a3134c58362e.jpg,640,640,1.0,640x640
rls_test_IMG20201109165221_00_jpg.rf.c666df1e56aa99d7dc35b46a38243a84.jpg,640,640,1.0,640x640
rls_test_IMG20201109165257_00_jpg.rf.74514452ed4da5797221e9ea55082286.jpg,640,640,1.0,640x640
rls_test_IMG20201109165338_00_jpg.rf.3d52203d533fb1b8cbb6c55c8828b9d8.jpg,640,640,1.0,640x640
rls_test_IMG20201109165440_00_jpg.rf.579049a3e6f8cc0f7ac51e9aec9c4209.jpg,640,640,1.0,640x640
rls_test_IMG20201109165455_00_jpg.rf.c8ee2abf416d4ca7e9f51fdb778eff63.jpg,640,640,1.0,640x640
rls_test_IMG20201109165613_00_jpg.rf.dbfab0f94fe29afcbe6a29dfba9d589a.jpg,640,640,1.0,640x640
rls_test_IMG20201109165658_00_jpg.rf.25306ced2400f0201bd3399b243bee86.jpg,640,640,1.0,640x640
rls_test_IMG20201109165902_00_jpg.rf.69eac6c662348b4a52aee57822fd4f2d.jpg,640,640,1.0,640x640
rls_test_IMG20201109181955_00_jpg.rf.6432f877c9cc46b521dec1d61bb01688.jpg,640,640,1.0,640x640
rls_test_IMG20201109182258_00_jpg.rf.20163ae7abd35f56a54ab3f6a51a482a.jpg,640,640,1.0,640x640
rls_test_IMG20201109182451_00_jpg.rf.f5dd6987d0426939dc8659223dc784c1.jpg,640,640,1.0,640x640
rls_test_IMG20201109184702_00_jpg.rf.c648e4224a16ee5ad81c205b1cc172fc.jpg,640,640,1.0,640x640
rls_test_IMG20201109184705_00_jpg.rf.cabb936c5138926ddd00fc56477a2120.jpg,640,640,1.0,640x640
rls_test_IMG20201109184812_00_jpg.rf.a15ad0b813b0dfe321ce859b2aa427d6.jpg,640,640,1.0,640x640
rls_test_IMG20201109184852_00_jpg.rf.6270f7b09e2233cf9f0ea427ec5a7226.jpg,640,640,1.0,640x640
rls_test_IMG20201109185202_00_jpg.rf.07470847b6bb92a8af945b0de0f44d7e.jpg,640,640,1.0,640x640
rls_test_IMG20201109185212_00_jpg.rf.a08d8b07e2eb23ed708d9c42dd48a14f.jpg,640,640,1.0,640x640
rls_test_IMG_20231014_172146_jpg.rf.eaeba4f8ecc9154c57b2ec17aea1d5d6.jpg,640,640,1.0,640x640
rls_test_IMG_20231014_172531_jpg.rf.494da4da21a8061d6a7009b82cd3ac7a.jpg,640,640,1.0,640x640
rls_train_20231006_163255_jpg.rf.1b1bd08b8dabfd3d25ff0bef508f573f.jpg,640,640,1.0,640x640
rls_train_20231006_163255_jpg.rf.84e0eea6ea218cb5dd02ecebc09f2a77.jpg,640,640,1.0,640x640
rls_train_20231006_163255_jpg.rf.97433ff0a82cad13971f48d9c9ad5a46.jpg,640,640,1.0,640x640
rls_train_20231006_163746_jpg.rf.e4c6bfc46491cbb8d413510d4fe49ec3.jpg,640,640,1.0,640x640
rls_train_20231006_164208_jpg.rf.96c2f26eecc78961035a5ad1e2978d24.jpg,640,640,1.0,640x640
rls_train_20231006_164402_jpg.rf.675ecc2d43ab5fd04cc1f802844d2c50.jpg,640,640,1.0,640x640
rls_train_20231006_164402_jpg.rf.c790f46022ec9f97caab5e2e810f2bfb.jpg,640,640,1.0,640x640
rls_train_20231006_165233_jpg.rf.5475c49fe3bcd3f1bfecdd9a2eb1310f.jpg,640,640,1.0,640x640
rls_train_20231006_165233_jpg.rf.5abafe6c267f855d834b5f6de4f4120d.jpg,640,640,1.0,640x640
rls_train_20231006_165344_jpg.rf.13c30800bcc62aa2ed1968a68f0a379b.jpg,640,640,1.0,640x640
rls_train_20231006_165344_jpg.rf.401ccb9f484e989acefa1bf27ecf3155.jpg,640,640,1.0,640x640
rls_train_20231006_165345_jpg.rf.705dd979fb236c2f17968da77c5d5c80.jpg,640,640,1.0,640x640
rls_train_20231006_165345_jpg.rf.aae6f1458dbfd014902b27bf341f75f7.jpg,640,640,1.0,640x640
rls_train_20231006_165345_jpg.rf.dc85141867c37802472114d88051fcf6.jpg,640,640,1.0,640x640
rls_train_20231006_165350_jpg.rf.7db4b1594c8a829b36400dac3c5d277f.jpg,640,640,1.0,640x640
rls_train_20231006_165350_jpg.rf.8794952eb65ce77b175fa70bc4fffde8.jpg,640,640,1.0,640x640
rls_train_20231006_165350_jpg.rf.942238dc52f356cc8ec757f096f3a063.jpg,640,640,1.0,640x640
rls_train_20231006_165517-0-_jpg.rf.9094f6de6915e91f5a7f1db4264b619f.jpg,640,640,1.0,640x640
rls_train_20231006_165517-0-_jpg.rf.fe806cd7a9ba606f35d4fda5b8d3d232.jpg,640,640,1.0,640x640
rls_train_20231006_165550_jpg.rf.251c07c5f31223bf8bba7bd108345f3c.jpg,640,640,1.0,640x640
rls_train_20231006_165550_jpg.rf.99b35588b865df8c9cb19463e07185b0.jpg,640,640,1.0,640x640
rls_train_20231006_165551_jpg.rf.141e2b89c133d63e93127722ed1d17e4.jpg,640,640,1.0,640x640
rls_train_20231006_165551_jpg.rf.c410da33170e7cae2c87a5b856dd8af3.jpg,640,640,1.0,640x640
rls_train_20231006_165551_jpg.rf.eef27a5903aa9ffaf1f604fbd6592a47.jpg,640,640,1.0,640x640
rls_train_20231006_165615_jpg.rf.141a86d8c8de2bff1c37f2350b16c556.jpg,640,640,1.0,640x640
rls_train_20231006_165616_jpg.rf.1e11248b4337d556e521607e817a9cf5.jpg,640,640,1.0,640x640
rls_train_20231006_165616_jpg.rf.d58c3693cff88a4596fc33832600e9ab.jpg,640,640,1.0,640x640
rls_train_20231006_165800_jpg.rf.06e376b909a4821a38316ececcfd7d2c.jpg,640,640,1.0,640x640
rls_train_20231006_170252-0-_jpg.rf.6ab23738308440a84f2b54fbb4752fb2.jpg,640,640,1.0,640x640
rls_train_20231006_170252-0-_jpg.rf.87fd444fec05ce60fcce83a7479e7694.jpg,640,640,1.0,640x640
rls_train_20231006_170252_jpg.rf.e0f6cbd41c330dda38dfce1366856852.jpg,640,640,1.0,640x640
rls_train_20231006_170253-1-_jpg.rf.84b12ee5bdae4dc38f0e5493e49dc8ed.jpg,640,640,1.0,640x640
rls_train_20231006_170253-1-_jpg.rf.b043b45bcbcf5e0195cfe3713dd6a03e.jpg,640,640,1.0,640x640
rls_train_20231006_170253-2-_jpg.rf.9e89954c008ad7b19e95416eae258d9e.jpg,640,640,1.0,640x640
rls_train_20231006_170253-2-_jpg.rf.d25611dc0643c8a47ccd41b8c849cd99.jpg,640,640,1.0,640x640
rls_train_20231006_170253-2-_jpg.rf.ecd4216054acbe7fbf8d23c88825ac51.jpg,640,640,1.0,640x640
rls_train_20231006_170253_jpg.rf.b632ec338ff2fc2118c40cbe4ca1851f.jpg,640,640,1.0,640x640
rls_train_aug_0_0_jpg.rf.582a725235c5534cfbbfbe85354e0be0.jpg,640,640,1.0,640x640
rls_train_aug_0_0_jpg.rf.7916ea502351f36e89a818d58fec399f.jpg,640,640,1.0,640x640
rls_train_aug_0_0_jpg.rf.a5edc25938214beef30278c9a91d5eae.jpg,640,640,1.0,640x640
rls_train_aug_0_0_jpg.rf.e1e06dfd554f71ea420f49aff944f9a3.jpg,640,640,1.0,640x640
rls_train_aug_0_0_jpg.rf.fb319d21780aba7f6d2259f76ec75b60.jpg,640,640,1.0,640x640
rls_train_aug_0_1004_jpg.rf.1cefcc27e9860622984788755413cb0d.jpg,640,640,1.0,640x640
rls_train_aug_0_1004_jpg.rf.691adbedc78bdaedea8c3a490755b5c4.jpg,640,640,1.0,640x640
rls_train_aug_0_1004_jpg.rf.6965f5f75443689bad83df5f0859e194.jpg,640,640,1.0,640x640
rls_train_aug_0_1004_jpg.rf.7f39766756dd8cba42d89186d94b0858.jpg,640,640,1.0,640x640
rls_train_aug_0_1004_jpg.rf.857ebe38bb340086cb01d8e724baebba.jpg,640,640,1.0,640x640
rls_train_aug_0_1006_jpg.rf.1c78659c7d60e4cca4236c60dd1d7cff.jpg,640,640,1.0,640x640
rls_train_aug_0_1006_jpg.rf.dbb16b8fd13e5040ee56506cd5a5cd0e.jpg,640,640,1.0,640x640
rls_train_aug_0_1010_jpg.rf.13e7b566bbf1e5b86a942e7a2592d047.jpg,640,640,1.0,640x640
rls_train_aug_0_1010_jpg.rf.5cf370bf8b4a964512aba7cfa709d51f.jpg,640,640,1.0,640x640
rls_train_aug_0_1010_jpg.rf.636e4c2da2f1e3c624e32357a9298fa6.jpg,640,640,1.0,640x640
rls_train_aug_0_1016_jpg.rf.5550d7deb722681e81049fb7ca3f254d.jpg,640,640,1.0,640x640
rls_train_aug_0_1016_jpg.rf.77288805ffe5827104508bd3f8551222.jpg,640,640,1.0,640x640
rls_train_aug_0_1016_jpg.rf.933bf9fc443410b5615c75b9f55522e1.jpg,640,640,1.0,640x640
rls_train_aug_0_1018_jpg.rf.258839fb517f191c33bde253453d862c.jpg,640,640,1.0,640x640
rls_train_aug_0_1018_jpg.rf.50ac7c2873142fdfab47179e4323f805.jpg,640,640,1.0,640x640
rls_train_aug_0_1018_jpg.rf.a49a7cf6608ad0a5eeead549a1736370.jpg,640,640,1.0,640x640
rls_train_aug_0_1018_jpg.rf.a569b503d86582911bbbd940148f3412.jpg,640,640,1.0,640x640
rls_train_aug_0_1018_jpg.rf.d008a7a4a07f73e030038a821c8dfb32.jpg,640,640,1.0,640x640
rls_train_aug_0_101_jpg.rf.192de6fc28d7c85f0c54b47f39a1b64b.jpg,640,640,1.0,640x640
rls_train_aug_0_101_jpg.rf.2082cd6415ec2001dc901eab7b7c0bf3.jpg,640,640,1.0,640x640
rls_train_aug_0_101_jpg.rf.da7c9ffe832ab104e60a0c5636d98f79.jpg,640,640,1.0,640x640
rls_train_aug_0_1026_jpg.rf.2628f0758c96cdf4de5f02e88078b2d5.jpg,640,640,1.0,640x640
rls_train_aug_0_1026_jpg.rf.b4c98fdd25bee7c31da526ff7f59c925.jpg,640,640,1.0,640x640
rls_train_aug_0_1027_jpg.rf.a7e08753358552ccbc02006d958e2a22.jpg,640,640,1.0,640x640
rls_train_aug_0_1033_jpg.rf.163cfd9388c1ebeae3f87e13e94e617a.jpg,640,640,1.0,640x640
rls_train_aug_0_1033_jpg.rf.26235d2cf26e3bb1a0ebe215c4f5512c.jpg,640,640,1.0,640x640
rls_train_aug_0_1033_jpg.rf.886021300f69ed3d763be9e093013e5f.jpg,640,640,1.0,640x640
rls_train_aug_0_1034_jpg.rf.9240b5c618a898d021afa4e4469854fd.jpg,640,640,1.0,640x640
rls_train_aug_0_1036_jpg.rf.0f6562609e00990e09210241cda8805a.jpg,640,640,1.0,640x640
rls_train_aug_0_1039_jpg.rf.a4e4df297b5c79ff9191102064e76e0d.jpg,640,640,1.0,640x640
rls_train_aug_0_1039_jpg.rf.b7ea9bfd495146f88fd3d37bd3d30037.jpg,640,640,1.0,640x640
rls_train_aug_0_1040_jpg.rf.141277d78e1ebf03ef90702fa9118364.jpg,640,640,1.0,640x640
rls_train_aug_0_1045_jpg.rf.84e9981a5dc73722f9b40711ce7b141a.jpg,640,640,1.0,640x640
rls_train_aug_0_1055_jpg.rf.aaff03c498bb5ac5aded8f93e6b96c00.jpg,640,640,1.0,640x640
rls_train_aug_0_1055_jpg.rf.dcbcbf3739ea751c062ba38fc4cb5aff.jpg,640,640,1.0,640x640
rls_train_aug_0_1055_jpg.rf.df264af89c781931ce561912f9f18a3a.jpg,640,640,1.0,640x640
rls_train_aug_0_1056_jpg.rf.8617627c960b67f41057966a47523a86.jpg,640,640,1.0,640x640
rls_train_aug_0_1060_jpg.rf.877bfcbb57b337a489edb43c502742ae.jpg,640,640,1.0,640x640
rls_train_aug_0_1067_jpg.rf.5825a583a0b032373287ab129b0b253d.jpg,640,640,1.0,640x640
rls_train_aug_0_1068_jpg.rf.5657c527e1fabebc5f78c154cc3b67e3.jpg,640,640,1.0,640x640
rls_train_aug_0_1073_jpg.rf.6edf52b3b8bcbed5bfd407149eb871e2.jpg,640,640,1.0,640x640
rls_train_aug_0_1073_jpg.rf.93a0a86dfdeba724cd7086ab4b4ba8ae.jpg,640,640,1.0,640x640
rls_train_aug_0_1074_jpg.rf.eac23ebc3e002aac1ce72fa560f9b646.jpg,640,640,1.0,640x640
rls_train_aug_0_1074_jpg.rf.f02c465b4a4256c2ac1fa1201ef2179d.jpg,640,640,1.0,640x640
rls_train_aug_0_1078_jpg.rf.0389a937970cd0f360f75487a149fab5.jpg,640,640,1.0,640x640
rls_train_aug_0_1078_jpg.rf.e763df0645ce8c3c23f7d1e41e3859d1.jpg,640,640,1.0,640x640
rls_train_aug_0_107_jpg.rf.94c606e927cad6456761b30ce0dfe287.jpg,640,640,1.0,640x640
rls_train_aug_0_107_jpg.rf.d24cfeba48df7c3618a676bc4e9aacf9.jpg,640,640,1.0,640x640
rls_train_aug_0_107_jpg.rf.e49cefafbaa67b3ef2070d9ff1481287.jpg,640,640,1.0,640x640
rls_train_aug_0_107_jpg.rf.e95a89299f4530441c6e08aea2e4e91b.jpg,640,640,1.0,640x640
rls_train_aug_0_1081_jpg.rf.7b05fb7e2c072f53ac319722a59ce748.jpg,640,640,1.0,640x640
rls_train_aug_0_1081_jpg.rf.86e2e2d7155514a7441c41229ab3f1c2.jpg,640,640,1.0,640x640
rls_train_aug_0_1082_jpg.rf.02ae95bb6eb6a92faec02a367fbce4c7.jpg,640,640,1.0,640x640
rls_train_aug_0_1082_jpg.rf.e58da0fd5b0ab027564224182b584534.jpg,640,640,1.0,640x640
rls_train_aug_0_1092_jpg.rf.83b11ddd44f46db1b09106d5bcffb0b7.jpg,640,640,1.0,640x640
rls_train_aug_0_110_jpg.rf.74f825554c1778e9491a49d4b882c58b.jpg,640,640,1.0,640x640
rls_train_aug_0_110_jpg.rf.bd71ea293e060a4bf5095a5f68c2d301.jpg,640,640,1.0,640x640
rls_train_aug_0_110_jpg.rf.e1db9129c75dbb552286a58c6a464d01.jpg,640,640,1.0,640x640
rls_train_aug_0_1110_jpg.rf.3c8a4478dc9448a1ab9e3ccb61ffb592.jpg,640,640,1.0,640x640
rls_train_aug_0_1110_jpg.rf.976bf7376347c08e94d08f38909158fb.jpg,640,640,1.0,640x640
rls_train_aug_0_1110_jpg.rf.c930a2e82c639e4bfc6f66768ff45362.jpg,640,640,1.0,640x640
rls_train_aug_0_1110_jpg.rf.d74b08401977e37c8df6e1fd09f49c90.jpg,640,640,1.0,640x640
rls_train_aug_0_1118_jpg.rf.3e1aad5e993267b3ab0f4a683ac35c39.jpg,640,640,1.0,640x640
rls_train_aug_0_1118_jpg.rf.b5de6c155a67b4037b8438f462d468ed.jpg,640,640,1.0,640x640
rls_train_aug_0_1121_jpg.rf.24b028032227a10e1b6af6f17efd13d4.jpg,640,640,1.0,640x640
rls_train_aug_0_1121_jpg.rf.2ba8ee910b586ec2aa836cf82fa7c134.jpg,640,640,1.0,640x640
rls_train_aug_0_1128_jpg.rf.649557e74908d6e08b1960494bcdd524.jpg,640,640,1.0,640x640
rls_train_aug_0_1128_jpg.rf.ccc0541668fcf3fc18000049eac0721e.jpg,640,640,1.0,640x640
rls_train_aug_0_1149_jpg.rf.0b6f3f86c6115beba83e9b1db5afab67.jpg,640,640,1.0,640x640
rls_train_aug_0_114_jpg.rf.1dd31adab545684af985ddf0210661ca.jpg,640,640,1.0,640x640
rls_train_aug_0_114_jpg.rf.5d881c65dc278e746a20654378ff822d.jpg,640,640,1.0,640x640
rls_train_aug_0_1153_jpg.rf.6106c4758244c162e5d6ef2d71fbc1f8.jpg,640,640,1.0,640x640
rls_train_aug_0_1153_jpg.rf.97fabaa5468afcd81bd31eb90dc5a602.jpg,640,640,1.0,640x640
rls_train_aug_0_1154_jpg.rf.1defbab0e5338d69dde1f883656d30d7.jpg,640,640,1.0,640x640
rls_train_aug_0_1154_jpg.rf.315830ac7c3fed8bb0fd2aa9426f3f97.jpg,640,640,1.0,640x640
rls_train_aug_0_1154_jpg.rf.344a9047fe5ee0e11d14cce85200c634.jpg,640,640,1.0,640x640
rls_train_aug_0_1154_jpg.rf.6d8643f9a964e4d8742c997584a287c7.jpg,640,640,1.0,640x640
rls_train_aug_0_1154_jpg.rf.957fffc9c2407feb7b6aa794f2463adc.jpg,640,640,1.0,640x640
rls_train_aug_0_1154_jpg.rf.be1d0331f9e300498bb43eff88b7fbf4.jpg,640,640,1.0,640x640
rls_train_aug_0_1159_jpg.rf.9dbec5aec4b63586b9982ead6a72502d.jpg,640,640,1.0,640x640
rls_train_aug_0_1159_jpg.rf.ee6a7134f7f6971c5937f00db51ff1b7.jpg,640,640,1.0,640x640
rls_train_aug_0_115_jpg.rf.29d0acc33bcd827c623e383117c0aaf4.jpg,640,640,1.0,640x640
rls_train_aug_0_115_jpg.rf.9a7a648694e295e55b85402632a4f937.jpg,640,640,1.0,640x640
rls_train_aug_0_1160_jpg.rf.cb5c257db58dc4ef6c40ce549b0838a0.jpg,640,640,1.0,640x640
rls_train_aug_0_1162_jpg.rf.033001595a0985c420804e4a2a1ad797.jpg,640,640,1.0,640x640
rls_train_aug_0_1162_jpg.rf.a5e7c0fd7310675cc125dbfe806471ad.jpg,640,640,1.0,640x640
rls_train_aug_0_1162_jpg.rf.bc64d559f0b5f4dc6616d0a36df62061.jpg,640,640,1.0,640x640
rls_train_aug_0_1163_jpg.rf.1aaf60a2ee328f1aa359f78c1e079b56.jpg,640,640,1.0,640x640
rls_train_aug_0_1163_jpg.rf.2a9e5b2fa045146b8ac7266d66a97546.jpg,640,640,1.0,640x640
rls_train_aug_0_1164_jpg.rf.e83c83ac15805d54736d3e55ad173cb4.jpg,640,640,1.0,640x640
rls_train_aug_0_1167_jpg.rf.43a2c51dcb17ea18ff3b57b261ce922e.jpg,640,640,1.0,640x640
rls_train_aug_0_1167_jpg.rf.79e3c9bb6c680365d7164e3dc36c16a3.jpg,640,640,1.0,640x640
rls_train_aug_0_1167_jpg.rf.95354dba9c08004530edf56c7dd1a554.jpg,640,640,1.0,640x640
rls_train_aug_0_1172_jpg.rf.3e3623069239019930d379002f4261fe.jpg,640,640,1.0,640x640
rls_train_aug_0_1172_jpg.rf.6f63ae60b327c9e7413351272d310b47.jpg,640,640,1.0,640x640
rls_train_aug_0_1172_jpg.rf.90c287a7ffe32f8a42095b6dc7fd1c2d.jpg,640,640,1.0,640x640
rls_train_aug_0_1172_jpg.rf.dc01c74b4d9091de2dbfa28888ec7556.jpg,640,640,1.0,640x640
rls_train_aug_0_1179_jpg.rf.461dd2430b9dd58526458596c8453d13.jpg,640,640,1.0,640x640
rls_train_aug_0_1179_jpg.rf.9030d8f548473e317f97c92c2a8ac6e9.jpg,640,640,1.0,640x640
rls_train_aug_0_117_jpg.rf.373e62caed8a7f6036a83158c68f2a16.jpg,640,640,1.0,640x640
rls_train_aug_0_117_jpg.rf.47833cc118ebcdbaa3380f7d2c798f95.jpg,640,640,1.0,640x640
rls_train_aug_0_117_jpg.rf.5a150b4c4ef55639c6cd5fba446af5e5.jpg,640,640,1.0,640x640
rls_train_aug_0_117_jpg.rf.c7c24f3dadbe9cfd0c84590b4bd780b5.jpg,640,640,1.0,640x640
rls_train_aug_0_1180_jpg.rf.2a9752fe4af292f3c2e782ae15bc1e9d.jpg,640,640,1.0,640x640
rls_train_aug_0_1180_jpg.rf.72371a23309415cc22790dbfd7dc0a96.jpg,640,640,1.0,640x640
rls_train_aug_0_1181_jpg.rf.ac2aad40bf12e12ac56f8bf102f0dc71.jpg,640,640,1.0,640x640
rls_train_aug_0_1181_jpg.rf.ba107cbf17660ca2cd90d9fd7834d92f.jpg,640,640,1.0,640x640
rls_train_aug_0_1187_jpg.rf.23d165ab49f4df1ea7410d98b7f843ff.jpg,640,640,1.0,640x640
rls_train_aug_0_1187_jpg.rf.5c6ee1fd7d7bd052c6ebb19e005fe0c4.jpg,640,640,1.0,640x640
rls_train_aug_0_1187_jpg.rf.61195013cdb351a1417c65099de15236.jpg,640,640,1.0,640x640
rls_train_aug_0_1187_jpg.rf.64c62d97eacf7c20838dcd9c06626692.jpg,640,640,1.0,640x640
rls_train_aug_0_1187_jpg.rf.cf3f25c4fa6536d183a2f44bc5511e1f.jpg,640,640,1.0,640x640
rls_train_aug_0_1189_jpg.rf.db86a332298a33b51695a14de44cf086.jpg,640,640,1.0,640x640
rls_train_aug_0_1189_jpg.rf.dfe2159bb39348110515d101e0891d3c.jpg,640,640,1.0,640x640
rls_train_aug_0_1193_jpg.rf.a73e59cf2b84244a85e6d62e5c81ea19.jpg,640,640,1.0,640x640
rls_train_aug_0_1193_jpg.rf.b0a4c6ff2649d007082e239de15f6014.jpg,640,640,1.0,640x640
rls_train_aug_0_1198_jpg.rf.3091531a8b0e4bae632336152547ec06.jpg,640,640,1.0,640x640
rls_train_aug_0_1198_jpg.rf.4bf5085b72bdb5e7f7b2c585969d21dd.jpg,640,640,1.0,640x640
rls_train_aug_0_1198_jpg.rf.8229b64ea72f00df44fd05541d7030fa.jpg,640,640,1.0,640x640
rls_train_aug_0_1200_jpg.rf.256857e06d3f14d228d8731048ea3d39.jpg,640,640,1.0,640x640
rls_train_aug_0_1200_jpg.rf.760950d3e1cca310060b813098c525e8.jpg,640,640,1.0,640x640
rls_train_aug_0_1202_jpg.rf.3728150925faa415c283bd5a6f28c45e.jpg,640,640,1.0,640x640
rls_train_aug_0_1202_jpg.rf.6911e66a56790763b16811df57b37559.jpg,640,640,1.0,640x640
rls_train_aug_0_1203_jpg.rf.3ac5b5e43440c18ceb943e39b61cb277.jpg,640,640,1.0,640x640
rls_train_aug_0_1203_jpg.rf.ab1ac3d9d461aa814cb68e2fdf01f734.jpg,640,640,1.0,640x640
rls_train_aug_0_1204_jpg.rf.aacaaae1d470174ab4c7e8cca431cee7.jpg,640,640,1.0,640x640
rls_train_aug_0_1205_jpg.rf.33a73b18d7d8d9753954bb2420bff89f.jpg,640,640,1.0,640x640
rls_train_aug_0_1205_jpg.rf.b069d9c1930492e92dc4cc7d27c8a0d5.jpg,640,640,1.0,640x640
rls_train_aug_0_120_jpg.rf.573612e6641e3578aaf2dc9726d55b96.jpg,640,640,1.0,640x640
rls_train_aug_0_120_jpg.rf.c3b018e012fea37007b8b13d06b80b13.jpg,640,640,1.0,640x640
rls_train_aug_0_1222_jpg.rf.3b80a423fb8ab033fa335195c109f821.jpg,640,640,1.0,640x640
rls_train_aug_0_1222_jpg.rf.78eb5b1ed9008b0682b7a5324965e852.jpg,640,640,1.0,640x640
rls_train_aug_0_1222_jpg.rf.c68a1dced7ebecf05901197d89e236f3.jpg,640,640,1.0,640x640
rls_train_aug_0_1223_jpg.rf.cc8c9b1a6cd8c2872991406c16ad85f3.jpg,640,640,1.0,640x640
rls_train_aug_0_1223_jpg.rf.e733227ea3666a64f64e17751062b4db.jpg,640,640,1.0,640x640
rls_train_aug_0_1225_jpg.rf.231586438020ed4d199d2d4ba1bc0bac.jpg,640,640,1.0,640x640
rls_train_aug_0_1225_jpg.rf.71d4113352d4011dbc4351bacfb1a5c1.jpg,640,640,1.0,640x640
rls_train_aug_0_1225_jpg.rf.8ee922631e680c8b751f9e2d627f4e8b.jpg,640,640,1.0,640x640
rls_train_aug_0_1226_jpg.rf.1f74a0bd7fab4705bc86ff460a77b1ea.jpg,640,640,1.0,640x640
rls_train_aug_0_1226_jpg.rf.3aced64caeb133566c94a3cdc321123c.jpg,640,640,1.0,640x640
rls_train_aug_0_1226_jpg.rf.56df1aefdc9d9a7e45aab0e885ff8220.jpg,640,640,1.0,640x640
rls_train_aug_0_1226_jpg.rf.95c8d7a49b3922d2cd04a8e408f57374.jpg,640,640,1.0,640x640
rls_train_aug_0_122_jpg.rf.372b9de8801b79b1f67deacce1c82bb3.jpg,640,640,1.0,640x640
rls_train_aug_0_122_jpg.rf.f2c49241fd7cdf69a91d17504383afda.jpg,640,640,1.0,640x640
rls_train_aug_0_1234_jpg.rf.6a369713ae2feec6dee9eb7eb2fcd0f7.jpg,640,640,1.0,640x640
rls_train_aug_0_1234_jpg.rf.e3e51f733cc26052962368dd1c8858b8.jpg,640,640,1.0,640x640
rls_train_aug_0_1236_jpg.rf.5fe6173853c62b85fc2df49f9240d6aa.jpg,640,640,1.0,640x640
rls_train_aug_0_1236_jpg.rf.8dc72364a959042c4841087da3600cba.jpg,640,640,1.0,640x640
rls_train_aug_0_1237_jpg.rf.1904212a34fa91411cf8ef3b033ccd54.jpg,640,640,1.0,640x640
rls_train_aug_0_1237_jpg.rf.6b8f3c85e9109b29eee7ec8d762f515c.jpg,640,640,1.0,640x640
rls_train_aug_0_1237_jpg.rf.e0923584458e9bd72da8d6d036619486.jpg,640,640,1.0,640x640
rls_train_aug_0_1238_jpg.rf.15217e6a1a178279bd841011a017d7a0.jpg,640,640,1.0,640x640
rls_train_aug_0_1238_jpg.rf.158f352e6fec62e80a5377ab7a3a40bd.jpg,640,640,1.0,640x640
rls_train_aug_0_1238_jpg.rf.7b588bf04453ab71668a67f4af903a11.jpg,640,640,1.0,640x640
rls_train_aug_0_1238_jpg.rf.efe3fe3f79be933197ca6eee379d2cd6.jpg,640,640,1.0,640x640
rls_train_aug_0_1239_jpg.rf.39cf5716187f95254ba3251868a7e540.jpg,640,640,1.0,640x640
rls_train_aug_0_123_jpg.rf.31c9d1dd916594250abf8d41d09bec77.jpg,640,640,1.0,640x640
rls_train_aug_0_123_jpg.rf.99a9ff3a1008ee611ed62e1964dfab0b.jpg,640,640,1.0,640x640
rls_train_aug_0_123_jpg.rf.a13a520c622507adc2a982a53d870c84.jpg,640,640,1.0,640x640
rls_train_aug_0_123_jpg.rf.ea2e5139d45614d7a7e3ded377768b92.jpg,640,640,1.0,640x640
rls_train_aug_0_1240_jpg.rf.6808accb75a406bb114c3fe63747d3ca.jpg,640,640,1.0,640x640
rls_train_aug_0_1240_jpg.rf.8a2a951ab40dccf845990c746acdd645.jpg,640,640,1.0,640x640
rls_train_aug_0_1240_jpg.rf.fe436c4673d4e5fa2b1ac5f9bb3985da.jpg,640,640,1.0,640x640
rls_train_aug_0_1242_jpg.rf.18e88ba25b4c1c8b8558ad42bbfe937b.jpg,640,640,1.0,640x640
rls_train_aug_0_1242_jpg.rf.ee8584acd1a7a5792b98c1d416f7e7bc.jpg,640,640,1.0,640x640
rls_train_aug_0_1243_jpg.rf.1673976425efbdf9c7ef97009b3f3f0a.jpg,640,640,1.0,640x640
rls_train_aug_0_1249_jpg.rf.44f08b40cc37a3c10128d5ec52dc482c.jpg,640,640,1.0,640x640
rls_train_aug_0_1249_jpg.rf.bcdb030d911be1be3886582f7d4e5b2e.jpg,640,640,1.0,640x640
rls_train_aug_0_1252_jpg.rf.51a0266ac46e10a6241b46fa446a2934.jpg,640,640,1.0,640x640
rls_train_aug_0_1252_jpg.rf.ca83c33f97a66a3f64c0d507dac16739.jpg,640,640,1.0,640x640
rls_train_aug_0_1252_jpg.rf.e09c0a357e47fb8e2d3ce8e7889c8987.jpg,640,640,1.0,640x640
rls_train_aug_0_1259_jpg.rf.0dc2405de8fe47a8fd91a52e00571780.jpg,640,640,1.0,640x640
rls_train_aug_0_1259_jpg.rf.f7442d78d64d6d8d67c985a2c01cda33.jpg,640,640,1.0,640x640
rls_train_aug_0_1264_jpg.rf.0158714220ab67c5adecfc7df35850d5.jpg,640,640,1.0,640x640
rls_train_aug_0_1264_jpg.rf.321ed4e5f99c3dca7fdc90ac607b4248.jpg,640,640,1.0,640x640
rls_train_aug_0_1264_jpg.rf.7b9779819c530dffa2295fa2a01a1d24.jpg,640,640,1.0,640x640
rls_train_aug_0_1265_jpg.rf.139e567677ab3c18c5e50c7995941e0f.jpg,640,640,1.0,640x640
rls_train_aug_0_1265_jpg.rf.1d426157faab5338949f7d7ef1750f3d.jpg,640,640,1.0,640x640
rls_train_aug_0_1265_jpg.rf.32137737c16789ce6845c9afc2cac035.jpg,640,640,1.0,640x640
rls_train_aug_0_1266_jpg.rf.582f04c5796c3e402d4b17bfb0cddbf0.jpg,640,640,1.0,640x640
rls_train_aug_0_1266_jpg.rf.f6663d303dac207b109ec15913a30bf5.jpg,640,640,1.0,640x640
rls_train_aug_0_1270_jpg.rf.0ba9096b4d722e2942d68361d4eb4864.jpg,640,640,1.0,640x640
rls_train_aug_0_1270_jpg.rf.af7f0747ac5e0afb898affd5b9042e50.jpg,640,640,1.0,640x640
rls_train_aug_0_1275_jpg.rf.8364c9c5e4d158d29c1380b34c5e9293.jpg,640,640,1.0,640x640
rls_train_aug_0_1275_jpg.rf.c8cea54e59de58a8bdadc7b55a56f631.jpg,640,640,1.0,640x640
rls_train_aug_0_1275_jpg.rf.d488ff0ba64ce3a608c1b04b226f28cc.jpg,640,640,1.0,640x640
rls_train_aug_0_1277_jpg.rf.4a2a77c6b597bdb7100227918d053163.jpg,640,640,1.0,640x640
rls_train_aug_0_1277_jpg.rf.607cba9b1ca8e265e022cdefa841833c.jpg,640,640,1.0,640x640
rls_train_aug_0_1277_jpg.rf.d1b4c94e1debe1dfc32a744dd9a05def.jpg,640,640,1.0,640x640
rls_train_aug_0_1280_jpg.rf.2859807f961c2b5786a7029d5efcd03e.jpg,640,640,1.0,640x640
rls_train_aug_0_1280_jpg.rf.3b7d9c0d54d8d6e07115fbc030996c57.jpg,640,640,1.0,640x640
rls_train_aug_0_1280_jpg.rf.b97d45b5f076fb64f4102cc05c00e81d.jpg,640,640,1.0,640x640
rls_train_aug_0_1280_jpg.rf.e5c1e0d040447fdd0ea9c1976f2ba71d.jpg,640,640,1.0,640x640
rls_train_aug_0_1292_jpg.rf.ecf151842f99709bb08431b8b918fe7a.jpg,640,640,1.0,640x640
rls_train_aug_0_129_jpg.rf.2f697d6399268ad79d35ee3d827aa468.jpg,640,640,1.0,640x640
rls_train_aug_0_129_jpg.rf.55d34ce51e271db3b851b6a733d9e353.jpg,640,640,1.0,640x640
rls_train_aug_0_129_jpg.rf.9d870a6feba0e31b38769e188cba303d.jpg,640,640,1.0,640x640
rls_train_aug_0_129_jpg.rf.ce47b430de53486934a6c16fe122b048.jpg,640,640,1.0,640x640
rls_train_aug_0_129_jpg.rf.e8094954c3ead96494d105f2db3a2668.jpg,640,640,1.0,640x640
rls_train_aug_0_1303_jpg.rf.3011799e63aded760538c07a4dfcd0c9.jpg,640,640,1.0,640x640
rls_train_aug_0_1303_jpg.rf.6c242ad37529b87b4a3561ac7c0ae740.jpg,640,640,1.0,640x640
rls_train_aug_0_1310_jpg.rf.647e1f4c6820e52ca12891c0a2d7dc83.jpg,640,640,1.0,640x640
rls_train_aug_0_1310_jpg.rf.fc03a34275d7dfda4476bbe913fd8102.jpg,640,640,1.0,640x640
rls_train_aug_0_1311_jpg.rf.aed309be0f7010215fb85d0ac089bc5e.jpg,640,640,1.0,640x640
rls_train_aug_0_1311_jpg.rf.eb569471f4da04c8b92f753cdd8017ee.jpg,640,640,1.0,640x640
rls_train_aug_0_1313_jpg.rf.649a5a2215294fd3ea0389669e12fa2a.jpg,640,640,1.0,640x640
rls_train_aug_0_1319_jpg.rf.fef91afeaccd0e0d570f29a7e4ad8629.jpg,640,640,1.0,640x640
rls_train_aug_0_1322_jpg.rf.769bf1e9a7de4cd92dd217493aac8b48.jpg,640,640,1.0,640x640
rls_train_aug_0_1322_jpg.rf.77a3df767e93794856a5805e6a6f8e8d.jpg,640,640,1.0,640x640
rls_train_aug_0_1322_jpg.rf.da9af2c10d2c4a8e4f8319a250b3186b.jpg,640,640,1.0,640x640
rls_train_aug_0_1338_jpg.rf.8a69ebc4e61b6ec47554310afb50d4b3.jpg,640,640,1.0,640x640
rls_train_aug_0_1338_jpg.rf.c16307ee09da9b8e2cc9821fbcc07d62.jpg,640,640,1.0,640x640
rls_train_aug_0_1342_jpg.rf.8fcfe53f8352950e79c8f5eb54d3e1be.jpg,640,640,1.0,640x640
rls_train_aug_0_1348_jpg.rf.4906751ac60565fc018ee1fd875d8c90.jpg,640,640,1.0,640x640
rls_train_aug_0_134_jpg.rf.3e9131606b0e892650317f4b92e2fd13.jpg,640,640,1.0,640x640
rls_train_aug_0_134_jpg.rf.7260926826c1b1b163183689e6454976.jpg,640,640,1.0,640x640
rls_train_aug_0_1351_jpg.rf.204671304491a01769721fa86b55fccc.jpg,640,640,1.0,640x640
rls_train_aug_0_1351_jpg.rf.7d0499f2c9e9ca7f1e34bb51e148ca1b.jpg,640,640,1.0,640x640
rls_train_aug_0_1353_jpg.rf.d63e733e1bacd6edfad5b73f003e8c49.jpg,640,640,1.0,640x640
rls_train_aug_0_1355_jpg.rf.6f8a81f0e13f4ec174a71ed876b8e282.jpg,640,640,1.0,640x640
rls_train_aug_0_1355_jpg.rf.e8ac840b732ffde57ea9ed11b7b7479b.jpg,640,640,1.0,640x640
rls_train_aug_0_1356_jpg.rf.669b3dd15f469b787af2d727076d4440.jpg,640,640,1.0,640x640
rls_train_aug_0_1356_jpg.rf.6ffc713571ab19f34a316d78e7e115c3.jpg,640,640,1.0,640x640
rls_train_aug_0_1357_jpg.rf.4a0da5e9a1200aed947f3537734e33ca.jpg,640,640,1.0,640x640
rls_train_aug_0_1357_jpg.rf.a77c4335f08740905beae6a1c76a26bb.jpg,640,640,1.0,640x640
rls_train_aug_0_1367_jpg.rf.fb0f05ca8466ab18553d9647eb6dea73.jpg,640,640,1.0,640x640
rls_train_aug_0_1369_jpg.rf.d4822d9713a862162db393ba454ecaa6.jpg,640,640,1.0,640x640
rls_train_aug_0_1372_jpg.rf.7c3eb0a18e7da832be3079a686d7f7b4.jpg,640,640,1.0,640x640
rls_train_aug_0_1373_jpg.rf.032ecb1f173d1482ca2335c755109116.jpg,640,640,1.0,640x640
rls_train_aug_0_1373_jpg.rf.80189fad8072bff8ddb5c164459c8ee2.jpg,640,640,1.0,640x640
rls_train_aug_0_1387_jpg.rf.8316d7370e40cf31bc56fbd57e49cbde.jpg,640,640,1.0,640x640
rls_train_aug_0_1387_jpg.rf.dc9027608b36a16704d4ab5d7766ef12.jpg,640,640,1.0,640x640
rls_train_aug_0_1390_jpg.rf.2b1eee8d038c17c24c24e112fc0eb1ff.jpg,640,640,1.0,640x640
rls_train_aug_0_1390_jpg.rf.8f97a1ea25572de6ecdcef45b10bf7fc.jpg,640,640,1.0,640x640
rls_train_aug_0_1390_jpg.rf.e8849e39955ae569548215faa2c5686c.jpg,640,640,1.0,640x640
rls_train_aug_0_1391_jpg.rf.510a386b2763680c00332c6cd39dc763.jpg,640,640,1.0,640x640
rls_train_aug_0_1391_jpg.rf.d2058bd3dbdcb4bff1523b26c498f2f1.jpg,640,640,1.0,640x640
rls_train_aug_0_1393_jpg.rf.27823239649a581da0ed30b3095f41a3.jpg,640,640,1.0,640x640
rls_train_aug_0_1393_jpg.rf.5d8202d20c369acec20e744cb35c2438.jpg,640,640,1.0,640x640
rls_train_aug_0_1396_jpg.rf.0bc56fa4348198018d62ff46045d5e7f.jpg,640,640,1.0,640x640
rls_train_aug_0_1396_jpg.rf.482bb1daaf6a91923351fe2abff3d7a0.jpg,640,640,1.0,640x640
rls_train_aug_0_1396_jpg.rf.5b7119ce347308f8d2b213fe66980431.jpg,640,640,1.0,640x640
rls_train_aug_0_1396_jpg.rf.79c6865ab2b6ac55389a8536ad585661.jpg,640,640,1.0,640x640
rls_train_aug_0_1396_jpg.rf.953003fe122c2f1fc65f440893aa310a.jpg,640,640,1.0,640x640
rls_train_aug_0_1397_jpg.rf.0f3b9076e44a94ff1336f83ae26edf93.jpg,640,640,1.0,640x640
rls_train_aug_0_1397_jpg.rf.d69c4a29814a72dc79e6885d3546ceff.jpg,640,640,1.0,640x640
rls_train_aug_0_1401_jpg.rf.259207f5a19f6bf4bef0694afb009bfd.jpg,640,640,1.0,640x640
rls_train_aug_0_1401_jpg.rf.69bbd5aec374a9a15efcf1c622bd3b98.jpg,640,640,1.0,640x640
rls_train_aug_0_1405_jpg.rf.1557753a5148b71985ceb96a2ab6bdd0.jpg,640,640,1.0,640x640
rls_train_aug_0_1405_jpg.rf.47efbda089cd0183ee246fff9f99efbe.jpg,640,640,1.0,640x640
rls_train_aug_0_1405_jpg.rf.4e2c15b7aacd1e61c9c545ed491165b8.jpg,640,640,1.0,640x640
rls_train_aug_0_1405_jpg.rf.5410f76f041fa42aca1a2a312dd53e3f.jpg,640,640,1.0,640x640
rls_train_aug_0_1405_jpg.rf.fd48a118c7118ec690fc7ae719789ef4.jpg,640,640,1.0,640x640
rls_train_aug_0_1409_jpg.rf.cd44bad820932105dc3e8da812bce185.jpg,640,640,1.0,640x640
rls_train_aug_0_1409_jpg.rf.f9378cebc48453f64525ba3ebca3fbe7.jpg,640,640,1.0,640x640
rls_train_aug_0_1411_jpg.rf.3ab9568eaff0c72d912bf40716971450.jpg,640,640,1.0,640x640
rls_train_aug_0_1411_jpg.rf.ecb8df9c07b61b594c8147b1e67d7685.jpg,640,640,1.0,640x640
rls_train_aug_0_1411_jpg.rf.edc6cd41f71015e53781bb923f9fefdc.jpg,640,640,1.0,640x640
rls_train_aug_0_1417_jpg.rf.50ba6e647a2b89c67cf71c06c8865bcd.jpg,640,640,1.0,640x640
rls_train_aug_0_1418_jpg.rf.945ebf890bc00786a50faad118b3209d.jpg,640,640,1.0,640x640
rls_train_aug_0_1419_jpg.rf.326b952eab022b8f2676efdeef5f9a7f.jpg,640,640,1.0,640x640
rls_train_aug_0_1419_jpg.rf.f84e4dc61f21df94ff48de03a4c2fb2e.jpg,640,640,1.0,640x640
rls_train_aug_0_141_jpg.rf.0eed8c5bffba050ffbbd68e36fb43683.jpg,640,640,1.0,640x640
rls_train_aug_0_141_jpg.rf.acc077022f61ceb3c44710ab4ef8526c.jpg,640,640,1.0,640x640
rls_train_aug_0_141_jpg.rf.d4346c06478dfc146cc4531381661b3c.jpg,640,640,1.0,640x640
rls_train_aug_0_1420_jpg.rf.b93e853ba00234e6ee3d32ccbb88dd16.jpg,640,640,1.0,640x640
rls_train_aug_0_1420_jpg.rf.d2f9a4043038616eef878f68990b14d8.jpg,640,640,1.0,640x640
rls_train_aug_0_1420_jpg.rf.e9c9c8f37657f96dd264ff6b2478890e.jpg,640,640,1.0,640x640
rls_train_aug_0_1421_jpg.rf.55a8e42bd164fe1261e31ca85539802a.jpg,640,640,1.0,640x640
rls_train_aug_0_1421_jpg.rf.7755ff8f3482a96426d8445ae2470475.jpg,640,640,1.0,640x640
rls_train_aug_0_1421_jpg.rf.7936a6b004673c0e495059c94f47e79f.jpg,640,640,1.0,640x640
rls_train_aug_0_1421_jpg.rf.fd53ecdd6b71df2ad0562c1327700dee.jpg,640,640,1.0,640x640
rls_train_aug_0_1422_jpg.rf.54bc20996bf2ed7941240199feb53110.jpg,640,640,1.0,640x640
rls_train_aug_0_1422_jpg.rf.f6a690363f7b4ed6f602744bb7757963.jpg,640,640,1.0,640x640
rls_train_aug_0_1427_jpg.rf.7056d32926b178525b426678162fcfe2.jpg,640,640,1.0,640x640
rls_train_aug_0_1430_jpg.rf.146f07d82cba0b55fae7ebd489aaa5cc.jpg,640,640,1.0,640x640
rls_train_aug_0_1431_jpg.rf.50e4a73d13242a052acfe820639eb4c1.jpg,640,640,1.0,640x640
rls_train_aug_0_1431_jpg.rf.f154bed8064bfe73d88dc7490eebdc7e.jpg,640,640,1.0,640x640
rls_train_aug_0_1435_jpg.rf.1adc68fbdc8a3edf4cb0ab72c4e72062.jpg,640,640,1.0,640x640
rls_train_aug_0_1435_jpg.rf.3817b1ad001c7c4a2a6a7c5c60933981.jpg,640,640,1.0,640x640
rls_train_aug_0_1436_jpg.rf.54cf0e2b238e9937b94438c135c38076.jpg,640,640,1.0,640x640
rls_train_aug_0_1436_jpg.rf.93d107c41fbea97be555419b3c747a19.jpg,640,640,1.0,640x640
rls_train_aug_0_1441_jpg.rf.8b80e2b0d68b1af7d42c74eb9f5a05b6.jpg,640,640,1.0,640x640
rls_train_aug_0_1442_jpg.rf.59042abb1656d617d4d9eef2d9f8e71c.jpg,640,640,1.0,640x640
rls_train_aug_0_1442_jpg.rf.a6ecefa774d007510ccdb91aab255923.jpg,640,640,1.0,640x640
rls_train_aug_0_1447_jpg.rf.d85a7b7a1aa67befc7e679407ea03832.jpg,640,640,1.0,640x640
rls_train_aug_0_1447_jpg.rf.ecf6018a5cd96735fc43f21ca2ce6906.jpg,640,640,1.0,640x640
rls_train_aug_0_1447_jpg.rf.ef0ed86b0498f6a8dd7b383862fb0cf3.jpg,640,640,1.0,640x640
rls_train_aug_0_1449_jpg.rf.563c8188d07a1652fc35c94fe410a043.jpg,640,640,1.0,640x640
rls_train_aug_0_144_jpg.rf.237ae7b5225a5140300d3b5e973639ac.jpg,640,640,1.0,640x640
rls_train_aug_0_144_jpg.rf.25c5e6eaef46a6ec745d982c30040798.jpg,640,640,1.0,640x640
rls_train_aug_0_144_jpg.rf.c41cc0a1ca2c5ac6dd2ac1955d5e3625.jpg,640,640,1.0,640x640
rls_train_aug_0_1450_jpg.rf.b19bf97c55f19979bcf3c9657b2ebadf.jpg,640,640,1.0,640x640
rls_train_aug_0_1450_jpg.rf.e9aae9a19e2645bcb06db53b8de01946.jpg,640,640,1.0,640x640
rls_train_aug_0_1452_jpg.rf.aeac8d18e568494e3d39426d334d909d.jpg,640,640,1.0,640x640
rls_train_aug_0_1452_jpg.rf.e387d0575f601bc909c22740ae8f5f0d.jpg,640,640,1.0,640x640
rls_train_aug_0_1455_jpg.rf.5fdfd0fe011aaabeb08ffb7454b07415.jpg,640,640,1.0,640x640
rls_train_aug_0_1455_jpg.rf.a1771bf54e46909c852cb46f5047f247.jpg,640,640,1.0,640x640
rls_train_aug_0_1455_jpg.rf.cd370e4c7382cd2a79a675f986649806.jpg,640,640,1.0,640x640
rls_train_aug_0_1458_jpg.rf.4fdf9bc41944295fce6682608d1e661f.jpg,640,640,1.0,640x640
rls_train_aug_0_1458_jpg.rf.68412893b0883ec3ff94f103313fec06.jpg,640,640,1.0,640x640
rls_train_aug_0_145_jpg.rf.48d0b87abf21525b87d31bc7aa4a53fe.jpg,640,640,1.0,640x640
rls_train_aug_0_145_jpg.rf.7a2797c5b6c6e168c52c300d6e96b47b.jpg,640,640,1.0,640x640
rls_train_aug_0_1465_jpg.rf.61a2b4ac465f99f233feb4459c4f70ec.jpg,640,640,1.0,640x640
rls_train_aug_0_1466_jpg.rf.40105a36d5b89ade9db70d42e0fda582.jpg,640,640,1.0,640x640
rls_train_aug_0_1466_jpg.rf.403a80160877a7969d285e3e17b5a99d.jpg,640,640,1.0,640x640
rls_train_aug_0_1466_jpg.rf.409fa15a9678e509fa7a11cd3eaf901c.jpg,640,640,1.0,640x640
rls_train_aug_0_146_jpg.rf.8769d42d2d41917e2e7fc0ded1b953df.jpg,640,640,1.0,640x640
rls_train_aug_0_146_jpg.rf.a177f7b73c0a0bb93d8e9b01e6fc16c7.jpg,640,640,1.0,640x640
rls_train_aug_0_1482_jpg.rf.1f08cf811d89e8c54e04db28c60310d9.jpg,640,640,1.0,640x640
rls_train_aug_0_1482_jpg.rf.6e051f971233cd8da88e3add6d72b768.jpg,640,640,1.0,640x640
rls_train_aug_0_1489_jpg.rf.165b58cb3f4f7373c3bfc8da027b7422.jpg,640,640,1.0,640x640
rls_train_aug_0_1489_jpg.rf.6f5705f9273aa46ce094db8c68c5ffbf.jpg,640,640,1.0,640x640
rls_train_aug_0_1489_jpg.rf.924d0c16af8c8957553d12e0dd8fc7f1.jpg,640,640,1.0,640x640
rls_train_aug_0_1489_jpg.rf.e6201cf374d64255d8b39a2ee672eed7.jpg,640,640,1.0,640x640
rls_train_aug_0_148_jpg.rf.1135b8119e249f34a3e6976c413d1f9c.jpg,640,640,1.0,640x640
rls_train_aug_0_1494_jpg.rf.3900aae942df8e009617122656c86ebc.jpg,640,640,1.0,640x640
rls_train_aug_0_1494_jpg.rf.633160c46a195724613bc1620a4d3d4a.jpg,640,640,1.0,640x640
rls_train_aug_0_1494_jpg.rf.e2c10de349f34520952dd49b3f92ee45.jpg,640,640,1.0,640x640
rls_train_aug_0_1512_jpg.rf.2a088f8da73c01bb6123e860c9550aea.jpg,640,640,1.0,640x640
rls_train_aug_0_1512_jpg.rf.3a7f9e6e8676da1308ca02a90f33d801.jpg,640,640,1.0,640x640
rls_train_aug_0_1512_jpg.rf.479aa2ca094dcb7bebfed3c995954668.jpg,640,640,1.0,640x640
rls_train_aug_0_1518_jpg.rf.5f23fc726fa70b19a037b503245a084b.jpg,640,640,1.0,640x640
rls_train_aug_0_1518_jpg.rf.ba6a7df475d16b5f7b86843a380d8ff1.jpg,640,640,1.0,640x640
rls_train_aug_0_1518_jpg.rf.f27501223bdc879a019fca9e28b8d16d.jpg,640,640,1.0,640x640
rls_train_aug_0_151_jpg.rf.13024bf72946e9a3a09cbe73b4661977.jpg,640,640,1.0,640x640
rls_train_aug_0_151_jpg.rf.74095b38be36221feb16e3ba0f7de136.jpg,640,640,1.0,640x640
rls_train_aug_0_1520_jpg.rf.48ac20ae602bf6c20c218c43b789a72f.jpg,640,640,1.0,640x640
rls_train_aug_0_1520_jpg.rf.5a5ff9a7733be98ecee1b92468eb9b2d.jpg,640,640,1.0,640x640
rls_train_aug_0_1520_jpg.rf.7c68ae9c0d5103814bdf281aaeade189.jpg,640,640,1.0,640x640
rls_train_aug_0_1524_jpg.rf.0a4d79f92a76569a26bc482917badd64.jpg,640,640,1.0,640x640
rls_train_aug_0_1524_jpg.rf.9aee916e2c7c8e61ed6056d4ca3b9d00.jpg,640,640,1.0,640x640
rls_train_aug_0_152_jpg.rf.78d4f34bab65ad70ff7ec6a616611f1a.jpg,640,640,1.0,640x640
rls_train_aug_0_152_jpg.rf.abd5a13913f60925ad4fda7f78090a09.jpg,640,640,1.0,640x640
rls_train_aug_0_1533_jpg.rf.3ba8e5323817e5aecb2bd975f006c423.jpg,640,640,1.0,640x640
rls_train_aug_0_1533_jpg.rf.488b34f1ab5386eb9a469f0d590a5d55.jpg,640,640,1.0,640x640
rls_train_aug_0_1533_jpg.rf.b11c4a8bd6f1511911ae31cb77be8e74.jpg,640,640,1.0,640x640
rls_train_aug_0_153_jpg.rf.cb6d18a52c6fdfa2366f80e92f70e49c.jpg,640,640,1.0,640x640
rls_train_aug_0_1552_jpg.rf.1d6705298360573d813008cabe2adcc9.jpg,640,640,1.0,640x640
rls_train_aug_0_1552_jpg.rf.3d92ce4e2e7ea9829ff03ff360b414ff.jpg,640,640,1.0,640x640
rls_train_aug_0_1552_jpg.rf.433b54458cc8e956b0e4ae0d98480018.jpg,640,640,1.0,640x640
rls_train_aug_0_1552_jpg.rf.80dc300e28103a04d00cfa144a6c20c0.jpg,640,640,1.0,640x640
rls_train_aug_0_1553_jpg.rf.021656bf2611702cfe12b64e99185f91.jpg,640,640,1.0,640x640
rls_train_aug_0_1553_jpg.rf.4ebac1273884df0a959720c81a5126b8.jpg,640,640,1.0,640x640
rls_train_aug_0_1553_jpg.rf.babe8fe02f339fcf7ca1182b681784b8.jpg,640,640,1.0,640x640
rls_train_aug_0_1559_jpg.rf.c08d25388811c2d9e3e0623822ff202b.jpg,640,640,1.0,640x640
rls_train_aug_0_155_jpg.rf.78af653d2cb422868271fc90b50a7d01.jpg,640,640,1.0,640x640
rls_train_aug_0_155_jpg.rf.89cef2696bf584d41024d8ed299b9027.jpg,640,640,1.0,640x640
rls_train_aug_0_1564_jpg.rf.415bb12ce3d75f37416f4e51a41288e8.jpg,640,640,1.0,640x640
rls_train_aug_0_1564_jpg.rf.552585ad8b4988adeaedad2c7ce4f72e.jpg,640,640,1.0,640x640
rls_train_aug_0_1570_jpg.rf.28ab9e1a0c32ad0c4f5d9fa37b823e05.jpg,640,640,1.0,640x640
rls_train_aug_0_1570_jpg.rf.b4f4dee05f4a83c5d7065a56a46030a6.jpg,640,640,1.0,640x640
rls_train_aug_0_1570_jpg.rf.e055aa3336cfde9f5bad922f4d4c5ce8.jpg,640,640,1.0,640x640
rls_train_aug_0_1571_jpg.rf.0f51620a3db0195b0d373c5823a71386.jpg,640,640,1.0,640x640
rls_train_aug_0_1573_jpg.rf.863eb49083a61feb23231d605196d044.jpg,640,640,1.0,640x640
rls_train_aug_0_1573_jpg.rf.c405263532130065882ded8f90b2efd0.jpg,640,640,1.0,640x640
rls_train_aug_0_1579_jpg.rf.e6064a6e43c6840ba8f5a93499d9c649.jpg,640,640,1.0,640x640
rls_train_aug_0_1579_jpg.rf.e995f9ee4aab6b8e810d57c6706105a7.jpg,640,640,1.0,640x640
rls_train_aug_0_1581_jpg.rf.1638c1026dcf40219f1a001068c6499c.jpg,640,640,1.0,640x640
rls_train_aug_0_1581_jpg.rf.b1b2d8cc7ac0f884475f628416168e25.jpg,640,640,1.0,640x640
rls_train_aug_0_1584_jpg.rf.1ef84bcbae06167b372693528b4468b8.jpg,640,640,1.0,640x640
rls_train_aug_0_1590_jpg.rf.696e0d2fade2de929e9214275d5dd877.jpg,640,640,1.0,640x640
rls_train_aug_0_1590_jpg.rf.c64e2cfeb1d087bc7d4a55cde6c89c44.jpg,640,640,1.0,640x640
rls_train_aug_0_1590_jpg.rf.f7c92ce3eb4040765f8d169943e5ffa7.jpg,640,640,1.0,640x640
rls_train_aug_0_1593_jpg.rf.ae76381569f84f1c4debe52809ade987.jpg,640,640,1.0,640x640
rls_train_aug_0_1595_jpg.rf.9e7d2376b5810c4377783730d1f52825.jpg,640,640,1.0,640x640
rls_train_aug_0_1596_jpg.rf.29be7ce4ea7cd863893adc2a85195d4a.jpg,640,640,1.0,640x640
rls_train_aug_0_1599_jpg.rf.3b050f7ed523bf8c2f4c277d3e7a80b3.jpg,640,640,1.0,640x640
rls_train_aug_0_1599_jpg.rf.94623babbdeabf86fc79147e09fb5b0e.jpg,640,640,1.0,640x640
rls_train_aug_0_1599_jpg.rf.b7ffdf9992307a2ebc3d33362501d2d7.jpg,640,640,1.0,640x640
rls_train_aug_0_1614_jpg.rf.9fbb7394f4251fdee960df345170d116.jpg,640,640,1.0,640x640
rls_train_aug_0_1615_jpg.rf.bc83eb6b96dfd4508ba9995dd0586996.jpg,640,640,1.0,640x640
rls_train_aug_0_1616_jpg.rf.54a590db17351d8cd749d21465f4e67f.jpg,640,640,1.0,640x640
rls_train_aug_0_1616_jpg.rf.9487fa29cbfb2bcb14453914f2e0dfd4.jpg,640,640,1.0,640x640
rls_train_aug_0_1620_jpg.rf.9479b0d1da5debf46fa513f4734c66aa.jpg,640,640,1.0,640x640
rls_train_aug_0_1620_jpg.rf.a3a3e92ef16868ff0e7a51ca0b85d6e7.jpg,640,640,1.0,640x640
rls_train_aug_0_1620_jpg.rf.af2bd50e16074c40ae7a2190e85469c5.jpg,640,640,1.0,640x640
rls_train_aug_0_1624_jpg.rf.1ffb34ec9e563f0e1695423b5a2dbf9a.jpg,640,640,1.0,640x640
rls_train_aug_0_1624_jpg.rf.83d805bd1c2e3b17bbcde96bacc3ea4a.jpg,640,640,1.0,640x640
rls_train_aug_0_1626_jpg.rf.39f4fc49d037995fc46742b0bc140fea.jpg,640,640,1.0,640x640
rls_train_aug_0_1648_jpg.rf.ccc9103ab1742ae00c1199148317e8dd.jpg,640,640,1.0,640x640
rls_train_aug_0_1655_jpg.rf.7dec3142559ff63a65ed2d1e5e6aa9de.jpg,640,640,1.0,640x640
rls_train_aug_0_1655_jpg.rf.dd95b2056a348728a47a4b9b9070da4f.jpg,640,640,1.0,640x640
rls_train_aug_0_165_jpg.rf.0a81d08902635fc052d61073cb3a0864.jpg,640,640,1.0,640x640
rls_train_aug_0_165_jpg.rf.d37b80e03f7d09e26b02075a196e5810.jpg,640,640,1.0,640x640
rls_train_aug_0_1665_jpg.rf.2696fa2fe9c1c5d49933492b9067a773.jpg,640,640,1.0,640x640
rls_train_aug_0_1670_jpg.rf.12524c2ca8a1a14f31dbc1728b30ce97.jpg,640,640,1.0,640x640
rls_train_aug_0_1670_jpg.rf.a59ddcd3830adad92eabdcd537b4bf22.jpg,640,640,1.0,640x640
rls_train_aug_0_1679_jpg.rf.19d7bf0fb8a8022fc71fe0241916bfbc.jpg,640,640,1.0,640x640
rls_train_aug_0_1679_jpg.rf.834c686943c91620f9557457ec5fa956.jpg,640,640,1.0,640x640
rls_train_aug_0_1681_jpg.rf.08733b4bb245545aa1d7ac5b92c7f45d.jpg,640,640,1.0,640x640
rls_train_aug_0_1687_jpg.rf.1bb6f72904ad8e9ae12a77894828fb44.jpg,640,640,1.0,640x640
rls_train_aug_0_1687_jpg.rf.618f3c697241c6683c359529d2671e6c.jpg,640,640,1.0,640x640
rls_train_aug_0_1687_jpg.rf.e12dbad9d418fee3cece11aa83b0cbf0.jpg,640,640,1.0,640x640
rls_train_aug_0_1687_jpg.rf.e8cf79a369a8bc11564bedaa0d1610a0.jpg,640,640,1.0,640x640
rls_train_aug_0_1688_jpg.rf.68975fb19afcc7fa4189122f585fb48e.jpg,640,640,1.0,640x640
rls_train_aug_0_1690_jpg.rf.314fa0ee9036799bf004e66e95e593f2.jpg,640,640,1.0,640x640
rls_train_aug_0_1690_jpg.rf.e34104a7a5f7f1bffdab35734d6a7459.jpg,640,640,1.0,640x640
rls_train_aug_0_1692_jpg.rf.69c54604d70c2b0fd5c09b714de79e82.jpg,640,640,1.0,640x640
rls_train_aug_0_1701_jpg.rf.0cb5cc9fe50f408ce81d52da961b9fe3.jpg,640,640,1.0,640x640
rls_train_aug_0_1701_jpg.rf.1e63a9572c423426fc297b9b425648bf.jpg,640,640,1.0,640x640
rls_train_aug_0_1701_jpg.rf.479f647b6110bd1b44d166b354cc8ac9.jpg,640,640,1.0,640x640
rls_train_aug_0_1701_jpg.rf.d11efe70ee31bd37f04318305394ed38.jpg,640,640,1.0,640x640
rls_train_aug_0_1707_jpg.rf.85e7d5e3c781227a3ea4d708f28f2009.jpg,640,640,1.0,640x640
rls_train_aug_0_1707_jpg.rf.ec2cf4deb6a06ba859bdd9ef40f3c685.jpg,640,640,1.0,640x640
rls_train_aug_0_1709_jpg.rf.c765feac684819ecc1403327322996a0.jpg,640,640,1.0,640x640
rls_train_aug_0_1709_jpg.rf.ddf24096f521fa32755434070822ff7b.jpg,640,640,1.0,640x640
rls_train_aug_0_1719_jpg.rf.c602b5062aba83bb716fbe1738700204.jpg,640,640,1.0,640x640
rls_train_aug_0_1719_jpg.rf.e7e8c57b2bbce7ca1410ed2dda3b402f.jpg,640,640,1.0,640x640
rls_train_aug_0_1721_jpg.rf.06bd9bafa5692683c3a9f812a281f466.jpg,640,640,1.0,640x640
rls_train_aug_0_1721_jpg.rf.28df2025d38527657e5aea8d77f2b963.jpg,640,640,1.0,640x640
rls_train_aug_0_1721_jpg.rf.60259b9c59cf0ec12c8240b1e6172ba0.jpg,640,640,1.0,640x640
rls_train_aug_0_1723_jpg.rf.18cdb92586ac995af42e46a2a3d15be7.jpg,640,640,1.0,640x640
rls_train_aug_0_1728_jpg.rf.ac308cfe84a8dbbbe3df0f9e8c81b4bf.jpg,640,640,1.0,640x640
rls_train_aug_0_1728_jpg.rf.c7422b990920dd4eada2ceed066a1a77.jpg,640,640,1.0,640x640
rls_train_aug_0_1734_jpg.rf.123823e36bd489db1fa241e27f058487.jpg,640,640,1.0,640x640
rls_train_aug_0_1734_jpg.rf.f4264bbfa41d8a7396532e39a17d1ad1.jpg,640,640,1.0,640x640
rls_train_aug_0_1735_jpg.rf.09f6db2fe6f2eaa2ff335f13ff00ff99.jpg,640,640,1.0,640x640
rls_train_aug_0_1735_jpg.rf.abcd848e493f4689143379e845e01a4f.jpg,640,640,1.0,640x640
rls_train_aug_0_1768_jpg.rf.97d2472f0c3be10ea9009c508943ac4d.jpg,640,640,1.0,640x640
rls_train_aug_0_1768_jpg.rf.c4683f4a6ee8a03d722004e3a9402167.jpg,640,640,1.0,640x640
rls_train_aug_0_1768_jpg.rf.d2410e7e9554bb3b306fb0efea69eaaf.jpg,640,640,1.0,640x640
rls_train_aug_0_176_jpg.rf.0087b2f4c72c1a9603481d3b701d8466.jpg,640,640,1.0,640x640
rls_train_aug_0_176_jpg.rf.c732dcdb505f89f3ee45542a010490fe.jpg,640,640,1.0,640x640
rls_train_aug_0_1777_jpg.rf.05cd1e07853540beaf33bda89b3a87ac.jpg,640,640,1.0,640x640
rls_train_aug_0_1777_jpg.rf.f39008bc18d9bbae497e4a2fb1dd7d24.jpg,640,640,1.0,640x640
rls_train_aug_0_1778_jpg.rf.4beeeaa743727eafdd0eb04fe40b5814.jpg,640,640,1.0,640x640
rls_train_aug_0_1778_jpg.rf.79944314082bf6d7b1cfc1930a98b980.jpg,640,640,1.0,640x640
rls_train_aug_0_1780_jpg.rf.409c3430c865e6486a8f1ab69b65b695.jpg,640,640,1.0,640x640
rls_train_aug_0_1780_jpg.rf.dfcfd0855a5c51dd01e93497e4e337d7.jpg,640,640,1.0,640x640
rls_train_aug_0_1780_jpg.rf.f050cea98d9e8a2c929aecbfb96252ee.jpg,640,640,1.0,640x640
rls_train_aug_0_1784_jpg.rf.305a5c3024b6037dac6306407c48e6a4.jpg,640,640,1.0,640x640
rls_train_aug_0_1784_jpg.rf.c334cb62099a53384762ab82d23b0c20.jpg,640,640,1.0,640x640
rls_train_aug_0_1790_jpg.rf.24e29b71505cb5f73d7501ce39bd05b0.jpg,640,640,1.0,640x640
rls_train_aug_0_1790_jpg.rf.68b141c5beba1d1544a94040fe66f5cc.jpg,640,640,1.0,640x640
rls_train_aug_0_1790_jpg.rf.d950ffa18a9342bb58dd6a31e6cd7b58.jpg,640,640,1.0,640x640
rls_train_aug_0_1793_jpg.rf.eb54f79f7e16f449cd1f1577f7732254.jpg,640,640,1.0,640x640
rls_train_aug_0_1793_jpg.rf.f1061d5d2c286f8bd5095c2a53975bdf.jpg,640,640,1.0,640x640
rls_train_aug_0_1799_jpg.rf.6d17bc06d2f104e70297c08966d59499.jpg,640,640,1.0,640x640
rls_train_aug_0_1799_jpg.rf.cf6ec79c63291a05c5c39353ad3ad499.jpg,640,640,1.0,640x640
rls_train_aug_0_17_jpg.rf.970969ea88f2dfd4394e4f39113b47b9.jpg,640,640,1.0,640x640
rls_train_aug_0_17_jpg.rf.bd45b350854daa68e047d5466688f9ec.jpg,640,640,1.0,640x640
rls_train_aug_0_1800_jpg.rf.257dae17e6973a29970f405a738638a8.jpg,640,640,1.0,640x640
rls_train_aug_0_1800_jpg.rf.640a46aca8a909b280f7b7a26b7c7b84.jpg,640,640,1.0,640x640
rls_train_aug_0_1800_jpg.rf.6eadaeb4f9c45b65a5677847f611739b.jpg,640,640,1.0,640x640
rls_train_aug_0_1814_jpg.rf.45620b66ee75659f8fe5da7729282196.jpg,640,640,1.0,640x640
rls_train_aug_0_1814_jpg.rf.dbe3eaacd61a7c2cd546291ce2de31f8.jpg,640,640,1.0,640x640
rls_train_aug_0_1819_jpg.rf.8ae78520d2954576b9f45792a08e15ad.jpg,640,640,1.0,640x640
rls_train_aug_0_1819_jpg.rf.c85d10581cc7e2d5bb9d12a365ce921d.jpg,640,640,1.0,640x640
rls_train_aug_0_1828_jpg.rf.5693637f4191877ed0f0b33fdfc3a78a.jpg,640,640,1.0,640x640
rls_train_aug_0_1828_jpg.rf.bbddd853bbb3a52e24f2d0e91d5be51a.jpg,640,640,1.0,640x640
rls_train_aug_0_1831_jpg.rf.a022f60703caaae7fea0a936452d60e4.jpg,640,640,1.0,640x640
rls_train_aug_0_1831_jpg.rf.ba2f765c9f14b344ba1512cef53b88c5.jpg,640,640,1.0,640x640
rls_train_aug_0_1838_jpg.rf.2dc059293ed42474e3c1159d8f7237e1.jpg,640,640,1.0,640x640
rls_train_aug_0_1838_jpg.rf.6faf0b230c56ea586aba06b4e28cda4a.jpg,640,640,1.0,640x640
rls_train_aug_0_1838_jpg.rf.f4ce8c380344c14f9844407af11b2092.jpg,640,640,1.0,640x640
rls_train_aug_0_1848_jpg.rf.0c9201887a252c02761e92f5a4e15b39.jpg,640,640,1.0,640x640
rls_train_aug_0_1877_jpg.rf.21357a8cf3fcd41aaaf35cfe8ae1a4e5.jpg,640,640,1.0,640x640
rls_train_aug_0_1877_jpg.rf.3e9282ccc7bfe8df7a71b4eee5d04c7b.jpg,640,640,1.0,640x640
rls_train_aug_0_1877_jpg.rf.4fb89ca9754b9e1df95f8cf7cb850d36.jpg,640,640,1.0,640x640
rls_train_aug_0_1883_jpg.rf.478f26cc708d85687aa85f88b2993447.jpg,640,640,1.0,640x640
rls_train_aug_0_1883_jpg.rf.c7c04b9fb625808cda76a265930760a1.jpg,640,640,1.0,640x640
rls_train_aug_0_188_jpg.rf.4264c851bfe7e217963c1ed10199d6d3.jpg,640,640,1.0,640x640
rls_train_aug_0_188_jpg.rf.f32bee25b82050e206d2c4a43d58b4cf.jpg,640,640,1.0,640x640
rls_train_aug_0_1890_jpg.rf.922ddbf54e314245929bd0ac36fdf626.jpg,640,640,1.0,640x640
rls_train_aug_0_1890_jpg.rf.99f87cef4d5458bcf65a4a1fb39f538c.jpg,640,640,1.0,640x640
rls_train_aug_0_1890_jpg.rf.fd082a5fd8e8acc86981cbde47923602.jpg,640,640,1.0,640x640
rls_train_aug_0_1898_jpg.rf.0dfec318b91cc0998a8417eae491e6fa.jpg,640,640,1.0,640x640
rls_train_aug_0_1898_jpg.rf.e8a548e14bd5b8e8b74b1ee8ba012f73.jpg,640,640,1.0,640x640
rls_train_aug_0_18_jpg.rf.7566361e39689c6e89de037a29f1ebbe.jpg,640,640,1.0,640x640
rls_train_aug_0_18_jpg.rf.cab3e2342958622d438b01b8c8785132.jpg,640,640,1.0,640x640
rls_train_aug_0_18_jpg.rf.ced5465c6e090e9a7dbd7718c2ab5e56.jpg,640,640,1.0,640x640
rls_train_aug_0_18_jpg.rf.eaca41a08324ef957afc55bec4bf1379.jpg,640,640,1.0,640x640
rls_train_aug_0_190_jpg.rf.14b09e7e5160e21ff9cad1c9c1975c72.jpg,640,640,1.0,640x640
rls_train_aug_0_190_jpg.rf.a8cbf52e241c971099331c010a6c59ad.jpg,640,640,1.0,640x640
rls_train_aug_0_190_jpg.rf.d77ecc866e1f016d81cb2395eec7e2c3.jpg,640,640,1.0,640x640
rls_train_aug_0_190_jpg.rf.ea9a665d50a1b4c715936075277e6ea0.jpg,640,640,1.0,640x640
rls_train_aug_0_191_jpg.rf.684aa6bc2945ca11e6837d6f4d123fe7.jpg,640,640,1.0,640x640
rls_train_aug_0_191_jpg.rf.7a11d9631fce56d5adb38c2f8bad7a69.jpg,640,640,1.0,640x640
rls_train_aug_0_1928_jpg.rf.e0b8e90e192e73784e2c0eef55603d0a.jpg,640,640,1.0,640x640
rls_train_aug_0_1932_jpg.rf.1ab553d5e83e3f0c1a7a38108c03f35c.jpg,640,640,1.0,640x640
rls_train_aug_0_1933_jpg.rf.583ddbf11af3d10057171744450d073b.jpg,640,640,1.0,640x640
rls_train_aug_0_1933_jpg.rf.84d8b42593469c1f815f4fb1062f4469.jpg,640,640,1.0,640x640
rls_train_aug_0_1933_jpg.rf.b5f9264b07aef3947711f81aa0b13625.jpg,640,640,1.0,640x640
rls_train_aug_0_1936_jpg.rf.647e2eb79b2edc683a957f4cb6031c11.jpg,640,640,1.0,640x640
rls_train_aug_0_1944_jpg.rf.39fe72647417100c68f3831b351e8bd3.jpg,640,640,1.0,640x640
rls_train_aug_0_1944_jpg.rf.8991f52e2cefb1994c9fc5a9be768511.jpg,640,640,1.0,640x640
rls_train_aug_0_1944_jpg.rf.b3137732a9a3c3feb84b28f2a1538f88.jpg,640,640,1.0,640x640
rls_train_aug_0_1957_jpg.rf.41df33e64434d15fd9592a602d3052df.jpg,640,640,1.0,640x640
rls_train_aug_0_1957_jpg.rf.d06d0d134e6e1738857317f550dadfd9.jpg,640,640,1.0,640x640
rls_train_aug_0_195_jpg.rf.11ffb422262e84d73d65a440da659ee7.jpg,640,640,1.0,640x640
rls_train_aug_0_195_jpg.rf.d60c46c6b06f1dddb81d1e8e03ea1a97.jpg,640,640,1.0,640x640
rls_train_aug_0_1961_jpg.rf.96d413cbe39ad63fcd5b44f99bd7ff13.jpg,640,640,1.0,640x640
rls_train_aug_0_1964_jpg.rf.18893f97033d6d80e9cae02f7bc74dba.jpg,640,640,1.0,640x640
rls_train_aug_0_1964_jpg.rf.6a8237c67085b29e1acecc3bdc910053.jpg,640,640,1.0,640x640
rls_train_aug_0_1964_jpg.rf.b75e1551029633a2278218ae32e438c1.jpg,640,640,1.0,640x640
rls_train_aug_0_1965_jpg.rf.94722765a31bca979f8e977dd9beff64.jpg,640,640,1.0,640x640
rls_train_aug_0_1965_jpg.rf.b168e025cd6c1210a21e0648c54f13a4.jpg,640,640,1.0,640x640
rls_train_aug_0_1966_jpg.rf.022eb9bf355956d28641b85609266451.jpg,640,640,1.0,640x640
rls_train_aug_0_1966_jpg.rf.d91ab368e21d54739b281c6c3310c6bb.jpg,640,640,1.0,640x640
rls_train_aug_0_199_jpg.rf.9576c253a01332954fc2d3260f316409.jpg,640,640,1.0,640x640
rls_train_aug_0_2034_jpg.rf.06eb2cbc42caec1e1e36bd34fe6e7116.jpg,640,640,1.0,640x640
rls_train_aug_0_2034_jpg.rf.b22812b21f2ca5c834fc5dd56a38823e.jpg,640,640,1.0,640x640
rls_train_aug_0_2039_jpg.rf.78ec86f24e8aac03c2959f916b2348b4.jpg,640,640,1.0,640x640
rls_train_aug_0_2039_jpg.rf.c379a758c5f5789afaab4b82b2882fa8.jpg,640,640,1.0,640x640
rls_train_aug_0_2043_jpg.rf.ad6e3ec17b6a539d70ffea43fe888423.jpg,640,640,1.0,640x640
rls_train_aug_0_2046_jpg.rf.67cf9048216edefaeba7d5d9e3306e41.jpg,640,640,1.0,640x640
rls_train_aug_0_2049_jpg.rf.677971eb9b76eeedf21500dbfce0a754.jpg,640,640,1.0,640x640
rls_train_aug_0_2049_jpg.rf.a53b687db63b518293f5fea5d2cc50a8.jpg,640,640,1.0,640x640
rls_train_aug_0_204_jpg.rf.071b12c63d8b548085c19c1f8e061421.jpg,640,640,1.0,640x640
rls_train_aug_0_204_jpg.rf.a8c07d5b569abe4111a8c3c116af5737.jpg,640,640,1.0,640x640
rls_train_aug_0_2050_jpg.rf.12e06b285e5c293d5fdcc4216b975208.jpg,640,640,1.0,640x640
rls_train_aug_0_2050_jpg.rf.29034ed6a86e1461d4c66a782bc5fd73.jpg,640,640,1.0,640x640
rls_train_aug_0_2050_jpg.rf.f4548fbf56acfc605cff7990f1585238.jpg,640,640,1.0,640x640
rls_train_aug_0_2055_jpg.rf.a7cddb8c89e75d2a4196edfec9525298.jpg,640,640,1.0,640x640
rls_train_aug_0_2055_jpg.rf.ee848d6a2b334041975549120723bc9c.jpg,640,640,1.0,640x640
rls_train_aug_0_205_jpg.rf.20d9bd764e2aef3e7b915c7ea5c61639.jpg,640,640,1.0,640x640
rls_train_aug_0_205_jpg.rf.7ab685c71669a12f4909b0215f3df760.jpg,640,640,1.0,640x640
rls_train_aug_0_2063_jpg.rf.cd72fc59982522399e9b6bf5a9b198a8.jpg,640,640,1.0,640x640
rls_train_aug_0_2063_jpg.rf.ce937a142d9428a03581596871a39a68.jpg,640,640,1.0,640x640
rls_train_aug_0_2066_jpg.rf.abcc72efdfd4e743bf881a799b2a64ee.jpg,640,640,1.0,640x640
rls_train_aug_0_2076_jpg.rf.c42df24c0a202ef2eca51911e42acbd8.jpg,640,640,1.0,640x640
rls_train_aug_0_2077_jpg.rf.d2759015adede1b1c7ae2b16813605d0.jpg,640,640,1.0,640x640
rls_train_aug_0_2077_jpg.rf.e2326ba6830f4ccd066712ba249e9b0c.jpg,640,640,1.0,640x640
rls_train_aug_0_207_jpg.rf.3dc43555a159b8739c7e037e0e4a7dea.jpg,640,640,1.0,640x640
rls_train_aug_0_207_jpg.rf.b19025e63f9ffca32abbb3059c442a35.jpg,640,640,1.0,640x640
rls_train_aug_0_2082_jpg.rf.bdb84be268221738c6ea3b1a34e4a487.jpg,640,640,1.0,640x640
rls_train_aug_0_2084_jpg.rf.459718c98be14225a52f3e173cc72b0d.jpg,640,640,1.0,640x640
rls_train_aug_0_2084_jpg.rf.d0483d56184cbb5d28745526e90ae110.jpg,640,640,1.0,640x640
rls_train_aug_0_2085_jpg.rf.b7b47a8de121df90be59927088e9d416.jpg,640,640,1.0,640x640
rls_train_aug_0_2085_jpg.rf.df4e8a20d7648c352d6edef80fce81c7.jpg,640,640,1.0,640x640
rls_train_aug_0_2086_jpg.rf.6e4af6dd4c8fce8e7aed092b036eff23.jpg,640,640,1.0,640x640
rls_train_aug_0_2086_jpg.rf.af6fb983a39f664b1e98090a920501d9.jpg,640,640,1.0,640x640
rls_train_aug_0_2095_jpg.rf.5ce4b9f0d8625c26aac6d45240a31351.jpg,640,640,1.0,640x640
rls_train_aug_0_2115_jpg.rf.37e28f0e9a2cf7d005b1372797c38685.jpg,640,640,1.0,640x640
rls_train_aug_0_2115_jpg.rf.7fe5fc23fbc0b4c6f3abb8a7de197ac6.jpg,640,640,1.0,640x640
rls_train_aug_0_2115_jpg.rf.a7e823e007b6816912f95c0be613e52d.jpg,640,640,1.0,640x640
rls_train_aug_0_2119_jpg.rf.aa99732fe12f06db98fc7e49a637e34a.jpg,640,640,1.0,640x640
rls_train_aug_0_2119_jpg.rf.c1e9c6035a7b67b83953e58ba637d0e0.jpg,640,640,1.0,640x640
rls_train_aug_0_2137_jpg.rf.37e10494f98e754b1a7637a7d0d83cb5.jpg,640,640,1.0,640x640
rls_train_aug_0_2137_jpg.rf.6de641428ae7c588dd9cfa45008d89d6.jpg,640,640,1.0,640x640
rls_train_aug_0_213_jpg.rf.cd77807b8c2e23eeaa4acf4d260ef8e0.jpg,640,640,1.0,640x640
rls_train_aug_0_2145_jpg.rf.4d02d3ee0a0e4f79bbe0ccfce5fe4053.jpg,640,640,1.0,640x640
rls_train_aug_0_2166_jpg.rf.69764a97568d963aef0182f9983621f9.jpg,640,640,1.0,640x640
rls_train_aug_0_2168_jpg.rf.29376bd74f1c1a8e685a5658dd266109.jpg,640,640,1.0,640x640
rls_train_aug_0_2168_jpg.rf.72b026abd5866772f4338961927c6850.jpg,640,640,1.0,640x640
rls_train_aug_0_2169_jpg.rf.acfb95253c378a2c507a2e3c88092974.jpg,640,640,1.0,640x640
rls_train_aug_0_2169_jpg.rf.b91798d144ba604d1ed79bf9359bb525.jpg,640,640,1.0,640x640
rls_train_aug_0_2170_jpg.rf.cf142471e07cc64f3773b7e170d9a698.jpg,640,640,1.0,640x640
rls_train_aug_0_2192_jpg.rf.79d74e559a74443eeaa27da5923a6e78.jpg,640,640,1.0,640x640
rls_train_aug_0_2192_jpg.rf.8bd356788367d5508f1c507fa77bec1f.jpg,640,640,1.0,640x640
rls_train_aug_0_21_jpg.rf.250733364b6a3cef5c2faf03515b5fe4.jpg,640,640,1.0,640x640
rls_train_aug_0_21_jpg.rf.4a5c103d02a7a7f454d7d6a50244c926.jpg,640,640,1.0,640x640
rls_train_aug_0_220_jpg.rf.cf06fd171064beedd07d493a4953a075.jpg,640,640,1.0,640x640
rls_train_aug_0_220_jpg.rf.f0eeb9169868ba91fe6ae9da698d724b.jpg,640,640,1.0,640x640
rls_train_aug_0_2212_jpg.rf.7ca2f0ed471f310eef0f5ca4ad613b1a.jpg,640,640,1.0,640x640
rls_train_aug_0_2212_jpg.rf.b924923d58305b087c4ae792a3adb07a.jpg,640,640,1.0,640x640
rls_train_aug_0_2220_jpg.rf.97e533039f23bd6170268f95c53ee091.jpg,640,640,1.0,640x640
rls_train_aug_0_2220_jpg.rf.c9eb5edfe4ae1f6f078af716beb31ba5.jpg,640,640,1.0,640x640
rls_train_aug_0_2220_jpg.rf.d2d267ee9106d80d4af28d1d957bfb81.jpg,640,640,1.0,640x640
rls_train_aug_0_2221_jpg.rf.1ef3496b40277d9148ff5c6fd76453b4.jpg,640,640,1.0,640x640
rls_train_aug_0_2221_jpg.rf.376a56e2e93f228a199e03d31f65fce5.jpg,640,640,1.0,640x640
rls_train_aug_0_2222_jpg.rf.96fff3fa5df363466d2ed0ea757bd773.jpg,640,640,1.0,640x640
rls_train_aug_0_2223_jpg.rf.b4717c278e2c5fd83447954f7a2a24bd.jpg,640,640,1.0,640x640
rls_train_aug_0_2223_jpg.rf.bf59603105a57eba04066550b589c6de.jpg,640,640,1.0,640x640
rls_train_aug_0_2227_jpg.rf.cfe1bad90f077335eed4c3fadd762432.jpg,640,640,1.0,640x640
rls_train_aug_0_2228_jpg.rf.44f7f00e20f4d6f4a43f466711466bae.jpg,640,640,1.0,640x640
rls_train_aug_0_2228_jpg.rf.b4eab24b3e0c922787c62b096a88d1a6.jpg,640,640,1.0,640x640
rls_train_aug_0_222_jpg.rf.0ba02ed372c37f569e0fbf3227e2f314.jpg,640,640,1.0,640x640
rls_train_aug_0_222_jpg.rf.67d0072f7ba1963b26ccb0a610f73a5d.jpg,640,640,1.0,640x640
rls_train_aug_0_222_jpg.rf.9693106a78bb126a58ac444510537599.jpg,640,640,1.0,640x640
rls_train_aug_0_222_jpg.rf.acc95c2fc9dbd027085ed6380049b55c.jpg,640,640,1.0,640x640
rls_train_aug_0_222_jpg.rf.cfaaae569c17ab5546191836c276bb17.jpg,640,640,1.0,640x640
rls_train_aug_0_2231_jpg.rf.049870921d058374a3d92859c4085c28.jpg,640,640,1.0,640x640
rls_train_aug_0_2231_jpg.rf.11002e8c29389c2793fae38176093b7b.jpg,640,640,1.0,640x640
rls_train_aug_0_2241_jpg.rf.6c9f750deb7a0be3809b44c04415c25d.jpg,640,640,1.0,640x640
rls_train_aug_0_2241_jpg.rf.d0c685506b2fccca1c55bac90acc08de.jpg,640,640,1.0,640x640
rls_train_aug_0_225_jpg.rf.b15dd12da75dcc040e748150d82acc00.jpg,640,640,1.0,640x640
rls_train_aug_0_2260_jpg.rf.0a659ef43e1efeb2f2a12bbf60a4e5ba.jpg,640,640,1.0,640x640
rls_train_aug_0_2260_jpg.rf.3d77ea1b7f75c968fab6e8a18a7a3420.jpg,640,640,1.0,640x640
rls_train_aug_0_2260_jpg.rf.7791ecea44ed35ebd605b8a191e0d440.jpg,640,640,1.0,640x640
rls_train_aug_0_2262_jpg.rf.0e32df489c5a1a9543797548702df4d0.jpg,640,640,1.0,640x640
rls_train_aug_0_2262_jpg.rf.ddb6d73f124b13ea5c3a1e67ab5eb411.jpg,640,640,1.0,640x640
rls_train_aug_0_2263_jpg.rf.29df6a9d3824ac4378b2f36c2dea3939.jpg,640,640,1.0,640x640
rls_train_aug_0_2263_jpg.rf.2e223e60f41f797bcb211feb147ac5f9.jpg,640,640,1.0,640x640
rls_train_aug_0_2266_jpg.rf.20fdfc10f30fe74973cae66838137f78.jpg,640,640,1.0,640x640
rls_train_aug_0_2266_jpg.rf.d216907bc03973be034f7f8cb151c242.jpg,640,640,1.0,640x640
rls_train_aug_0_2266_jpg.rf.e55c83df879dc98d1aee5b4cdd18644e.jpg,640,640,1.0,640x640
rls_train_aug_0_226_jpg.rf.14fa8adadce4120b719f0ccef386240f.jpg,640,640,1.0,640x640
rls_train_aug_0_226_jpg.rf.ddd945199ae21ec92956a897fe10eeaa.jpg,640,640,1.0,640x640
rls_train_aug_0_2286_jpg.rf.795ceccd3495a4db19c82bbb3333e6ab.jpg,640,640,1.0,640x640
rls_train_aug_0_2286_jpg.rf.f1bc5f211e6433a535c3a2873060eb1c.jpg,640,640,1.0,640x640
rls_train_aug_0_2292_jpg.rf.9ae74270be0aaac2ac016a74e4b2b4ce.jpg,640,640,1.0,640x640
rls_train_aug_0_2292_jpg.rf.bf42a0ba2d71666e7de8f349077709dd.jpg,640,640,1.0,640x640
rls_train_aug_0_2297_jpg.rf.064746f9e3efa205b840ff5e67661f73.jpg,640,640,1.0,640x640
rls_train_aug_0_2297_jpg.rf.7f84810a24d6d3306a812f5c21282888.jpg,640,640,1.0,640x640
rls_train_aug_0_229_jpg.rf.16d8c41d66b95520365c7be90ea27ed8.jpg,640,640,1.0,640x640
rls_train_aug_0_229_jpg.rf.55fe918dea789430662d1f560ae97c80.jpg,640,640,1.0,640x640
rls_train_aug_0_2300_jpg.rf.9da555225c56f9d9b9a2a3ac679bef6b.jpg,640,640,1.0,640x640
rls_train_aug_0_2302_jpg.rf.4426b39cc7f15da5c7d78599c833f859.jpg,640,640,1.0,640x640
rls_train_aug_0_2302_jpg.rf.7d569ee131cbd2cfc0ff34ce0ca193f7.jpg,640,640,1.0,640x640
rls_train_aug_0_230_jpg.rf.10307fe384927ef094e0ea7f8e662bc0.jpg,640,640,1.0,640x640
rls_train_aug_0_230_jpg.rf.2140c606279d1d6467614002586c3257.jpg,640,640,1.0,640x640
rls_train_aug_0_230_jpg.rf.a61667d1f89f597cd9d54e0cebc857d9.jpg,640,640,1.0,640x640
rls_train_aug_0_2318_jpg.rf.0bcbaf7c5d9fea9499040673853302ad.jpg,640,640,1.0,640x640
rls_train_aug_0_2318_jpg.rf.bf003ba11184777aaf878a66ce36e246.jpg,640,640,1.0,640x640
rls_train_aug_0_231_jpg.rf.0808dc19540c32d5337d94a2c3b453cf.jpg,640,640,1.0,640x640
rls_train_aug_0_231_jpg.rf.bb04ac8ff5706726cd29cd4ac486c9b5.jpg,640,640,1.0,640x640
rls_train_aug_0_2322_jpg.rf.2b51b1c16765ed566d0a0a2c960af0b0.jpg,640,640,1.0,640x640
rls_train_aug_0_2322_jpg.rf.91e3fbbf1e2e0c9cebf2fc671010e8b7.jpg,640,640,1.0,640x640
rls_train_aug_0_2327_jpg.rf.2f07e77abf2e1ff16a51d8a678a6f23d.jpg,640,640,1.0,640x640
rls_train_aug_0_2327_jpg.rf.ff7be847f05b4beb8f127aca8f34baf1.jpg,640,640,1.0,640x640
rls_train_aug_0_2328_jpg.rf.020e470970a88a2d071a0798e8acd375.jpg,640,640,1.0,640x640
rls_train_aug_0_2328_jpg.rf.1784551df0c2746fdfd98faa51faa78c.jpg,640,640,1.0,640x640
rls_train_aug_0_2328_jpg.rf.54e548d04030d926b1bf4324eded3a07.jpg,640,640,1.0,640x640
rls_train_aug_0_2328_jpg.rf.7436852c3f95ef6d98ef3cf3442c506a.jpg,640,640,1.0,640x640
rls_train_aug_0_232_jpg.rf.92878631d1283a6a37b1429d21810a71.jpg,640,640,1.0,640x640
rls_train_aug_0_232_jpg.rf.eaf51c00f4b20f0e7264c83e8dd3ff18.jpg,640,640,1.0,640x640
rls_train_aug_0_2331_jpg.rf.fe9d7cff5f6b3041af0b8888329181f3.jpg,640,640,1.0,640x640
rls_train_aug_0_2334_jpg.rf.3092a8d0f35a001e2d7f43b4f90a31ad.jpg,640,640,1.0,640x640
rls_train_aug_0_2334_jpg.rf.73510a885fdebd12b11284cc90d3fe78.jpg,640,640,1.0,640x640
rls_train_aug_0_233_jpg.rf.0a2bece3ea8f04ed06b710c2b01a5fd2.jpg,640,640,1.0,640x640
rls_train_aug_0_233_jpg.rf.64496a5ed6ccdffae9f482025d8ff82b.jpg,640,640,1.0,640x640
rls_train_aug_0_233_jpg.rf.84a1841873c70f23cc3b04818d59c59d.jpg,640,640,1.0,640x640
rls_train_aug_0_2349_jpg.rf.fa1161d987178ed5f67fb17ec5335e82.jpg,640,640,1.0,640x640
rls_train_aug_0_2360_jpg.rf.0cb2d1569a3a1c5fe004bebe34e37762.jpg,640,640,1.0,640x640
rls_train_aug_0_2360_jpg.rf.7659a037a8ddddc90a5a867d64af49e5.jpg,640,640,1.0,640x640
rls_train_aug_0_2364_jpg.rf.d5745b883763c7aa6d8160b8ac787133.jpg,640,640,1.0,640x640
rls_train_aug_0_2364_jpg.rf.fa1a11489b63bd77a601c49a86582ad2.jpg,640,640,1.0,640x640
rls_train_aug_0_236_jpg.rf.5a50a3a1fd2ab358c721dd456a10bf61.jpg,640,640,1.0,640x640
rls_train_aug_0_236_jpg.rf.d37e4c767396a03c8ae5d8fe15d23cef.jpg,640,640,1.0,640x640
rls_train_aug_0_2378_jpg.rf.f9fdf5c385e7a674be677577f846f236.jpg,640,640,1.0,640x640
rls_train_aug_0_237_jpg.rf.21d38b8de98ccb98c76cf9b726837ce7.jpg,640,640,1.0,640x640
rls_train_aug_0_237_jpg.rf.302c3c6baf9d1c422b6d13494fc28a68.jpg,640,640,1.0,640x640
rls_train_aug_0_2386_jpg.rf.a46162213718038ba05c17d910a9ada2.jpg,640,640,1.0,640x640
rls_train_aug_0_2387_jpg.rf.e8ad8e7efa3217816c98678846db907f.jpg,640,640,1.0,640x640
rls_train_aug_0_239_jpg.rf.075f43554e271cbaa8803e49d6581c5f.jpg,640,640,1.0,640x640
rls_train_aug_0_239_jpg.rf.3a519aa9199f9ea5ce9d39fae5d746fb.jpg,640,640,1.0,640x640
rls_train_aug_0_239_jpg.rf.4277aeaa2de783a119b7418b51253c93.jpg,640,640,1.0,640x640
rls_train_aug_0_2402_jpg.rf.042441daa6512e29ce0aaf110461983c.jpg,640,640,1.0,640x640
rls_train_aug_0_2402_jpg.rf.bb19b536497d4c2aab6ee57a34a5678d.jpg,640,640,1.0,640x640
rls_train_aug_0_240_jpg.rf.b4b5372d12e124a5b0b27ce461bc6fef.jpg,640,640,1.0,640x640
rls_train_aug_0_240_jpg.rf.d68c8587c4293d0b1a0da9ecd728b3a0.jpg,640,640,1.0,640x640
rls_train_aug_0_2410_jpg.rf.7d7f69510ef1e5bd91f03920036e48ba.jpg,640,640,1.0,640x640
rls_train_aug_0_2410_jpg.rf.85a7a4eb08988d718ca796473a29c8b1.jpg,640,640,1.0,640x640
rls_train_aug_0_241_jpg.rf.53641c78a165ec30660c5181439c30f9.jpg,640,640,1.0,640x640
rls_train_aug_0_241_jpg.rf.7d31d590c21c25f7a83b22bca124c324.jpg,640,640,1.0,640x640
rls_train_aug_0_241_jpg.rf.e1d24a142dd02147619e4f4055ad997e.jpg,640,640,1.0,640x640
rls_train_aug_0_2423_jpg.rf.90c66af2ddd5c4539b72da10b51e1e0b.jpg,640,640,1.0,640x640
rls_train_aug_0_2423_jpg.rf.ffec93e4574965eb109691594c828b2f.jpg,640,640,1.0,640x640
rls_train_aug_0_2435_jpg.rf.070d42254da1728df1811190abd8c087.jpg,640,640,1.0,640x640
rls_train_aug_0_2435_jpg.rf.220bf173c1b754b14502c68fb1d177c5.jpg,640,640,1.0,640x640
rls_train_aug_0_2437_jpg.rf.6645325a1546ff88e0b41d71039ec610.jpg,640,640,1.0,640x640
rls_train_aug_0_2437_jpg.rf.c3c1470c1a219ed9169a4a4d0692c668.jpg,640,640,1.0,640x640
rls_train_aug_0_243_jpg.rf.63b18ac7bb22361e41da8f64d044c1d8.jpg,640,640,1.0,640x640
rls_train_aug_0_243_jpg.rf.ffb7d1b007c327c6b72fd822c74b89fb.jpg,640,640,1.0,640x640
rls_train_aug_0_2442_jpg.rf.0248f762fa41ebb19762e1b35e0ee5e7.jpg,640,640,1.0,640x640
rls_train_aug_0_2444_jpg.rf.ba282d49c7e766eecb457730d386ec3a.jpg,640,640,1.0,640x640
rls_train_aug_0_2446_jpg.rf.0f90a42ea9311d8f82bde0a2a9dcf4a9.jpg,640,640,1.0,640x640
rls_train_aug_0_2446_jpg.rf.4a72b58945b1394e439acbeecd978752.jpg,640,640,1.0,640x640
rls_train_aug_0_2446_jpg.rf.b41d7a0c7b7c32b4574366eec715000f.jpg,640,640,1.0,640x640
rls_train_aug_0_244_jpg.rf.0c2e6c0f4bce6287c8a6e601353f2817.jpg,640,640,1.0,640x640
rls_train_aug_0_244_jpg.rf.356fbdaa432532dc0fff1f28a5c0f1cf.jpg,640,640,1.0,640x640
rls_train_aug_0_244_jpg.rf.d9d4a6e887ccb7be081a9610e703763c.jpg,640,640,1.0,640x640
rls_train_aug_0_2454_jpg.rf.8a493324cc16263791f2c8272410a737.jpg,640,640,1.0,640x640
rls_train_aug_0_2454_jpg.rf.917c6c47ba6aa6011f10eeab984fd549.jpg,640,640,1.0,640x640
rls_train_aug_0_2459_jpg.rf.8d6175b6b0396d047f6abf0c46a6a32f.jpg,640,640,1.0,640x640
rls_train_aug_0_2471_jpg.rf.7b7cfd2c5b472903b459c1929c4bf03c.jpg,640,640,1.0,640x640
rls_train_aug_0_2471_jpg.rf.a7da3cacbf145fd8a29855eec114e823.jpg,640,640,1.0,640x640
rls_train_aug_0_2471_jpg.rf.e8905aa23206a63736e6d81763347fa2.jpg,640,640,1.0,640x640
rls_train_aug_0_247_jpg.rf.981e36d7c787198e1f9dc33a9c764ab7.jpg,640,640,1.0,640x640
rls_train_aug_0_249_jpg.rf.f8f802f48fda54cfe1c11217d462525a.jpg,640,640,1.0,640x640
rls_train_aug_0_2503_jpg.rf.7eea748a993e7540fb0728852ff53b5c.jpg,640,640,1.0,640x640
rls_train_aug_0_2516_jpg.rf.004b75623647a830a4d5a6dc41bd89b2.jpg,640,640,1.0,640x640
rls_train_aug_0_2516_jpg.rf.3d7a01315c513991cf0608f18c45b7ce.jpg,640,640,1.0,640x640
rls_train_aug_0_2516_jpg.rf.94ef667d5f5ebae4ad3968bf06004587.jpg,640,640,1.0,640x640
rls_train_aug_0_2546_jpg.rf.47df170e57af5d9e2a17f77275bb3a29.jpg,640,640,1.0,640x640
rls_train_aug_0_2546_jpg.rf.5ce65b40ffc7504f3206962811ba8595.jpg,640,640,1.0,640x640
rls_train_aug_0_2546_jpg.rf.dffe14cb5feaffa41d24adafbcc5306d.jpg,640,640,1.0,640x640
rls_train_aug_0_2558_jpg.rf.12f732f8ce90938e6a01c38cdb6b0085.jpg,640,640,1.0,640x640
rls_train_aug_0_2558_jpg.rf.bd8ca292277b6940d8c0bff55e91ade7.jpg,640,640,1.0,640x640
rls_train_aug_0_2558_jpg.rf.fd809ab3e4f9acf4099bc59856ef27f2.jpg,640,640,1.0,640x640
rls_train_aug_0_2560_jpg.rf.7673b705bdfc5107f662d0828d2ba79c.jpg,640,640,1.0,640x640
rls_train_aug_0_2562_jpg.rf.ba9005b4192cb0b2862c6d638cc8ca41.jpg,640,640,1.0,640x640
rls_train_aug_0_2562_jpg.rf.eba039fc861ef8dd46ccbcaba28e6812.jpg,640,640,1.0,640x640
rls_train_aug_0_2562_jpg.rf.f302a7e9feaec1526d73038e0b1fbf05.jpg,640,640,1.0,640x640
rls_train_aug_0_2563_jpg.rf.6ed8f251e816ced6144906c2d35e4528.jpg,640,640,1.0,640x640
rls_train_aug_0_2563_jpg.rf.b3ebcccd13f57cda1374949f209c46da.jpg,640,640,1.0,640x640
rls_train_aug_0_2564_jpg.rf.2e44cd93cdf457ae954095ddf3c1c879.jpg,640,640,1.0,640x640
rls_train_aug_0_2564_jpg.rf.f39cbed0711aba97b60f92a6bbef94e9.jpg,640,640,1.0,640x640
rls_train_aug_0_2577_jpg.rf.1ad3a8e3bd32694e65002c9410ffff91.jpg,640,640,1.0,640x640
rls_train_aug_0_2577_jpg.rf.5ca7db5d303bdea5671f2d5be90e739c.jpg,640,640,1.0,640x640
rls_train_aug_0_2577_jpg.rf.98fa04479af37cd985786a66b968a97b.jpg,640,640,1.0,640x640
rls_train_aug_0_2579_jpg.rf.426ab97a9153064735a7d935875e9e31.jpg,640,640,1.0,640x640
rls_train_aug_0_2579_jpg.rf.75a7dc7666abd09e129794631a6b24f3.jpg,640,640,1.0,640x640
rls_train_aug_0_2579_jpg.rf.fb3131e929f6f9efb6f57bea01e80a2d.jpg,640,640,1.0,640x640
rls_train_aug_0_257_jpg.rf.2d19c144cd89a513e4c8c9f2172c9b30.jpg,640,640,1.0,640x640
rls_train_aug_0_257_jpg.rf.904ec5bd4a588fe03b54f449b77af820.jpg,640,640,1.0,640x640
rls_train_aug_0_2586_jpg.rf.114411b8e507f712c68fba45c2ff93ee.jpg,640,640,1.0,640x640
rls_train_aug_0_2586_jpg.rf.2225fb93712d000157f8b13ad3d72472.jpg,640,640,1.0,640x640
rls_train_aug_0_2594_jpg.rf.50d9368a3161e2d03e63dbc17e6d108d.jpg,640,640,1.0,640x640
rls_train_aug_0_25_jpg.rf.38d1bc54ca479b080512123da6512f16.jpg,640,640,1.0,640x640
rls_train_aug_0_2605_jpg.rf.6f59530e7740a79badfc208104017469.jpg,640,640,1.0,640x640
rls_train_aug_0_2622_jpg.rf.3c7114c04e2527b1e03da5b4e591edd0.jpg,640,640,1.0,640x640
rls_train_aug_0_2622_jpg.rf.ac7e2446876ee0f16b75a8b3685be991.jpg,640,640,1.0,640x640
rls_train_aug_0_2641_jpg.rf.5c566f34486574f7d444a56183057bff.jpg,640,640,1.0,640x640
rls_train_aug_0_2660_jpg.rf.ac36a16eff98a3d5e3331f3727460638.jpg,640,640,1.0,640x640
rls_train_aug_0_2660_jpg.rf.ca5001cd2d23c3571e5d43ce28d8d253.jpg,640,640,1.0,640x640
rls_train_aug_0_2665_jpg.rf.2e0f1bdd3b2c4851fc6bc20c08825da8.jpg,640,640,1.0,640x640
rls_train_aug_0_2665_jpg.rf.66755bf117c77f24c2e814f47b550f2f.jpg,640,640,1.0,640x640
rls_train_aug_0_2669_jpg.rf.7cb17456843e15a65940a6df4c19e957.jpg,640,640,1.0,640x640
rls_train_aug_0_2669_jpg.rf.8a23f43b7025aed4e084c27257b451be.jpg,640,640,1.0,640x640
rls_train_aug_0_2677_jpg.rf.8db65c34691128cb06545c715fe555bd.jpg,640,640,1.0,640x640
rls_train_aug_0_2677_jpg.rf.bbd4e9fd31fd4fa798a857e99571489d.jpg,640,640,1.0,640x640
rls_train_aug_0_2678_jpg.rf.03c7a2452d64c1039fc41f6dd2b49635.jpg,640,640,1.0,640x640
rls_train_aug_0_2678_jpg.rf.224291dc04f6f2d342dac93a16618f83.jpg,640,640,1.0,640x640
rls_train_aug_0_2679_jpg.rf.462c14aecb269fee046fefd6a9045fb2.jpg,640,640,1.0,640x640
rls_train_aug_0_2682_jpg.rf.3d980f3879bd579b743b748421c61cf6.jpg,640,640,1.0,640x640
rls_train_aug_0_2682_jpg.rf.d926aea8385902998351c5a24e6df842.jpg,640,640,1.0,640x640
rls_train_aug_0_2683_jpg.rf.6d2463955c7848162c20915eb777e190.jpg,640,640,1.0,640x640
rls_train_aug_0_2683_jpg.rf.9d1f748db373f3b8b79dba3e40f6c1d1.jpg,640,640,1.0,640x640
rls_train_aug_0_2685_jpg.rf.311bcb073e23f158cd42e0475bb46a0f.jpg,640,640,1.0,640x640
rls_train_aug_0_2685_jpg.rf.dd8db96c1027555b37c0f52a37af4172.jpg,640,640,1.0,640x640
rls_train_aug_0_2696_jpg.rf.31c0ac8640112ac9a16f4d62ba6ab007.jpg,640,640,1.0,640x640
rls_train_aug_0_2696_jpg.rf.362ad246103fb3b69f8a3691a8ac7400.jpg,640,640,1.0,640x640
rls_train_aug_0_2696_jpg.rf.abb59c942b3c7c8e2eb92e84f2b8cf4d.jpg,640,640,1.0,640x640
rls_train_aug_0_26_jpg.rf.6baf1c45a94e420eb939ed6722da5c4f.jpg,640,640,1.0,640x640
rls_train_aug_0_26_jpg.rf.725a36f6feddba8054ce5b3e2822df04.jpg,640,640,1.0,640x640
rls_train_aug_0_26_jpg.rf.78ddc3fd3511964ce3552b7c3cda7e62.jpg,640,640,1.0,640x640
rls_train_aug_0_2711_jpg.rf.42bb789d50f6631742ff27b60c6733a9.jpg,640,640,1.0,640x640
rls_train_aug_0_2712_jpg.rf.3e204ef0fb5fb7c8f66234649b382b00.jpg,640,640,1.0,640x640
rls_train_aug_0_2712_jpg.rf.622f7ebaafaab01de99fc26f14ededef.jpg,640,640,1.0,640x640
rls_train_aug_0_2713_jpg.rf.ac33b3f4bedbc1474d8256da770f0905.jpg,640,640,1.0,640x640
rls_train_aug_0_2713_jpg.rf.e8faaebb698390766338ca174d1b6fe7.jpg,640,640,1.0,640x640
rls_train_aug_0_2716_jpg.rf.0eff6d7faf8510d83ab934b3674110ba.jpg,640,640,1.0,640x640
rls_train_aug_0_2716_jpg.rf.73d8a8e0316e8e06d0ec8ce4e6e3fb71.jpg,640,640,1.0,640x640
rls_train_aug_0_271_jpg.rf.2f9ee596b537d545d4b466d653e6ea99.jpg,640,640,1.0,640x640
rls_train_aug_0_271_jpg.rf.8c8b666da667a1d35d3008ad3ee11af5.jpg,640,640,1.0,640x640
rls_train_aug_0_271_jpg.rf.924d943bb117a163e1e26d2081526f12.jpg,640,640,1.0,640x640
rls_train_aug_0_2720_jpg.rf.a3942a3544059b585c1d748be2634506.jpg,640,640,1.0,640x640
rls_train_aug_0_2720_jpg.rf.b5a6d570d55c2cd4f77943c5a52b3346.jpg,640,640,1.0,640x640
rls_train_aug_0_2721_jpg.rf.ce0596202f38197cd7149cf221eda321.jpg,640,640,1.0,640x640
rls_train_aug_0_2721_jpg.rf.dc51036047b9ecc6a55ae4a6ab0e7086.jpg,640,640,1.0,640x640
rls_train_aug_0_2728_jpg.rf.643f4445f7641f6aad44c97270934087.jpg,640,640,1.0,640x640
rls_train_aug_0_2728_jpg.rf.ef370ff80196ae96a5f97528b86ec8f9.jpg,640,640,1.0,640x640
rls_train_aug_0_2732_jpg.rf.687d700943d10d644c78bda9e7f60ca3.jpg,640,640,1.0,640x640
rls_train_aug_0_2732_jpg.rf.75a539dbbbb8fa53b8a661b2311a75e8.jpg,640,640,1.0,640x640
rls_train_aug_0_2737_jpg.rf.19403da550d129a83206b4b7feee23d6.jpg,640,640,1.0,640x640
rls_train_aug_0_2737_jpg.rf.d8e4cbd5bf2f740b90249acdfee70a5f.jpg,640,640,1.0,640x640
rls_train_aug_0_2741_jpg.rf.ee84050b4358ee579db2becd4da407ef.jpg,640,640,1.0,640x640
rls_train_aug_0_2741_jpg.rf.fd2005a5c0ad3abaadb8ca29a37bc5a7.jpg,640,640,1.0,640x640
rls_train_aug_0_2744_jpg.rf.52c13bc8b4bfaa6832079f3f2cf446c1.jpg,640,640,1.0,640x640
rls_train_aug_0_2744_jpg.rf.7456a6e491dddb6d626b9eece94f6646.jpg,640,640,1.0,640x640
rls_train_aug_0_2744_jpg.rf.c0a235051bc0f8a378d5c0ba010440a7.jpg,640,640,1.0,640x640
rls_train_aug_0_2760_jpg.rf.3857cacc27639d0413f689101b782c8f.jpg,640,640,1.0,640x640
rls_train_aug_0_2760_jpg.rf.f8e595f7a35dfe7289a4ac04ab8d0b2c.jpg,640,640,1.0,640x640
rls_train_aug_0_2774_jpg.rf.5ec09d0a1127614f7e54d3887359c13d.jpg,640,640,1.0,640x640
rls_train_aug_0_2781_jpg.rf.ab7030021ac773c6256567c43175cbf0.jpg,640,640,1.0,640x640
rls_train_aug_0_2781_jpg.rf.ec2a3e4a30f5e09cb94b30b0d9a340bd.jpg,640,640,1.0,640x640
rls_train_aug_0_2785_jpg.rf.b1c893b19fb8017eab2aeafbcd78d2cf.jpg,640,640,1.0,640x640
rls_train_aug_0_2785_jpg.rf.c7d734c0aced877089aa527e45362bb8.jpg,640,640,1.0,640x640
rls_train_aug_0_280_jpg.rf.28bc0089a93315a5cca25caf1badd1b2.jpg,640,640,1.0,640x640
rls_train_aug_0_280_jpg.rf.9d1511d304f1dbf5de7e34fc299b627b.jpg,640,640,1.0,640x640
rls_train_aug_0_280_jpg.rf.a2b848602a8e7892e681a1a8422f8cc6.jpg,640,640,1.0,640x640
rls_train_aug_0_2821_jpg.rf.8ec041f3790cb0c741e71759bf0d7269.jpg,640,640,1.0,640x640
rls_train_aug_0_2822_jpg.rf.427079afb12be0db328ec88e54b6ca56.jpg,640,640,1.0,640x640
rls_train_aug_0_2822_jpg.rf.4cb60af625f960f30be3fc7a431b6798.jpg,640,640,1.0,640x640
rls_train_aug_0_2827_jpg.rf.ea82e7b0d516f26b2caf87385eb70392.jpg,640,640,1.0,640x640
rls_train_aug_0_2830_jpg.rf.9d5440d6704132a97a1a79148448ebf5.jpg,640,640,1.0,640x640
rls_train_aug_0_2835_jpg.rf.0e2a98c71bfa04dc1764c0fe9ced40c5.jpg,640,640,1.0,640x640
rls_train_aug_0_2845_jpg.rf.389639497e06dc9227f044f2942ebc10.jpg,640,640,1.0,640x640
rls_train_aug_0_2853_jpg.rf.7fd8cc0b6c9a00c1e26d01782f999040.jpg,640,640,1.0,640x640
rls_train_aug_0_2853_jpg.rf.9c43d73cf9db20caecdf8e9a02fbf274.jpg,640,640,1.0,640x640
rls_train_aug_0_2854_jpg.rf.1b99a6e0269463224719f2dcab7edf4f.jpg,640,640,1.0,640x640
rls_train_aug_0_2854_jpg.rf.854650a610394340da4a72b9877908b1.jpg,640,640,1.0,640x640
rls_train_aug_0_2856_jpg.rf.5548573085791f10704c2bd1af8a8081.jpg,640,640,1.0,640x640
rls_train_aug_0_2863_jpg.rf.1d3c0d37c62ed9259b8dd744017042e3.jpg,640,640,1.0,640x640
rls_train_aug_0_2863_jpg.rf.1d62391b07553584379b797319e0085f.jpg,640,640,1.0,640x640
rls_train_aug_0_2867_jpg.rf.4b6de6652937993fed7ad1e72711f012.jpg,640,640,1.0,640x640
rls_train_aug_0_2870_jpg.rf.09ca16c277a860fbd77401a00c8145bb.jpg,640,640,1.0,640x640
rls_train_aug_0_2871_jpg.rf.0e5d75dc8db8993cd9077675b57ad641.jpg,640,640,1.0,640x640
rls_train_aug_0_2871_jpg.rf.7e8324b22e3c14b354b25cd35aada3a1.jpg,640,640,1.0,640x640
rls_train_aug_0_2871_jpg.rf.ecd9d56f7bc8e01b3a34d4c42a706652.jpg,640,640,1.0,640x640
rls_train_aug_0_2872_jpg.rf.26eea22f4ecbc7f5c90fe3fab6534d63.jpg,640,640,1.0,640x640
rls_train_aug_0_2872_jpg.rf.341574232a4a78c485bdecbf7b471255.jpg,640,640,1.0,640x640
rls_train_aug_0_2872_jpg.rf.ab66093441988dca971f80bac6959cee.jpg,640,640,1.0,640x640
rls_train_aug_0_2881_jpg.rf.d85136388ce4b23b8307ac9b7ed0b7b6.jpg,640,640,1.0,640x640
rls_train_aug_0_2881_jpg.rf.e5a38b42adf8e983bb6ca9ee7c9442df.jpg,640,640,1.0,640x640
rls_train_aug_0_2889_jpg.rf.27bfaebb013dcd8a095d9a1d5b4be97a.jpg,640,640,1.0,640x640
rls_train_aug_0_2889_jpg.rf.d454096b5cb188c6a36809a8c926e65a.jpg,640,640,1.0,640x640
rls_train_aug_0_28_jpg.rf.6d6794109833e5295bdeb0a55ae41683.jpg,640,640,1.0,640x640
rls_train_aug_0_28_jpg.rf.73fc8597556b6cd25c976ddbdf075481.jpg,640,640,1.0,640x640
rls_train_aug_0_2903_jpg.rf.096583cf8f997293447f32afca59f6a2.jpg,640,640,1.0,640x640
rls_train_aug_0_2903_jpg.rf.6dd099e524e756e29ed539b4f759455a.jpg,640,640,1.0,640x640
rls_train_aug_0_2917_jpg.rf.1886bf1c9f072ea35209eb751673d5b6.jpg,640,640,1.0,640x640
rls_train_aug_0_2917_jpg.rf.6d7e789a6f00d560ef9123367690600b.jpg,640,640,1.0,640x640
rls_train_aug_0_2917_jpg.rf.b0fb7ee2edc2c98a1cc10732b1e3e978.jpg,640,640,1.0,640x640
rls_train_aug_0_2944_jpg.rf.83b1eda47a9540da4645f8b5a2aae77d.jpg,640,640,1.0,640x640
rls_train_aug_0_2944_jpg.rf.b063e63d65a46fdba3d9855b39b3629e.jpg,640,640,1.0,640x640
rls_train_aug_0_2961_jpg.rf.cdac2d8582fb8f7753fba6eed5bfa2f0.jpg,640,640,1.0,640x640
rls_train_aug_0_2961_jpg.rf.d522a809c4c84bb6d9c91487de637462.jpg,640,640,1.0,640x640
rls_train_aug_0_2970_jpg.rf.059218bbaa40463c7fb58c093a7ef765.jpg,640,640,1.0,640x640
rls_train_aug_0_2970_jpg.rf.60a3e8f51fc5d67020757d13be487389.jpg,640,640,1.0,640x640
rls_train_aug_0_2970_jpg.rf.7d63b0907d644a1417d5c75427102d6b.jpg,640,640,1.0,640x640
rls_train_aug_0_2979_jpg.rf.93257b697fe06747be3898e2e57d113a.jpg,640,640,1.0,640x640
rls_train_aug_0_2979_jpg.rf.9e86f965702985a38b710f9a9e52acb1.jpg,640,640,1.0,640x640
rls_train_aug_0_2979_jpg.rf.ad25aabfb492a82de3b24d9e715d6d94.jpg,640,640,1.0,640x640
rls_train_aug_0_2990_jpg.rf.343e12fb386ff1c891c808f0c0e026ab.jpg,640,640,1.0,640x640
rls_train_aug_0_2990_jpg.rf.827391a3153d18d57d23ba54a96fdb26.jpg,640,640,1.0,640x640
rls_train_aug_0_2993_jpg.rf.31472f1afa6441d88eb7a14aa503c1bf.jpg,640,640,1.0,640x640
rls_train_aug_0_2993_jpg.rf.51443d6acc6e9fa3153c1e424f5a380d.jpg,640,640,1.0,640x640
rls_train_aug_0_3008_jpg.rf.6d0067d1ce551d51368b55b7272bd9db.jpg,640,640,1.0,640x640
rls_train_aug_0_3008_jpg.rf.ebf443e4fea7fecf25047787c2cb8838.jpg,640,640,1.0,640x640
rls_train_aug_0_3017_jpg.rf.4776260ab65887126b9df8411fae0663.jpg,640,640,1.0,640x640
rls_train_aug_0_3017_jpg.rf.ddcbf20618eedfccbbb177c9fcb1607f.jpg,640,640,1.0,640x640
rls_train_aug_0_3035_jpg.rf.0b4aca511f418aab5411bd69ce17bf01.jpg,640,640,1.0,640x640
rls_train_aug_0_3035_jpg.rf.41df9b111fa14885a1a1dae2a56b7890.jpg,640,640,1.0,640x640
rls_train_aug_0_3039_jpg.rf.2e6c34ae573918b7a952308704b906f9.jpg,640,640,1.0,640x640
rls_train_aug_0_3039_jpg.rf.3d597159f467f12b26e0a9d7f21b1caa.jpg,640,640,1.0,640x640
rls_train_aug_0_304_jpg.rf.78563c48018b83ad3e692379815f0719.jpg,640,640,1.0,640x640
rls_train_aug_0_304_jpg.rf.ccecf61dcf76bac2d0d74b159a045d1d.jpg,640,640,1.0,640x640
rls_train_aug_0_3052_jpg.rf.86aa2a083c3a874ff6604e0b929a22bc.jpg,640,640,1.0,640x640
rls_train_aug_0_3052_jpg.rf.88726f2d730a2f4a76886a8e9f69946d.jpg,640,640,1.0,640x640
rls_train_aug_0_3052_jpg.rf.8cd615b400b4da728ccc2c12b152ea2e.jpg,640,640,1.0,640x640
rls_train_aug_0_3052_jpg.rf.90c2464dcccf5672744597584ce59170.jpg,640,640,1.0,640x640
rls_train_aug_0_3052_jpg.rf.cd1ce9398af79d3c1b150bf7dff3f91d.jpg,640,640,1.0,640x640
rls_train_aug_0_3059_jpg.rf.2b5af61bf8a18b7fd4c8b4bc2875c3fb.jpg,640,640,1.0,640x640
rls_train_aug_0_3059_jpg.rf.e7bacbc0040526f2f47d8f2f64421f9a.jpg,640,640,1.0,640x640
rls_train_aug_0_3064_jpg.rf.5fe6216e9cc5df485bfbb1667c233001.jpg,640,640,1.0,640x640
rls_train_aug_0_3064_jpg.rf.7331a428e6e5ea8c78497e155ed58d78.jpg,640,640,1.0,640x640
rls_train_aug_0_3064_jpg.rf.8e4d5fa660b2988b93f45dd0c523eed3.jpg,640,640,1.0,640x640
rls_train_aug_0_3068_jpg.rf.22a7f092c75c7c653822d879f372fdd7.jpg,640,640,1.0,640x640
rls_train_aug_0_3073_jpg.rf.407b1446e388904fd9c8466f20e691c7.jpg,640,640,1.0,640x640
rls_train_aug_0_3073_jpg.rf.a467d647344e82c511aabc197ff77e52.jpg,640,640,1.0,640x640
rls_train_aug_0_3079_jpg.rf.697896673ff5ad2dc386b4373ea3b85c.jpg,640,640,1.0,640x640
rls_train_aug_0_3079_jpg.rf.7d2c86ec31b4eba11f4b22f81fa97a44.jpg,640,640,1.0,640x640
rls_train_aug_0_3080_jpg.rf.691807fd269af502375d435bbf3cbb63.jpg,640,640,1.0,640x640
rls_train_aug_0_3080_jpg.rf.833dd04779c8656c0b055426a1a2f441.jpg,640,640,1.0,640x640
rls_train_aug_0_3087_jpg.rf.41cc554b725ad9737ffa250c6d034d60.jpg,640,640,1.0,640x640
rls_train_aug_0_3087_jpg.rf.edfcc435ea6f21dcd3ca97996213a9f4.jpg,640,640,1.0,640x640
rls_train_aug_0_3096_jpg.rf.5fd8ec5b67c43e0cbc8d1541bb867561.jpg,640,640,1.0,640x640
rls_train_aug_0_3096_jpg.rf.f95014917e2deb8d18509347514d110b.jpg,640,640,1.0,640x640
rls_train_aug_0_3113_jpg.rf.e8b9f59b47534679449ceab651f2263d.jpg,640,640,1.0,640x640
rls_train_aug_0_3117_jpg.rf.889b808aad77b9fd1ec60de8b42ea20b.jpg,640,640,1.0,640x640
rls_train_aug_0_3126_jpg.rf.586a4b9b6cfad4dd5597741d8075087d.jpg,640,640,1.0,640x640
rls_train_aug_0_3126_jpg.rf.822695b28580a23b45529f7f5a662fed.jpg,640,640,1.0,640x640
rls_train_aug_0_3128_jpg.rf.6ae15185183b2bf25e4328f36a05785d.jpg,640,640,1.0,640x640
rls_train_aug_0_3132_jpg.rf.a7ba4c52ecf1e274debf1eaea21e104a.jpg,640,640,1.0,640x640
rls_train_aug_0_3132_jpg.rf.edfd6a1894b0ffa6bef65eb4eaf976c4.jpg,640,640,1.0,640x640
rls_train_aug_0_3143_jpg.rf.1d1c02dcc17be9358810b72fb1bd86cc.jpg,640,640,1.0,640x640
rls_train_aug_0_3143_jpg.rf.932d665f270ae20f910c3dbfbb6b044f.jpg,640,640,1.0,640x640
rls_train_aug_0_3149_jpg.rf.0fd935006532da78e883ce79ee61065b.jpg,640,640,1.0,640x640
rls_train_aug_0_314_jpg.rf.c1ec1fc51f2c5eacfa5b04cf6fcb33c9.jpg,640,640,1.0,640x640
rls_train_aug_0_3151_jpg.rf.699c510e17db49f6dd59c7d9b1fe01dd.jpg,640,640,1.0,640x640
rls_train_aug_0_3151_jpg.rf.b8e23e3846e43837716eb24b51f887aa.jpg,640,640,1.0,640x640
rls_train_aug_0_316_jpg.rf.1db9e52bea52da1d9266a9b6fc7bec5a.jpg,640,640,1.0,640x640
rls_train_aug_0_316_jpg.rf.745422a09a10975367ea3dea0600fea1.jpg,640,640,1.0,640x640
rls_train_aug_0_3178_jpg.rf.6fd076dcfaa404e284661d6d49a9ee4d.jpg,640,640,1.0,640x640
rls_train_aug_0_3178_jpg.rf.7007c74215675db78ef412cbe629b424.jpg,640,640,1.0,640x640
rls_train_aug_0_318_jpg.rf.c70a8611bacd58fc67be277d5f020506.jpg,640,640,1.0,640x640
rls_train_aug_0_318_jpg.rf.e9402e9b6f6296a855744987a99a9600.jpg,640,640,1.0,640x640
rls_train_aug_0_3195_jpg.rf.b6a34272d31543961d58f6f2308d3898.jpg,640,640,1.0,640x640
rls_train_aug_0_3195_jpg.rf.bb78c4ffd082720fb2728249867fea02.jpg,640,640,1.0,640x640
rls_train_aug_0_3199_jpg.rf.2918fb9e24e7e669724e34096553b1fa.jpg,640,640,1.0,640x640
rls_train_aug_0_3203_jpg.rf.cdefb765162c794fd709b9b8b3911d7c.jpg,640,640,1.0,640x640
rls_train_aug_0_3203_jpg.rf.d54609c3105df8a2dcb1effd01879e26.jpg,640,640,1.0,640x640
rls_train_aug_0_3216_jpg.rf.74e5e52e970b263024a9d550f3302b56.jpg,640,640,1.0,640x640
rls_train_aug_0_3216_jpg.rf.b8020d93059aa54b4080d6c83d56fd01.jpg,640,640,1.0,640x640
rls_train_aug_0_321_jpg.rf.4591c731aa95bea3fa923521084b77cd.jpg,640,640,1.0,640x640
rls_train_aug_0_321_jpg.rf.a2b6d9f44e67e976dcdb71b4829a6d65.jpg,640,640,1.0,640x640
rls_train_aug_0_321_jpg.rf.b2c0dfb7135cc92319b112fbbd00b1cf.jpg,640,640,1.0,640x640
rls_train_aug_0_321_jpg.rf.c3c2c8e378ee53d905890a4d76a534c0.jpg,640,640,1.0,640x640
rls_train_aug_0_322_jpg.rf.2ba1c5d6e5f58e39162d2cbf111d682b.jpg,640,640,1.0,640x640
rls_train_aug_0_322_jpg.rf.59ff9b71d4a69231e9cf45e696d53602.jpg,640,640,1.0,640x640
rls_train_aug_0_322_jpg.rf.cd3838209cde4e626522ecadd6c73990.jpg,640,640,1.0,640x640
rls_train_aug_0_3236_jpg.rf.ad9dc649a509069af87928f4ea65e6f6.jpg,640,640,1.0,640x640
rls_train_aug_0_3236_jpg.rf.e7430e19b77b000af0dc84757c51cafb.jpg,640,640,1.0,640x640
rls_train_aug_0_323_jpg.rf.55dbc58b5a24bb2110a88e4688ded2dd.jpg,640,640,1.0,640x640
rls_train_aug_0_323_jpg.rf.997731f0fad2bd8e79ad131bb3bfae86.jpg,640,640,1.0,640x640
rls_train_aug_0_324_jpg.rf.8bb73a930bc15f56498242e2b0af7da4.jpg,640,640,1.0,640x640
rls_train_aug_0_324_jpg.rf.ea53b5ceccaa24227facc619fb86d651.jpg,640,640,1.0,640x640
rls_train_aug_0_3253_jpg.rf.ab2d3dee4a1916d347ccb87e6b8940fa.jpg,640,640,1.0,640x640
rls_train_aug_0_3260_jpg.rf.4f4eb55dc171b747e993d680c4453feb.jpg,640,640,1.0,640x640
rls_train_aug_0_3260_jpg.rf.5d2e6e903463c78e8493fddc07c27b21.jpg,640,640,1.0,640x640
rls_train_aug_0_3260_jpg.rf.d1e4e6d444f74c10e83411dd460dd432.jpg,640,640,1.0,640x640
rls_train_aug_0_3269_jpg.rf.8a3e84defd78fc418c7a1510928c5160.jpg,640,640,1.0,640x640
rls_train_aug_0_326_jpg.rf.35ee24b3f73af4216545026d8921d495.jpg,640,640,1.0,640x640
rls_train_aug_0_326_jpg.rf.f671779846aa8bb831bcbcf02baac08f.jpg,640,640,1.0,640x640
rls_train_aug_0_3279_jpg.rf.1a9c2fcdac6f2956454ac1345dcfad8d.jpg,640,640,1.0,640x640
rls_train_aug_0_3279_jpg.rf.315b7270e8e948ea9b2734d90bae0f60.jpg,640,640,1.0,640x640
rls_train_aug_0_3279_jpg.rf.e387424e19f8d5120c3f755f4bb7aabf.jpg,640,640,1.0,640x640
rls_train_aug_0_327_jpg.rf.03bf6adf0f62d243fec927a8dc91705a.jpg,640,640,1.0,640x640
rls_train_aug_0_327_jpg.rf.104c8f97ed1d40c84fb63b80042b057a.jpg,640,640,1.0,640x640
rls_train_aug_0_327_jpg.rf.68f31f433b90d3f1296de7dc40773e27.jpg,640,640,1.0,640x640
rls_train_aug_0_327_jpg.rf.c81e631a0850ae6b2458666491b30ae6.jpg,640,640,1.0,640x640
rls_train_aug_0_3292_jpg.rf.289b5e66b74d78c6f8252fd4c2d26687.jpg,640,640,1.0,640x640
rls_train_aug_0_3292_jpg.rf.67558d1531e85a686c66d060e2bfb88e.jpg,640,640,1.0,640x640
rls_train_aug_0_3292_jpg.rf.9bbc6b3b1470569ab8fb70504c81cdfe.jpg,640,640,1.0,640x640
rls_train_aug_0_3293_jpg.rf.5bc946b02d9d9ddd48e2b60146c26a1d.jpg,640,640,1.0,640x640
rls_train_aug_0_32_jpg.rf.3d4ce9ffe7076badcd0abf12cd169693.jpg,640,640,1.0,640x640
rls_train_aug_0_3306_jpg.rf.024d16f6f20cd268452cb48f5d244ae7.jpg,640,640,1.0,640x640
rls_train_aug_0_3306_jpg.rf.598d7ef589d688be1c0622fd7c516a1a.jpg,640,640,1.0,640x640
rls_train_aug_0_3308_jpg.rf.58fc4f6d709a902de1a8557a574c5406.jpg,640,640,1.0,640x640
rls_train_aug_0_3308_jpg.rf.ad069279d34210b67ea30b669a65a801.jpg,640,640,1.0,640x640
rls_train_aug_0_331_jpg.rf.b28ba23090ab9a6e612fc78ce7e75ae0.jpg,640,640,1.0,640x640
rls_train_aug_0_3325_jpg.rf.b702f80f9cc67ca6dc374816a74095cc.jpg,640,640,1.0,640x640
rls_train_aug_0_332_jpg.rf.499efcb0879664e9c25b7141a4a10a52.jpg,640,640,1.0,640x640
rls_train_aug_0_332_jpg.rf.bbd999a2c31dbb5d70e483f37d9cfe76.jpg,640,640,1.0,640x640
rls_train_aug_0_3332_jpg.rf.122d52fde7103c73a70a95a36d218808.jpg,640,640,1.0,640x640
rls_train_aug_0_3334_jpg.rf.5e3c4510528e54b107ac7e89f19a83e6.jpg,640,640,1.0,640x640
rls_train_aug_0_3334_jpg.rf.9c6bfdf4b37e58ccf4e6e6a334553d53.jpg,640,640,1.0,640x640
rls_train_aug_0_3338_jpg.rf.1e6cd163999f79518b9409d711ee562c.jpg,640,640,1.0,640x640
rls_train_aug_0_3338_jpg.rf.5b8b69cbae8a0fd05af079c9f1f2e89a.jpg,640,640,1.0,640x640
rls_train_aug_0_3338_jpg.rf.fd71597a0b7aaa4fbf638c3b7e9fd2be.jpg,640,640,1.0,640x640
rls_train_aug_0_3346_jpg.rf.7c610e3148143fefd319584b31441cb1.jpg,640,640,1.0,640x640
rls_train_aug_0_3346_jpg.rf.98107e4b13775f591dbb3fe83c854cbe.jpg,640,640,1.0,640x640
rls_train_aug_0_334_jpg.rf.00888bf9df17917066bdc4dffd09589c.jpg,640,640,1.0,640x640
rls_train_aug_0_334_jpg.rf.66af4a03f3804f9c211fc9dacc818cd6.jpg,640,640,1.0,640x640
rls_train_aug_0_334_jpg.rf.eea790e19eef19b2fc81ab201a1c7579.jpg,640,640,1.0,640x640
rls_train_aug_0_3352_jpg.rf.134139cd0c9ac03fe06ace530aa8bd9b.jpg,640,640,1.0,640x640
rls_train_aug_0_3359_jpg.rf.3423317cee79710739673f6ee2a0baaa.jpg,640,640,1.0,640x640
rls_train_aug_0_3359_jpg.rf.e2b8699bc7f56c1fb33fd42a5365e3f0.jpg,640,640,1.0,640x640
rls_train_aug_0_335_jpg.rf.3793e373e4676b9b502f66b728de2dc7.jpg,640,640,1.0,640x640
rls_train_aug_0_3365_jpg.rf.6729601a09c4c3a1af79c1998b820462.jpg,640,640,1.0,640x640
rls_train_aug_0_3365_jpg.rf.7f0c4f3d8340939a1826e47f1fe5b020.jpg,640,640,1.0,640x640
rls_train_aug_0_3365_jpg.rf.e17137123689e7ff1073e9d2e6662192.jpg,640,640,1.0,640x640
rls_train_aug_0_3369_jpg.rf.40341500165a3b332963f016658e3a77.jpg,640,640,1.0,640x640
rls_train_aug_0_3376_jpg.rf.72bc670bb928e4a3c1c22cedf701ce92.jpg,640,640,1.0,640x640
rls_train_aug_0_3376_jpg.rf.73197e36a5ce43b22623d6ee242c55ed.jpg,640,640,1.0,640x640
rls_train_aug_0_3382_jpg.rf.3a7fc7267b421e7d54c8bf2ecd8d706d.jpg,640,640,1.0,640x640
rls_train_aug_0_3382_jpg.rf.7d327729595110e9a3422bddad68de93.jpg,640,640,1.0,640x640
rls_train_aug_0_33_jpg.rf.535cdbec7a16ff7938686a0645d21f27.jpg,640,640,1.0,640x640
rls_train_aug_0_3407_jpg.rf.5c295a3ee8759795cc2945f81ec7988b.jpg,640,640,1.0,640x640
rls_train_aug_0_3407_jpg.rf.ec326560c9b0091dd760cd5c9413a383.jpg,640,640,1.0,640x640
rls_train_aug_0_3411_jpg.rf.57dd572cb28ad166a4967807f19d4b26.jpg,640,640,1.0,640x640
rls_train_aug_0_3411_jpg.rf.d83f46331fc37e6ef325b738fe0c1c84.jpg,640,640,1.0,640x640
rls_train_aug_0_3431_jpg.rf.31b2221f657f95626a75ed816b133eff.jpg,640,640,1.0,640x640
rls_train_aug_0_3431_jpg.rf.8fe9b0cf7f6db94b45c6e28d4b520e11.jpg,640,640,1.0,640x640
rls_train_aug_0_344_jpg.rf.898d2360c122ed1c8f2957b579ef1c83.jpg,640,640,1.0,640x640
rls_train_aug_0_344_jpg.rf.91ab6f068e37990071b250b3eafe966b.jpg,640,640,1.0,640x640
rls_train_aug_0_344_jpg.rf.f4191ddcd16ccf0d31ce1f3f180cede4.jpg,640,640,1.0,640x640
rls_train_aug_0_344_jpg.rf.fd8f2dfe93fd6257a6eaf4ddd907aa51.jpg,640,640,1.0,640x640
rls_train_aug_0_3453_jpg.rf.a05c903db6f68025f393525a8f964b1e.jpg,640,640,1.0,640x640
rls_train_aug_0_3453_jpg.rf.ce014be9c4c920a7c1ae9249f9aaadf2.jpg,640,640,1.0,640x640
rls_train_aug_0_3453_jpg.rf.dac92c9fc7d9adc274b18726f1627f9d.jpg,640,640,1.0,640x640
rls_train_aug_0_3465_jpg.rf.29317bb9a805659e590566f8a2da3dd7.jpg,640,640,1.0,640x640
rls_train_aug_0_3465_jpg.rf.57fa4d4e00cd4280b6a889f69be2a6c0.jpg,640,640,1.0,640x640
rls_train_aug_0_3465_jpg.rf.877b0c9e36f1bb1bfede7b13402d3589.jpg,640,640,1.0,640x640
rls_train_aug_0_3469_jpg.rf.82d4b6631071c7b3bf4d36b0b29eef35.jpg,640,640,1.0,640x640
rls_train_aug_0_3469_jpg.rf.a158631fb1a319ee65120e5c602b4af8.jpg,640,640,1.0,640x640
rls_train_aug_0_3493_jpg.rf.503e0568b2a6420c759e0e1598dee9c6.jpg,640,640,1.0,640x640
rls_train_aug_0_3495_jpg.rf.4805d36b8b419342c8842eca079497de.jpg,640,640,1.0,640x640
rls_train_aug_0_3495_jpg.rf.ac26cba14ac6436070c4e568ce4ea3de.jpg,640,640,1.0,640x640
rls_train_aug_0_3497_jpg.rf.a30b556a38cbd045efdce82808774eaf.jpg,640,640,1.0,640x640
rls_train_aug_0_349_jpg.rf.bb97194b6c72435b414a0da90a071167.jpg,640,640,1.0,640x640
rls_train_aug_0_3502_jpg.rf.0799f8797199c17f2d861c79e93c8c5a.jpg,640,640,1.0,640x640
rls_train_aug_0_3502_jpg.rf.87da64b2a963872c2e118f0699eb6794.jpg,640,640,1.0,640x640
rls_train_aug_0_351_jpg.rf.16646f37e4739350df28746478dfa693.jpg,640,640,1.0,640x640
rls_train_aug_0_3543_jpg.rf.d4d01b1fc48fcafea0a318dd7917a415.jpg,640,640,1.0,640x640
rls_train_aug_0_354_jpg.rf.bb0137aecc5641f5fe6ce61bc7e1dca8.jpg,640,640,1.0,640x640
rls_train_aug_0_3550_jpg.rf.6c0b6e23802fb09f33bfd260ac03ad41.jpg,640,640,1.0,640x640
rls_train_aug_0_3560_jpg.rf.8babcbd9d0a5352cb4f0b93cb0a89bd0.jpg,640,640,1.0,640x640
rls_train_aug_0_3560_jpg.rf.94a94a03e4befc6c663d42b05f7d5eb9.jpg,640,640,1.0,640x640
rls_train_aug_0_3570_jpg.rf.04f19eec1e60f905023bb119f35cc060.jpg,640,640,1.0,640x640
rls_train_aug_0_3570_jpg.rf.60bc5a20c6db3077f43721212d67cfd8.jpg,640,640,1.0,640x640
rls_train_aug_0_3570_jpg.rf.83efa1c58e365f71d5f9bd4620013ac4.jpg,640,640,1.0,640x640
rls_train_aug_0_3573_jpg.rf.183fb7f9a6733270cbc8a9bffd6e7e81.jpg,640,640,1.0,640x640
rls_train_aug_0_3573_jpg.rf.e915b335008ee89c65d88721f34c1a56.jpg,640,640,1.0,640x640
rls_train_aug_0_3579_jpg.rf.450c4738057d172d5bb95563b6d677ef.jpg,640,640,1.0,640x640
rls_train_aug_0_3579_jpg.rf.f67ad2d33ef578bf0981c8fe83e4d79c.jpg,640,640,1.0,640x640
rls_train_aug_0_357_jpg.rf.2ee7423ebdc12ba312b724394718e8e8.jpg,640,640,1.0,640x640
rls_train_aug_0_357_jpg.rf.4cbde279e62629b263738d8d235fba24.jpg,640,640,1.0,640x640
rls_train_aug_0_357_jpg.rf.5adba6fe922542251c80d6f416618daa.jpg,640,640,1.0,640x640
rls_train_aug_0_357_jpg.rf.85929a83af8c03214422229fd5e8d7ce.jpg,640,640,1.0,640x640
rls_train_aug_0_357_jpg.rf.8ffeb19629be3fb5d021b5ba6775a97c.jpg,640,640,1.0,640x640
rls_train_aug_0_3584_jpg.rf.2d0d42034263f88f6dc585fcf0ff4849.jpg,640,640,1.0,640x640
rls_train_aug_0_3584_jpg.rf.3a0532b4e7f1d7a176bbf1a6ea2c4b40.jpg,640,640,1.0,640x640
rls_train_aug_0_3586_jpg.rf.c0fe0ab186974657415b989a1b666820.jpg,640,640,1.0,640x640
rls_train_aug_0_3589_jpg.rf.c1d0d748d1ad901d3f5b40b7c47a4f68.jpg,640,640,1.0,640x640
rls_train_aug_0_3589_jpg.rf.c7313b667b6315107b028ce82bcbb1b4.jpg,640,640,1.0,640x640
rls_train_aug_0_3596_jpg.rf.ce0c83ebb34bb1ba5a6b3dfa69bf97ef.jpg,640,640,1.0,640x640
rls_train_aug_0_3597_jpg.rf.01da218a20bffa24d9a86b38ba3f54d9.jpg,640,640,1.0,640x640
rls_train_aug_0_3597_jpg.rf.05adbe05769e4beb30d29d2b6215da10.jpg,640,640,1.0,640x640
rls_train_aug_0_35_jpg.rf.0b6973837d7118aaa0720acf0c61256b.jpg,640,640,1.0,640x640
rls_train_aug_0_3608_jpg.rf.8e115b6d552039d590cb4ffb5a5f0be4.jpg,640,640,1.0,640x640
rls_train_aug_0_360_jpg.rf.22f203608af0528f4c0a14e629fc53de.jpg,640,640,1.0,640x640
rls_train_aug_0_360_jpg.rf.5b5e61c9b16118a648a08de59a35e7f9.jpg,640,640,1.0,640x640
rls_train_aug_0_360_jpg.rf.f336fc22057757a98f3ac53b627f5d1b.jpg,640,640,1.0,640x640
rls_train_aug_0_3619_jpg.rf.3d11d8ce089a388515be9e7d444c85e1.jpg,640,640,1.0,640x640
rls_train_aug_0_3619_jpg.rf.eec2783f91daf8bc8fb03f338067197b.jpg,640,640,1.0,640x640
rls_train_aug_0_361_jpg.rf.09f2bab8511e4f73c0b5c62774a380da.jpg,640,640,1.0,640x640
rls_train_aug_0_362_jpg.rf.a6827bb73a06aeff3f281a330df2f468.jpg,640,640,1.0,640x640
rls_train_aug_0_3633_jpg.rf.61424b1430f8319bd80d7e22ef0dd2cb.jpg,640,640,1.0,640x640
rls_train_aug_0_3633_jpg.rf.bc03dd46902fe583d4efa24c6acaba83.jpg,640,640,1.0,640x640
rls_train_aug_0_3652_jpg.rf.2a2475a5dfb471971874f0f539b8ecbf.jpg,640,640,1.0,640x640
rls_train_aug_0_3653_jpg.rf.67587ccb260f7ef9d5bd39974284eb8a.jpg,640,640,1.0,640x640
rls_train_aug_0_3653_jpg.rf.94f0c0dc72f27e93753070cd7da0c60b.jpg,640,640,1.0,640x640
rls_train_aug_0_366_jpg.rf.0dc3af6305dd72ed60d9fefccfd9a53e.jpg,640,640,1.0,640x640
rls_train_aug_0_366_jpg.rf.8dc1b94806c3fe7a62ab9e2fa5fd201c.jpg,640,640,1.0,640x640
rls_train_aug_0_366_jpg.rf.c63fbb68f6e7927017fb92a11dcb0054.jpg,640,640,1.0,640x640
rls_train_aug_0_3689_jpg.rf.46112f9fbff0297baec054fcdf0af7a4.jpg,640,640,1.0,640x640
rls_train_aug_0_3689_jpg.rf.e942599c6a0dcb52f43490f9780ba019.jpg,640,640,1.0,640x640
rls_train_aug_0_3689_jpg.rf.eeb73928a3a25013e6cbc40873712838.jpg,640,640,1.0,640x640
rls_train_aug_0_368_jpg.rf.0675d15b7e99e2db379730a3b58f19f9.jpg,640,640,1.0,640x640
rls_train_aug_0_3718_jpg.rf.16f9443582ab14fdc698448b0f12d29d.jpg,640,640,1.0,640x640
rls_train_aug_0_371_jpg.rf.3cc11d06630e18d0ac666ea25ce9d9c1.jpg,640,640,1.0,640x640
rls_train_aug_0_371_jpg.rf.f61eb057c9c9cad59cca5984774f5dc5.jpg,640,640,1.0,640x640
rls_train_aug_0_3734_jpg.rf.e67516d4707cbf3326fee15a42a21514.jpg,640,640,1.0,640x640
rls_train_aug_0_3747_jpg.rf.cf4897cf0ba64ceb1e31d8920cdb24eb.jpg,640,640,1.0,640x640
rls_train_aug_0_3747_jpg.rf.e6c3c1a613cdd9ffbe950541cfeb97c2.jpg,640,640,1.0,640x640
rls_train_aug_0_3757_jpg.rf.e902036bf9544510dbc48c498d62695d.jpg,640,640,1.0,640x640
rls_train_aug_0_3759_jpg.rf.11ac58d36146ddae178f5080714d0a1b.jpg,640,640,1.0,640x640
rls_train_aug_0_3759_jpg.rf.1627ae03203f7b42ac9641ed1faa5b23.jpg,640,640,1.0,640x640
rls_train_aug_0_3776_jpg.rf.357868c8963cda1a5c9b514e35c2e8cb.jpg,640,640,1.0,640x640
rls_train_aug_0_3776_jpg.rf.629a5ca34275085ac99e06d7f6ce1d71.jpg,640,640,1.0,640x640
rls_train_aug_0_378_jpg.rf.6d34ac801ff85295e83d886c5d126ab9.jpg,640,640,1.0,640x640
rls_train_aug_0_3794_jpg.rf.1989cc677f011588fa70968c83c091fe.jpg,640,640,1.0,640x640
rls_train_aug_0_3794_jpg.rf.46735a0927624104cf3723425b432445.jpg,640,640,1.0,640x640
rls_train_aug_0_3794_jpg.rf.8840ce02b6ef1faf2d7632f3ef1bb4cb.jpg,640,640,1.0,640x640
rls_train_aug_0_379_jpg.rf.1a62005bd33c59871d5c4d1b14fec40c.jpg,640,640,1.0,640x640
rls_train_aug_0_379_jpg.rf.66550df54bfdef908ac9af029e5f579c.jpg,640,640,1.0,640x640
rls_train_aug_0_3811_jpg.rf.4dbcee102e8a0c98aa4da95d268ef1f3.jpg,640,640,1.0,640x640
rls_train_aug_0_3841_jpg.rf.298a9b8fc07155f28d5e9262848424f5.jpg,640,640,1.0,640x640
rls_train_aug_0_3841_jpg.rf.4ead4eb4d6cf6ba7947ef445fcca0eca.jpg,640,640,1.0,640x640
rls_train_aug_0_3841_jpg.rf.b95608281d0ad11e93e5c839c00b06f2.jpg,640,640,1.0,640x640
rls_train_aug_0_3847_jpg.rf.1f4030a2ecc1f171fc3c1a307a16e512.jpg,640,640,1.0,640x640
rls_train_aug_0_3847_jpg.rf.7d67083770337c1477a6c09dd734c483.jpg,640,640,1.0,640x640
rls_train_aug_0_3849_jpg.rf.78a9b1d59fef2d53029c68e939da8c62.jpg,640,640,1.0,640x640
rls_train_aug_0_3849_jpg.rf.eab2a81e681d1aaddf27811107786150.jpg,640,640,1.0,640x640
rls_train_aug_0_3853_jpg.rf.5d83bc83c50f6d0369ef5e2fc4d52fbd.jpg,640,640,1.0,640x640
rls_train_aug_0_3853_jpg.rf.8d9529a15b4d4563620e6e8797367aef.jpg,640,640,1.0,640x640
rls_train_aug_0_3854_jpg.rf.7934135e4d5d7eebb8babf833b7c81f4.jpg,640,640,1.0,640x640
rls_train_aug_0_3854_jpg.rf.ae79425efdf8f8a3b11239f7d780ae23.jpg,640,640,1.0,640x640
rls_train_aug_0_3854_jpg.rf.d8be25a457262bbe534aeae0691dd012.jpg,640,640,1.0,640x640
rls_train_aug_0_3863_jpg.rf.3096e548b289c44923a07776e82ec2b3.jpg,640,640,1.0,640x640
rls_train_aug_0_3863_jpg.rf.7ed9a5ead4ba508322d495ee1d0015b8.jpg,640,640,1.0,640x640
rls_train_aug_0_3864_jpg.rf.1f719bc4e3c926b2f41372c037c56a0c.jpg,640,640,1.0,640x640
rls_train_aug_0_3864_jpg.rf.4d45d6b92aad5e230b2a0782a78a0b4a.jpg,640,640,1.0,640x640
rls_train_aug_0_3864_jpg.rf.c2d653d2fbb2fbac7c1e484ac7133b11.jpg,640,640,1.0,640x640
rls_train_aug_0_3867_jpg.rf.bd97335ba512e586e8e0ffbbb6617158.jpg,640,640,1.0,640x640
rls_train_aug_0_3868_jpg.rf.1590ce6f17c4cf80be898891b89236f4.jpg,640,640,1.0,640x640
rls_train_aug_0_3868_jpg.rf.654fce0868b1c85b335aacc2bac33fb8.jpg,640,640,1.0,640x640
rls_train_aug_0_3876_jpg.rf.3db0483bf4298042904406ed31083a6a.jpg,640,640,1.0,640x640
rls_train_aug_0_3876_jpg.rf.9eba6e31bf2e6aaaafd44d38a3e57e02.jpg,640,640,1.0,640x640
rls_train_aug_0_387_jpg.rf.0f36b9b56853cf1b0427666bd82257dd.jpg,640,640,1.0,640x640
rls_train_aug_0_387_jpg.rf.5748e5a704f4979d7f70d01c4ddf651b.jpg,640,640,1.0,640x640
rls_train_aug_0_387_jpg.rf.9f107b8ae5faab76568eb4bbfb95edb5.jpg,640,640,1.0,640x640
rls_train_aug_0_387_jpg.rf.a0da324f8241eef79bdca74b3d18d35e.jpg,640,640,1.0,640x640
rls_train_aug_0_387_jpg.rf.a400e1258cbc8ac5dc79393e1a5b2bfd.jpg,640,640,1.0,640x640
rls_train_aug_0_387_jpg.rf.bd95c41426f4d5eb9a022e4218dfe760.jpg,640,640,1.0,640x640
rls_train_aug_0_388_jpg.rf.4bc8385efdf7d961fa736d4d4709e691.jpg,640,640,1.0,640x640
rls_train_aug_0_388_jpg.rf.def9a32ec2abc4126807b1bc65dbe08d.jpg,640,640,1.0,640x640
rls_train_aug_0_3895_jpg.rf.2829f1c1a6a0c7027774aa7fcec2edf0.jpg,640,640,1.0,640x640
rls_train_aug_0_3896_jpg.rf.40878a1a95fe7cc5e18314307d7c96a1.jpg,640,640,1.0,640x640
rls_train_aug_0_3896_jpg.rf.fc1c13de193f5aae14cc511a8ce6fcf8.jpg,640,640,1.0,640x640
rls_train_aug_0_3898_jpg.rf.4cda04d895a07f7230d784888ed66959.jpg,640,640,1.0,640x640
rls_train_aug_0_3898_jpg.rf.9b3c8b62c9d282697f4263b0853228f0.jpg,640,640,1.0,640x640
rls_train_aug_0_38_jpg.rf.03880d6f54d2a443281cf955a8df009c.jpg,640,640,1.0,640x640
rls_train_aug_0_38_jpg.rf.fab6e991bd48b902cb2cf203e69c2c89.jpg,640,640,1.0,640x640
rls_train_aug_0_3902_jpg.rf.98baaf919adcf167b8411e8c765adb81.jpg,640,640,1.0,640x640
rls_train_aug_0_3902_jpg.rf.b1b9575e0c710311b1c02b10ff8270e0.jpg,640,640,1.0,640x640
rls_train_aug_0_3905_jpg.rf.345607bba2c77491da0ced9dc100ee60.jpg,640,640,1.0,640x640
rls_train_aug_0_3905_jpg.rf.90353cf8e0a6df9cb84734c85868c182.jpg,640,640,1.0,640x640
rls_train_aug_0_3905_jpg.rf.f786cc085563faa061961d6480fc3246.jpg,640,640,1.0,640x640
rls_train_aug_0_3909_jpg.rf.25aa11baf3e7f9327ba91d6e76eb5270.jpg,640,640,1.0,640x640
rls_train_aug_0_3909_jpg.rf.8429af19847e6d278573409370f21b94.jpg,640,640,1.0,640x640
rls_train_aug_0_3916_jpg.rf.89998b4ecc62cd275cc68d4a3f0d86cd.jpg,640,640,1.0,640x640
rls_train_aug_0_3921_jpg.rf.6874aedb1896786fd7878bfb11a36361.jpg,640,640,1.0,640x640
rls_train_aug_0_3921_jpg.rf.a88d5751b0428c2012697ec0822f7a6f.jpg,640,640,1.0,640x640
rls_train_aug_0_3922_jpg.rf.1bda7431ba97e92f150d4e722d41fb33.jpg,640,640,1.0,640x640
rls_train_aug_0_3933_jpg.rf.45665d5e2aeeea6ac26b5ebc5da8958c.jpg,640,640,1.0,640x640
rls_train_aug_0_3936_jpg.rf.351834c22cfe727f57a23387343d73d1.jpg,640,640,1.0,640x640
rls_train_aug_0_3936_jpg.rf.8cc22e712754dce5a335a603d2f1d64a.jpg,640,640,1.0,640x640
rls_train_aug_0_3939_jpg.rf.234551da89ffe3c8478ec47f4b1e1dac.jpg,640,640,1.0,640x640
rls_train_aug_0_3939_jpg.rf.2677938c7dbb706f102f33745b897753.jpg,640,640,1.0,640x640
rls_train_aug_0_393_jpg.rf.06c510a7c0a4184a1b2f01f1fefdfe33.jpg,640,640,1.0,640x640
rls_train_aug_0_393_jpg.rf.b8090dfe2aa05e87ea00db714951e0a8.jpg,640,640,1.0,640x640
rls_train_aug_0_394_jpg.rf.13f8031a85b3f769bbb9bd156f7233cf.jpg,640,640,1.0,640x640
rls_train_aug_0_394_jpg.rf.3d39b1dd5d4e0fe6826459b080135061.jpg,640,640,1.0,640x640
rls_train_aug_0_398_jpg.rf.3f268250ebe1feadedf6db03d99cb7cf.jpg,640,640,1.0,640x640
rls_train_aug_0_398_jpg.rf.d78907324985192126ca1665a810e630.jpg,640,640,1.0,640x640
rls_train_aug_0_399_jpg.rf.6d0be51cb958bfdb9f3fde97fdfb1a08.jpg,640,640,1.0,640x640
rls_train_aug_0_39_jpg.rf.e8892338e78647d091fc0786039da272.jpg,640,640,1.0,640x640
rls_train_aug_0_4003_jpg.rf.3a32f15801517aaae7cfac046e875e93.jpg,640,640,1.0,640x640
rls_train_aug_0_4007_jpg.rf.6a0993487755e9ad7316c93ea5d69c37.jpg,640,640,1.0,640x640
rls_train_aug_0_4010_jpg.rf.b302473d0f75249f86c126d7083a887b.jpg,640,640,1.0,640x640
rls_train_aug_0_4013_jpg.rf.03bf4152545d7d01ceb98ec8864011ea.jpg,640,640,1.0,640x640
rls_train_aug_0_4013_jpg.rf.6eaaa85918eec247e4e4d8295347211d.jpg,640,640,1.0,640x640
rls_train_aug_0_4057_jpg.rf.53743e374267d5a37710e602529f86a5.jpg,640,640,1.0,640x640
rls_train_aug_0_4057_jpg.rf.70fae848582a44aa1f77a5bf463efef3.jpg,640,640,1.0,640x640
rls_train_aug_0_4096_jpg.rf.0113a781b30f44eca2f3a4badfbe202f.jpg,640,640,1.0,640x640
rls_train_aug_0_4098_jpg.rf.80717ea0c74e99471b5f8bbc325a7f1f.jpg,640,640,1.0,640x640
rls_train_aug_0_4098_jpg.rf.f820d582c056b91d27f9e4446dc04697.jpg,640,640,1.0,640x640
rls_train_aug_0_4099_jpg.rf.0983da6bc7812c1bb337462d2503f52c.jpg,640,640,1.0,640x640
rls_train_aug_0_4099_jpg.rf.436ab7ca0036ec46292bded05fb5a749.jpg,640,640,1.0,640x640
rls_train_aug_0_4099_jpg.rf.c584b46cecfc5aed3c6ad6ca876858fe.jpg,640,640,1.0,640x640
rls_train_aug_0_409_jpg.rf.a6f84226c07b1c0ec70dce45e5d955aa.jpg,640,640,1.0,640x640
rls_train_aug_0_40_jpg.rf.6d473a460fc53263dd23a87fab31fbc3.jpg,640,640,1.0,640x640
rls_train_aug_0_40_jpg.rf.d51d4fa3f4840d9cc7cb34252b69b475.jpg,640,640,1.0,640x640
rls_train_aug_0_4102_jpg.rf.43fafa4acbd448de614f1218e06a9813.jpg,640,640,1.0,640x640
rls_train_aug_0_4102_jpg.rf.a50302b3b338b206ca5a9a8009b1d0ec.jpg,640,640,1.0,640x640
rls_train_aug_0_4109_jpg.rf.9cf0b69e297ba9ee2c1cb009e88d6cc0.jpg,640,640,1.0,640x640
rls_train_aug_0_4119_jpg.rf.5d48b38076121f4a23732c5362866abf.jpg,640,640,1.0,640x640
rls_train_aug_0_4119_jpg.rf.911fa1fafa702612b81444564ea1bc4e.jpg,640,640,1.0,640x640
rls_train_aug_0_411_jpg.rf.2550012bad65b8332bd3f02d4eb64e99.jpg,640,640,1.0,640x640
rls_train_aug_0_411_jpg.rf.3fd9943aec1a91f2e8b74fc72fdb78d6.jpg,640,640,1.0,640x640
rls_train_aug_0_4122_jpg.rf.0c35e416ce4d363fbb70a4a14c939bca.jpg,640,640,1.0,640x640
rls_train_aug_0_4122_jpg.rf.20d72222d01f2cd779bd99fec76abb05.jpg,640,640,1.0,640x640
rls_train_aug_0_4122_jpg.rf.f983feb6420d14852e12f3f240aed9c6.jpg,640,640,1.0,640x640
rls_train_aug_0_4125_jpg.rf.781a7481bb2f2f6b5cac1fc2cdcfa723.jpg,640,640,1.0,640x640
rls_train_aug_0_4126_jpg.rf.539a763a0b263da23219f7fe641a0bac.jpg,640,640,1.0,640x640
rls_train_aug_0_4126_jpg.rf.a5880cd5cf4356a8cb21ce286770a88c.jpg,640,640,1.0,640x640
rls_train_aug_0_412_jpg.rf.b8347e5dced0c38d85a6936fb0b82fb0.jpg,640,640,1.0,640x640
rls_train_aug_0_4131_jpg.rf.c749afa159580732e8a8e3f2b7b222fd.jpg,640,640,1.0,640x640
rls_train_aug_0_4138_jpg.rf.71274b66827e19ce9bc99a7c6ca1b288.jpg,640,640,1.0,640x640
rls_train_aug_0_4138_jpg.rf.a6d95275d455094c72cb004fe093685d.jpg,640,640,1.0,640x640
rls_train_aug_0_4138_jpg.rf.e13213b3ab24c7489a4a6942fe9ed2ad.jpg,640,640,1.0,640x640
rls_train_aug_0_413_jpg.rf.4bb5381db93fcce491839814aac0500b.jpg,640,640,1.0,640x640
rls_train_aug_0_413_jpg.rf.68e52be654d5b880197c5c81706d0047.jpg,640,640,1.0,640x640
rls_train_aug_0_4150_jpg.rf.05724a1c1567e93706cd07d83226db18.jpg,640,640,1.0,640x640
rls_train_aug_0_4160_jpg.rf.427c904634a046bc3c6a5c679385e2ef.jpg,640,640,1.0,640x640
rls_train_aug_0_4160_jpg.rf.5dc54fb4e37d6ff3815356d54716ef41.jpg,640,640,1.0,640x640
rls_train_aug_0_416_jpg.rf.0025f4b687ea6efec09df4dbadeee9b2.jpg,640,640,1.0,640x640
rls_train_aug_0_416_jpg.rf.90ec3244a91ee0abb0ebf4e2ea8dc98b.jpg,640,640,1.0,640x640
rls_train_aug_0_416_jpg.rf.dc35e66c6939f798808bb57eb3e12c31.jpg,640,640,1.0,640x640
rls_train_aug_0_417_jpg.rf.7d86a73264800776c43f55f1deedafca.jpg,640,640,1.0,640x640
rls_train_aug_0_418_jpg.rf.d8ef32f0fc565fa380f69bf6ed9207d8.jpg,640,640,1.0,640x640
rls_train_aug_0_418_jpg.rf.ff67748d2b97bf5b9a735f6d37355546.jpg,640,640,1.0,640x640
rls_train_aug_0_41_jpg.rf.1b490d4fe6a97bc9c18639b52f9aad46.jpg,640,640,1.0,640x640
rls_train_aug_0_41_jpg.rf.72a31156741c9c2135acd0013ed4391c.jpg,640,640,1.0,640x640
rls_train_aug_0_4235_jpg.rf.4e94aa05b03fc75620baa684d07cbed6.jpg,640,640,1.0,640x640
rls_train_aug_0_4235_jpg.rf.9033aa00b169f24d6fcfa381c6cde711.jpg,640,640,1.0,640x640
rls_train_aug_0_4235_jpg.rf.9f231c99ac4a90dec7bc7bbd5f7ee345.jpg,640,640,1.0,640x640
rls_train_aug_0_423_jpg.rf.55008325d95fbc9a5fbcfe39d9fa1682.jpg,640,640,1.0,640x640
rls_train_aug_0_423_jpg.rf.e417fd21df359ecd8da2f6c3dd1341ca.jpg,640,640,1.0,640x640
rls_train_aug_0_4267_jpg.rf.29e350046b7a2fa0fbd68d9799a721e7.jpg,640,640,1.0,640x640
rls_train_aug_0_4279_jpg.rf.f8adbcaf99add0be172b74f8893dd7fb.jpg,640,640,1.0,640x640
rls_train_aug_0_4283_jpg.rf.715a4a29b9756700d63b71201da4a447.jpg,640,640,1.0,640x640
rls_train_aug_0_4284_jpg.rf.4a9b73a41229dd426e4043f0a0acf78c.jpg,640,640,1.0,640x640
rls_train_aug_0_4284_jpg.rf.901a993e0edd6089b2212d7eb33818b5.jpg,640,640,1.0,640x640
rls_train_aug_0_4284_jpg.rf.b12892a81ff6b1793bf4d03b9d549db5.jpg,640,640,1.0,640x640
rls_train_aug_0_4288_jpg.rf.35c99a192f91e887cc8105fcc31d859a.jpg,640,640,1.0,640x640
rls_train_aug_0_4288_jpg.rf.36f72521849a5b478b966673a73ed639.jpg,640,640,1.0,640x640
rls_train_aug_0_4297_jpg.rf.2f957fbeb10b7bb7b8347fb207d8d948.jpg,640,640,1.0,640x640
rls_train_aug_0_4297_jpg.rf.43c1e2efa65b39793b8fa9d88d81988f.jpg,640,640,1.0,640x640
rls_train_aug_0_4297_jpg.rf.8cdd56b0f27f01b7e02776d78109b93b.jpg,640,640,1.0,640x640
rls_train_aug_0_4316_jpg.rf.2472276f557c56d3c941d420a917d3c7.jpg,640,640,1.0,640x640
rls_train_aug_0_4316_jpg.rf.4b74bae60c1ab2fe76d2b23991837aab.jpg,640,640,1.0,640x640
rls_train_aug_0_4316_jpg.rf.6634a84fdc7a82f90400723000443df3.jpg,640,640,1.0,640x640
rls_train_aug_0_4317_jpg.rf.86cb5ea269ba0f3d50662d499744b066.jpg,640,640,1.0,640x640
rls_train_aug_0_4333_jpg.rf.4c46d956049ab7841181d0998a147c9c.jpg,640,640,1.0,640x640
rls_train_aug_0_4333_jpg.rf.a02365c003b11c1a34fbd21140e13c7f.jpg,640,640,1.0,640x640
rls_train_aug_0_4355_jpg.rf.1b1e940c5c90445238569842e99be037.jpg,640,640,1.0,640x640
rls_train_aug_0_4358_jpg.rf.3f0798374ce12b17d790477ea1e10eba.jpg,640,640,1.0,640x640
rls_train_aug_0_4358_jpg.rf.893a07dd688fc5de831896f010fce08c.jpg,640,640,1.0,640x640
rls_train_aug_0_4358_jpg.rf.e7ebdb2b7fd0a6c430fece668a9d7d55.jpg,640,640,1.0,640x640
rls_train_aug_0_435_jpg.rf.39faf01ff763fa0584675a33464f3447.jpg,640,640,1.0,640x640
rls_train_aug_0_435_jpg.rf.4ae0ec3c288b6f0f08f165fdc8407f4e.jpg,640,640,1.0,640x640
rls_train_aug_0_435_jpg.rf.79e8d1cdde626258bed8b9f2b3499d24.jpg,640,640,1.0,640x640
rls_train_aug_0_4361_jpg.rf.03726eee75d42794dc2c696364632d60.jpg,640,640,1.0,640x640
rls_train_aug_0_436_jpg.rf.04b11ebb7bdc138c1cd68f3c89a2c62c.jpg,640,640,1.0,640x640
rls_train_aug_0_436_jpg.rf.54c598a186fc019cb8fcbf568b23654e.jpg,640,640,1.0,640x640
rls_train_aug_0_437_jpg.rf.8d40f34605490b56811e04fa659f6236.jpg,640,640,1.0,640x640
rls_train_aug_0_437_jpg.rf.c48f5dba7ddc0ea4cdc735729d1a08c1.jpg,640,640,1.0,640x640
rls_train_aug_0_4387_jpg.rf.a0ba06076dcdad1645caa150ebd893de.jpg,640,640,1.0,640x640
rls_train_aug_0_4387_jpg.rf.d2113ee23eb4081503fd40bb69c9d6ca.jpg,640,640,1.0,640x640
rls_train_aug_0_4396_jpg.rf.193081db0286c2952e2321af408947b2.jpg,640,640,1.0,640x640
rls_train_aug_0_4396_jpg.rf.4c988784c14ab0e47209e0a945f6fecf.jpg,640,640,1.0,640x640
rls_train_aug_0_4396_jpg.rf.4d28a77785e1c5141825c3dd61f905eb.jpg,640,640,1.0,640x640
rls_train_aug_0_43_jpg.rf.5d48fa4a7c2f8d80afdc703376efea08.jpg,640,640,1.0,640x640
rls_train_aug_0_43_jpg.rf.f2054c0c6d9cf73de3540e70b5a4aa1c.jpg,640,640,1.0,640x640
rls_train_aug_0_4407_jpg.rf.40920ff61b5d99d68e98976b226b10a8.jpg,640,640,1.0,640x640
rls_train_aug_0_4407_jpg.rf.556798181df51912d54fda7899910eba.jpg,640,640,1.0,640x640
rls_train_aug_0_4407_jpg.rf.cfcdd59dd88cf475e375ff0179892537.jpg,640,640,1.0,640x640
rls_train_aug_0_4408_jpg.rf.25d65818afac58a7ac121758a8175cf3.jpg,640,640,1.0,640x640
rls_train_aug_0_4408_jpg.rf.dc04276d3b8155702a5208b726ab1057.jpg,640,640,1.0,640x640
rls_train_aug_0_4409_jpg.rf.b7d56f572b5d20203d617483687c2fb4.jpg,640,640,1.0,640x640
rls_train_aug_0_4411_jpg.rf.3eda1e40562c257b4e5a39669c1a68d0.jpg,640,640,1.0,640x640
rls_train_aug_0_4411_jpg.rf.dee1fcd0134ff7d1846b0f96b8dbae3a.jpg,640,640,1.0,640x640
rls_train_aug_0_4414_jpg.rf.58473cfcf345f586520872eb806ef499.jpg,640,640,1.0,640x640
rls_train_aug_0_4415_jpg.rf.92ef9b1e0821d915d89bfa0d4d86727a.jpg,640,640,1.0,640x640
rls_train_aug_0_4415_jpg.rf.b591d583d061309d5dba5b8876ebcf70.jpg,640,640,1.0,640x640
rls_train_aug_0_4415_jpg.rf.d27c78508dd6723a92815461a912d6e2.jpg,640,640,1.0,640x640
rls_train_aug_0_4419_jpg.rf.1c08cfdeaddab1c67fa1499a830cf372.jpg,640,640,1.0,640x640
rls_train_aug_0_4419_jpg.rf.35a053537c334ab00a383b0643d116ee.jpg,640,640,1.0,640x640
rls_train_aug_0_441_jpg.rf.70f67d22cda36aa1cd9efb823ab71dd7.jpg,640,640,1.0,640x640
rls_train_aug_0_441_jpg.rf.829dc73c700dec927eeb8cc686b50983.jpg,640,640,1.0,640x640
rls_train_aug_0_441_jpg.rf.b763581ab0df8a835ab31763cce35dea.jpg,640,640,1.0,640x640
rls_train_aug_0_4420_jpg.rf.5bac15874dc476ae82cc30170816427a.jpg,640,640,1.0,640x640
rls_train_aug_0_4420_jpg.rf.b92d54e380631738bb5aa63225d6a522.jpg,640,640,1.0,640x640
rls_train_aug_0_4420_jpg.rf.bb8db47a916dbbaf9f73300271d5ab53.jpg,640,640,1.0,640x640
rls_train_aug_0_4423_jpg.rf.0be42a00bf20b4d7b6414bad0b6a8e3b.jpg,640,640,1.0,640x640
rls_train_aug_0_4423_jpg.rf.6d6b6182175a326bc986971ec28cd05e.jpg,640,640,1.0,640x640
rls_train_aug_0_443_jpg.rf.498e1cd1701251086b70fc49e10245a1.jpg,640,640,1.0,640x640
rls_train_aug_0_4451_jpg.rf.04e531ef981d20d0c23e675fc962fc5c.jpg,640,640,1.0,640x640
rls_train_aug_0_4456_jpg.rf.be7af9071601d471f30c7ffa1e17fe80.jpg,640,640,1.0,640x640
rls_train_aug_0_4456_jpg.rf.d6dd78782deb4b381a74696473d62d35.jpg,640,640,1.0,640x640
rls_train_aug_0_4476_jpg.rf.73cf604b37881f0a6f8b266382290c8b.jpg,640,640,1.0,640x640
rls_train_aug_0_4476_jpg.rf.ccc2eb79bc1f7905e947df4a6554e594.jpg,640,640,1.0,640x640
rls_train_aug_0_4478_jpg.rf.2b903fac60c4eee7ef4eef9c4f62d064.jpg,640,640,1.0,640x640
rls_train_aug_0_4478_jpg.rf.adef7b90909b3b0b76c8c7b92e058e66.jpg,640,640,1.0,640x640
rls_train_aug_0_4478_jpg.rf.b89c3cdc154a8feb76eeb2f4a28db6b1.jpg,640,640,1.0,640x640
rls_train_aug_0_4509_jpg.rf.7665a53da25c8f5c9ea1fdd9cf21b3b6.jpg,640,640,1.0,640x640
rls_train_aug_0_4509_jpg.rf.c2b260d4903c0354357496d4e0497fca.jpg,640,640,1.0,640x640
rls_train_aug_0_450_jpg.rf.0d89014860358ec60962f4e5077bd0f7.jpg,640,640,1.0,640x640
rls_train_aug_0_4514_jpg.rf.1fcb3e87e4e254510e845c0878b10e9f.jpg,640,640,1.0,640x640
rls_train_aug_0_4514_jpg.rf.8aeeba72f5bbada58a753849323114a9.jpg,640,640,1.0,640x640
rls_train_aug_0_451_jpg.rf.bfcac056bab76ae551d6941f7f37c1e8.jpg,640,640,1.0,640x640
rls_train_aug_0_451_jpg.rf.ecc62f8f829856d1a3018978fc5d0a6c.jpg,640,640,1.0,640x640
rls_train_aug_0_4535_jpg.rf.28ce217881758b52eb1dc75317d2ad9e.jpg,640,640,1.0,640x640
rls_train_aug_0_4535_jpg.rf.67b7dfe2452b850a38d2d29f63787b60.jpg,640,640,1.0,640x640
rls_train_aug_0_453_jpg.rf.f344359edb8181afe0e522d7895f2d0e.jpg,640,640,1.0,640x640
rls_train_aug_0_453_jpg.rf.fa7a7c3a7307b9d1d7dc1552effab88d.jpg,640,640,1.0,640x640
rls_train_aug_0_4541_jpg.rf.09bdc370639b9fb48fb74cc585e0e527.jpg,640,640,1.0,640x640
rls_train_aug_0_4541_jpg.rf.11e04548a67bc946eaa61debc48844a8.jpg,640,640,1.0,640x640
rls_train_aug_0_4541_jpg.rf.ddf2994b9b04ed362d0ef1fc51fa58d6.jpg,640,640,1.0,640x640
rls_train_aug_0_4552_jpg.rf.67cdee61bcb915f83912d283ad8be696.jpg,640,640,1.0,640x640
rls_train_aug_0_4552_jpg.rf.b6ced9119f1eb360ed64fefa786b5459.jpg,640,640,1.0,640x640
rls_train_aug_0_456_jpg.rf.9d3d37b33b811bd22703742302832963.jpg,640,640,1.0,640x640
rls_train_aug_0_4593_jpg.rf.0856b659fdc93968937121c717701ebb.jpg,640,640,1.0,640x640
rls_train_aug_0_4593_jpg.rf.32575b47eb5a6cf0b69f1b3b44ad65b9.jpg,640,640,1.0,640x640
rls_train_aug_0_4620_jpg.rf.28e5d5bdc71a929a7af568e654a0dd1d.jpg,640,640,1.0,640x640
rls_train_aug_0_462_jpg.rf.02812b29ad963aa7c3b077ca2bfdc07b.jpg,640,640,1.0,640x640
rls_train_aug_0_462_jpg.rf.80f666932cd6e375720512488576df90.jpg,640,640,1.0,640x640
rls_train_aug_0_464_jpg.rf.b13e4dfb000479785724e3ef0b48a3b3.jpg,640,640,1.0,640x640
rls_train_aug_0_464_jpg.rf.cefed45481210537ddf369614b93af5b.jpg,640,640,1.0,640x640
rls_train_aug_0_4651_jpg.rf.612b96aeae8ea158e60fdcdb41c1ca58.jpg,640,640,1.0,640x640
rls_train_aug_0_4651_jpg.rf.abd7aabbc12d60d99918902582b030b1.jpg,640,640,1.0,640x640
rls_train_aug_0_4659_jpg.rf.8f13eed4f975168d252ab3c98c23ed2b.jpg,640,640,1.0,640x640
rls_train_aug_0_4659_jpg.rf.ad15b43378fcc335c7615244a66b941e.jpg,640,640,1.0,640x640
rls_train_aug_0_4663_jpg.rf.93b5e05d50c96b2c719d1075a96d173a.jpg,640,640,1.0,640x640
rls_train_aug_0_4663_jpg.rf.9ece246bdd252d6d3c11561a85127c5c.jpg,640,640,1.0,640x640
rls_train_aug_0_4674_jpg.rf.2983c298c82188b0679c1e68434c8db7.jpg,640,640,1.0,640x640
rls_train_aug_0_4674_jpg.rf.f4fd0a5045fb781071ff0e97830e0414.jpg,640,640,1.0,640x640
rls_train_aug_0_4689_jpg.rf.2511ed11583979600cb86b798d8faa8d.jpg,640,640,1.0,640x640
rls_train_aug_0_4690_jpg.rf.26b47cf86d12bb199a9127c707f540bc.jpg,640,640,1.0,640x640
rls_train_aug_0_4690_jpg.rf.cc958fe9a2bec3c7820d993cf954bbb2.jpg,640,640,1.0,640x640
rls_train_aug_0_4691_jpg.rf.2ad5757a8e8e5f81be351201e15fe241.jpg,640,640,1.0,640x640
rls_train_aug_0_4721_jpg.rf.49b6d1d833bd5c30e630462f5e1ccdf3.jpg,640,640,1.0,640x640
rls_train_aug_0_4721_jpg.rf.ab078a9131cd098530f67cae9b9b746d.jpg,640,640,1.0,640x640
rls_train_aug_0_4726_jpg.rf.e64ab3989c6b634c2547188d5bafbfde.jpg,640,640,1.0,640x640
rls_train_aug_0_472_jpg.rf.574f30385641431a1a07e0b31b942e81.jpg,640,640,1.0,640x640
rls_train_aug_0_472_jpg.rf.95fcb40da2516ae1679a2c7ac28fe1f1.jpg,640,640,1.0,640x640
rls_train_aug_0_473_jpg.rf.fbca30483594fa72a5a61bd5c70655d2.jpg,640,640,1.0,640x640
rls_train_aug_0_477_jpg.rf.4d306b9e84651a3f9028c51e91a221a7.jpg,640,640,1.0,640x640
rls_train_aug_0_477_jpg.rf.f15aca1145637bfc4aab586b6d7461c2.jpg,640,640,1.0,640x640
rls_train_aug_0_4784_jpg.rf.04f36afbeb9345f951f4995a8c706a81.jpg,640,640,1.0,640x640
rls_train_aug_0_4784_jpg.rf.e3f28f5e1c7c1d109cca16ba62913db2.jpg,640,640,1.0,640x640
rls_train_aug_0_479_jpg.rf.39eb7c675044cdb2fd01a968764f81a9.jpg,640,640,1.0,640x640
rls_train_aug_0_47_jpg.rf.414992569d3b9ec03a2e35f8e644d560.jpg,640,640,1.0,640x640
rls_train_aug_0_47_jpg.rf.5a50dfe7d41974f72888948c17c8482a.jpg,640,640,1.0,640x640
rls_train_aug_0_47_jpg.rf.d89d1e5cc387431c120f5c40f3bea93e.jpg,640,640,1.0,640x640
rls_train_aug_0_4803_jpg.rf.ba809c6c2d2e54ca30bbe960811d04ce.jpg,640,640,1.0,640x640
rls_train_aug_0_481_jpg.rf.69b4ce3dfbd95a4cdcf4fa62dfe15c60.jpg,640,640,1.0,640x640
rls_train_aug_0_481_jpg.rf.73ab22669a9a27d86cc0611b4a5b576c.jpg,640,640,1.0,640x640
rls_train_aug_0_482_jpg.rf.39a3bf8507eb7518f7eaa05a34e9336c.jpg,640,640,1.0,640x640
rls_train_aug_0_482_jpg.rf.ff9444364fa0e214fd812027841c6816.jpg,640,640,1.0,640x640
rls_train_aug_0_4836_jpg.rf.df453039dd7baca37f97e47c8e9aaa3c.jpg,640,640,1.0,640x640
rls_train_aug_0_4848_jpg.rf.4b51ea27faf29b5047fa14c91506f114.jpg,640,640,1.0,640x640
rls_train_aug_0_484_jpg.rf.05aaaf860fde6f56f6a8ea2c5aa78583.jpg,640,640,1.0,640x640
rls_train_aug_0_484_jpg.rf.92e61d65689a1b8f7018721ed7cd9b2f.jpg,640,640,1.0,640x640
rls_train_aug_0_4858_jpg.rf.68429eb11ad8d170632ed2603d90a5b8.jpg,640,640,1.0,640x640
rls_train_aug_0_4859_jpg.rf.293a93a09c4a1781342ac087087d4188.jpg,640,640,1.0,640x640
rls_train_aug_0_4859_jpg.rf.e7a49e734bf46bae8afd1f665b261116.jpg,640,640,1.0,640x640
rls_train_aug_0_48_jpg.rf.0c152c1158eca0ecf3944f62a6ccaded.jpg,640,640,1.0,640x640
rls_train_aug_0_48_jpg.rf.15d830f18e13878e962884067151d3dd.jpg,640,640,1.0,640x640
rls_train_aug_0_48_jpg.rf.574a47e7b5fa1707b81f96a6ff1a1f76.jpg,640,640,1.0,640x640
rls_train_aug_0_48_jpg.rf.ae0d916b0a967b9da795e870c06fe353.jpg,640,640,1.0,640x640
rls_train_aug_0_48_jpg.rf.d27d25261b25c716156a535329489b41.jpg,640,640,1.0,640x640
rls_train_aug_0_48_jpg.rf.dc8f9ab8871f4e9478834df4b981c638.jpg,640,640,1.0,640x640
rls_train_aug_0_493_jpg.rf.3fb8745a0cdb021d12ce26781028ad8f.jpg,640,640,1.0,640x640
rls_train_aug_0_4952_jpg.rf.28a626813e0b045126fc0b9f957cd696.jpg,640,640,1.0,640x640
rls_train_aug_0_4952_jpg.rf.81bd4ca43da54440f7f89114fc3f41dd.jpg,640,640,1.0,640x640
rls_train_aug_0_4952_jpg.rf.d4917620b90f32f103c033b6135d19f7.jpg,640,640,1.0,640x640
rls_train_aug_0_496_jpg.rf.48d752f06baa1c7bce93285f726aaf30.jpg,640,640,1.0,640x640
rls_train_aug_0_496_jpg.rf.df302185882aa5f0010630a025491a2c.jpg,640,640,1.0,640x640
rls_train_aug_0_496_jpg.rf.f8b3bda6f82e27d5d265c4171b8472e4.jpg,640,640,1.0,640x640
rls_train_aug_0_4980_jpg.rf.ae5779e774d17033829ae88b8206b033.jpg,640,640,1.0,640x640
rls_train_aug_0_4980_jpg.rf.bf69fa01cd6e5672192ec8c74bf9c16b.jpg,640,640,1.0,640x640
rls_train_aug_0_4980_jpg.rf.c67adc38d5e299eacb9262f446484899.jpg,640,640,1.0,640x640
rls_train_aug_0_498_jpg.rf.3384131c11ac0349d62ccd7568ecc496.jpg,640,640,1.0,640x640
rls_train_aug_0_498_jpg.rf.d565b640737355afa787c09afeaef6fb.jpg,640,640,1.0,640x640
rls_train_aug_0_499_jpg.rf.0024b4ca70d5a871f84560dad4e1d596.jpg,640,640,1.0,640x640
rls_train_aug_0_499_jpg.rf.cc44d57a313ed8550ab195ea52f5e8be.jpg,640,640,1.0,640x640
rls_train_aug_0_4_jpg.rf.4c575ad4cb16e5178bb6ef3b4d348825.jpg,640,640,1.0,640x640
rls_train_aug_0_501_jpg.rf.67d0e6652a435f75c547ed388b0287b1.jpg,640,640,1.0,640x640
rls_train_aug_0_505_jpg.rf.bda5b38b8ba59c89d4fbbe0b16e5ad5d.jpg,640,640,1.0,640x640
rls_train_aug_0_505_jpg.rf.eeebf89116c13bce5315a96db3027879.jpg,640,640,1.0,640x640
rls_train_aug_0_5060_jpg.rf.0728776e6a9712f2d801816688f27d65.jpg,640,640,1.0,640x640
rls_train_aug_0_5060_jpg.rf.a177e832ed20447c692df2c5b5e78fb3.jpg,640,640,1.0,640x640
rls_train_aug_0_5093_jpg.rf.4aa5b63a1ef81a18f55157c72d43beab.jpg,640,640,1.0,640x640
rls_train_aug_0_50_jpg.rf.23fb193e830ae2038880ce4bf60b23d5.jpg,640,640,1.0,640x640
rls_train_aug_0_50_jpg.rf.3b40b36dfbbfc482098117331acea716.jpg,640,640,1.0,640x640
rls_train_aug_0_50_jpg.rf.64e1153123754d5a7a8a4fac71189cab.jpg,640,640,1.0,640x640
rls_train_aug_0_50_jpg.rf.e35cbffea71344b13839859b9853b3be.jpg,640,640,1.0,640x640
rls_train_aug_0_511_jpg.rf.4d5f392c1e03feb81586dbea0ccca411.jpg,640,640,1.0,640x640
rls_train_aug_0_511_jpg.rf.4ec5d1d74db30b82dd65e87dc5e5e948.jpg,640,640,1.0,640x640
rls_train_aug_0_511_jpg.rf.8f6f305abd9235d5e751f93c5f4fb8eb.jpg,640,640,1.0,640x640
rls_train_aug_0_516_jpg.rf.fd7156b0fb16d68f808f3d0b4ed5b9eb.jpg,640,640,1.0,640x640
rls_train_aug_0_51_jpg.rf.c198cde0e6a6f09b07e96e4de60e94ba.jpg,640,640,1.0,640x640
rls_train_aug_0_51_jpg.rf.cbbb818a7a653c6e9977a69f8da1d5c2.jpg,640,640,1.0,640x640
rls_train_aug_0_51_jpg.rf.da4812f59b86a082e612eb838a3ee076.jpg,640,640,1.0,640x640
rls_train_aug_0_5201_jpg.rf.12cf80ddf91c62500a305496bdcd687e.jpg,640,640,1.0,640x640
rls_train_aug_0_5201_jpg.rf.51391bf812b942af370f6b9928bb25a8.jpg,640,640,1.0,640x640
rls_train_aug_0_521_jpg.rf.60837eb05bd5163adcb6506029d0e8c2.jpg,640,640,1.0,640x640
rls_train_aug_0_5224_jpg.rf.a0f78ec2aee851bb21e88f1bab087259.jpg,640,640,1.0,640x640
rls_train_aug_0_5224_jpg.rf.df7d084a76b8fb3cde75f359e2361355.jpg,640,640,1.0,640x640
rls_train_aug_0_5229_jpg.rf.9fb72ae38e34459b0920a35e3f7ffd1c.jpg,640,640,1.0,640x640
rls_train_aug_0_5229_jpg.rf.a8b5f6590387349900137fe38779be4b.jpg,640,640,1.0,640x640
rls_train_aug_0_5229_jpg.rf.d2bb6fab88d638082b31dddd27ebc91b.jpg,640,640,1.0,640x640
rls_train_aug_0_5247_jpg.rf.d803d992539424b0fb92299f8b833890.jpg,640,640,1.0,640x640
rls_train_aug_0_5247_jpg.rf.ecd958f529c652e5bb673b6b8edb2201.jpg,640,640,1.0,640x640
rls_train_aug_0_526_jpg.rf.03974a9ffc96a24d150bf551e014d5c9.jpg,640,640,1.0,640x640
rls_train_aug_0_526_jpg.rf.5ca8d8aaa91352b2e0b12efc6f201978.jpg,640,640,1.0,640x640
rls_train_aug_0_527_jpg.rf.60e2e83a680e64dff7d707a4375e8a69.jpg,640,640,1.0,640x640
rls_train_aug_0_527_jpg.rf.eebb78c1847af2a81f9cc312e1ae377e.jpg,640,640,1.0,640x640
rls_train_aug_0_5289_jpg.rf.46a826c25c48eef5d37db305fcdcc1f9.jpg,640,640,1.0,640x640
rls_train_aug_0_52_jpg.rf.d17b938fdcb91b4e3945c7d4ece8f9bf.jpg,640,640,1.0,640x640
rls_train_aug_0_52_jpg.rf.f47d9715f4dc0faf9f6f54b13824bd6a.jpg,640,640,1.0,640x640
rls_train_aug_0_5300_jpg.rf.97ee0d5b24c3c370db74daf679703539.jpg,640,640,1.0,640x640
rls_train_aug_0_5300_jpg.rf.a8918dde46319ce8034ef79a15a1a945.jpg,640,640,1.0,640x640
rls_train_aug_0_5328_jpg.rf.ed528a8b88c4082c708b8b1e6934bdca.jpg,640,640,1.0,640x640
rls_train_aug_0_532_jpg.rf.19bdc19466586e410b42e191bca31968.jpg,640,640,1.0,640x640
rls_train_aug_0_532_jpg.rf.c0fa143d5f3b67710fb5198e9b68c5c3.jpg,640,640,1.0,640x640
rls_train_aug_0_532_jpg.rf.cecc67e14118f8d07a955c7543b7ae91.jpg,640,640,1.0,640x640
rls_train_aug_0_532_jpg.rf.d59be6a69779925d5b4f5a6199dbba0a.jpg,640,640,1.0,640x640
rls_train_aug_0_532_jpg.rf.ef85a6198281c77f0a3a9c6e161b3567.jpg,640,640,1.0,640x640
rls_train_aug_0_5333_jpg.rf.a24470688b8c47f65e755c0ad5e8de74.jpg,640,640,1.0,640x640
rls_train_aug_0_5358_jpg.rf.0cdadf2cf77e5e7675f1ffb9d185fbe9.jpg,640,640,1.0,640x640
rls_train_aug_0_5358_jpg.rf.b4192f41de643e1f834e94bf38fd5f00.jpg,640,640,1.0,640x640
rls_train_aug_0_5360_jpg.rf.df28c7b9b7b402a8bc4a1794473a796b.jpg,640,640,1.0,640x640
rls_train_aug_0_5360_jpg.rf.e34e8cfb2b2203994f54f248939043c9.jpg,640,640,1.0,640x640
rls_train_aug_0_5370_jpg.rf.404ee2e71b72cb278cafa574787177d5.jpg,640,640,1.0,640x640
rls_train_aug_0_541_jpg.rf.3dc16ad5965eb572b00f3aed49a25107.jpg,640,640,1.0,640x640
rls_train_aug_0_541_jpg.rf.edc1d43ae908701eb2833aa929249870.jpg,640,640,1.0,640x640
rls_train_aug_0_543_jpg.rf.4cde0f77ace361b9581818cee8113dde.jpg,640,640,1.0,640x640
rls_train_aug_0_543_jpg.rf.b58174b512fe39354efc2210822b5f94.jpg,640,640,1.0,640x640
rls_train_aug_0_543_jpg.rf.ed380cafabbea3cf39a0e110b1e86105.jpg,640,640,1.0,640x640
rls_train_aug_0_549_jpg.rf.b77cf788b978514b39e479ea70edcb3b.jpg,640,640,1.0,640x640
rls_train_aug_0_549_jpg.rf.c18e984691df25f422c15a57204038f4.jpg,640,640,1.0,640x640
rls_train_aug_0_5543_jpg.rf.0bc1931989ca2ee91ca49a46603e8059.jpg,640,640,1.0,640x640
rls_train_aug_0_5543_jpg.rf.17ddb97c65fcb180cb64069a23fb5e63.jpg,640,640,1.0,640x640
rls_train_aug_0_5543_jpg.rf.b53c88c9cb931e73c5fa2369a68444c6.jpg,640,640,1.0,640x640
rls_train_aug_0_5550_jpg.rf.674530ad451236eaf07fb70a4d362749.jpg,640,640,1.0,640x640
rls_train_aug_0_555_jpg.rf.2d4ebf05cb582a01f76c2f495743a390.jpg,640,640,1.0,640x640
rls_train_aug_0_555_jpg.rf.633413d46852dcd6e5c393309764f0a4.jpg,640,640,1.0,640x640
rls_train_aug_0_555_jpg.rf.79907e674ca063250d4cf00ee7efc62d.jpg,640,640,1.0,640x640
rls_train_aug_0_5571_jpg.rf.09235aa774a2ee802877dcf527507deb.jpg,640,640,1.0,640x640
rls_train_aug_0_5571_jpg.rf.552b7b55798cbb0db9d643ef99e59ed7.jpg,640,640,1.0,640x640
rls_train_aug_0_5571_jpg.rf.df8cf02338f2c7326ca74bc1a72e0a57.jpg,640,640,1.0,640x640
rls_train_aug_0_5572_jpg.rf.0b0d1262e4ef0233a2cc1a813d7ab2a8.jpg,640,640,1.0,640x640
rls_train_aug_0_5572_jpg.rf.b6a840bc017ae7beb1ac8d364a8b6d3e.jpg,640,640,1.0,640x640
rls_train_aug_0_559_jpg.rf.1b4785b2ceaac8d8f6af7acdec43ae08.jpg,640,640,1.0,640x640
rls_train_aug_0_559_jpg.rf.dfebae209f29578af0a4e812c88a0c47.jpg,640,640,1.0,640x640
rls_train_aug_0_559_jpg.rf.ea87899769356c0c53ed577cd5696049.jpg,640,640,1.0,640x640
rls_train_aug_0_5604_jpg.rf.66056627d39e18c411e861c29fcbbd4c.jpg,640,640,1.0,640x640
rls_train_aug_0_5604_jpg.rf.b5b857b4d45905ea3e3431d1c129e3a5.jpg,640,640,1.0,640x640
rls_train_aug_0_5604_jpg.rf.f3d24849a29fd9e3aaf27a8def24ad52.jpg,640,640,1.0,640x640
rls_train_aug_0_5657_jpg.rf.7a5ddff5cf239a3592e82698ef62619a.jpg,640,640,1.0,640x640
rls_train_aug_0_5657_jpg.rf.98ec6576dc3504100321c6d32114cc34.jpg,640,640,1.0,640x640
rls_train_aug_0_5661_jpg.rf.0966ad85de2dd329c351f85bb46266ae.jpg,640,640,1.0,640x640
rls_train_aug_0_5661_jpg.rf.1678ff066834c3dcaf520d48b34ddb1d.jpg,640,640,1.0,640x640
rls_train_aug_0_5661_jpg.rf.5d753c3fd0c0e62fb730c02c22be5c3d.jpg,640,640,1.0,640x640
rls_train_aug_0_567_jpg.rf.40e121534146150ce1d74ad93693ddb3.jpg,640,640,1.0,640x640
rls_train_aug_0_5680_jpg.rf.7130d9e0de2d6c090c55402711406e42.jpg,640,640,1.0,640x640
rls_train_aug_0_5701_jpg.rf.c36a405fb667be7747b9dcbf529addd7.jpg,640,640,1.0,640x640
rls_train_aug_0_570_jpg.rf.4cceb4222384c35ec186695723519f50.jpg,640,640,1.0,640x640
rls_train_aug_0_570_jpg.rf.6d25a29a98f160adac0dca6ffce2c54d.jpg,640,640,1.0,640x640
rls_train_aug_0_5711_jpg.rf.12a9faab438fc29b5306f18742f93480.jpg,640,640,1.0,640x640
rls_train_aug_0_5711_jpg.rf.bab56d7a1ffca5066744bd594c651323.jpg,640,640,1.0,640x640
rls_train_aug_0_572_jpg.rf.32358f0a6626f74326d58ccabd1a485c.jpg,640,640,1.0,640x640
rls_train_aug_0_572_jpg.rf.a7bcdd611c14eb92011e0c6e7283f98e.jpg,640,640,1.0,640x640
rls_train_aug_0_5741_jpg.rf.632efa5af4ae6d4ac02abb322d818764.jpg,640,640,1.0,640x640
rls_train_aug_0_574_jpg.rf.0af44a135c1dd6714170e46e78356475.jpg,640,640,1.0,640x640
rls_train_aug_0_574_jpg.rf.6ed6e391b94c01ef8917c60663423419.jpg,640,640,1.0,640x640
rls_train_aug_0_574_jpg.rf.766b7109fcfc74b4f51fde08784b684b.jpg,640,640,1.0,640x640
rls_train_aug_0_574_jpg.rf.a68bc44f34aa38be4b0b33a7c582fdc8.jpg,640,640,1.0,640x640
rls_train_aug_0_574_jpg.rf.ebce1528077ae6ae465418ddc3168404.jpg,640,640,1.0,640x640
rls_train_aug_0_5761_jpg.rf.72b355cb6b8866949468e1d11c63104a.jpg,640,640,1.0,640x640
rls_train_aug_0_5761_jpg.rf.ca2e427275cb3c82d43649e1de995a07.jpg,640,640,1.0,640x640
rls_train_aug_0_580_jpg.rf.9926423a7add65224c0405248430e2d3.jpg,640,640,1.0,640x640
rls_train_aug_0_580_jpg.rf.f5558e12bafe122e2f9dca53d40d02f4.jpg,640,640,1.0,640x640
rls_train_aug_0_5836_jpg.rf.902177a16dcc1fbd60f6fe7d3c99fb93.jpg,640,640,1.0,640x640
rls_train_aug_0_5841_jpg.rf.1ea45414b04b73a1ccd722bc2acb8ca8.jpg,640,640,1.0,640x640
rls_train_aug_0_5844_jpg.rf.49222ae8296bc0f7a54a7932f7b5942c.jpg,640,640,1.0,640x640
rls_train_aug_0_5844_jpg.rf.c93eea172b31a739f1e6a9676882f13a.jpg,640,640,1.0,640x640
rls_train_aug_0_586_jpg.rf.91760ba86bcdc71e6f77e229f849a009.jpg,640,640,1.0,640x640
rls_train_aug_0_586_jpg.rf.e75cf59bda1c2c93f57374da7470fa49.jpg,640,640,1.0,640x640
rls_train_aug_0_5870_jpg.rf.8fbb76482353d9bacbee3b7cd407edcf.jpg,640,640,1.0,640x640
rls_train_aug_0_5871_jpg.rf.322f2d0c16c91c8f881e4f046f38f8de.jpg,640,640,1.0,640x640
rls_train_aug_0_5871_jpg.rf.783bfa8370b6b830bd98fd5221489dd4.jpg,640,640,1.0,640x640
rls_train_aug_0_588_jpg.rf.adbef79f2182ff32c2eaa07300460543.jpg,640,640,1.0,640x640
rls_train_aug_0_589_jpg.rf.1c9ae362e1b8063ff6b4fd25fbdde563.jpg,640,640,1.0,640x640
rls_train_aug_0_58_jpg.rf.0948536e112142664875ce9291b71a07.jpg,640,640,1.0,640x640
rls_train_aug_0_58_jpg.rf.ca7db0fe2c9e408a3216e8a773248538.jpg,640,640,1.0,640x640
rls_train_aug_0_592_jpg.rf.79aa739ce1a8ae1ad64d438eceb0fd30.jpg,640,640,1.0,640x640
rls_train_aug_0_593_jpg.rf.6a1e9038b5c3aa462b76f8a878a7265e.jpg,640,640,1.0,640x640
rls_train_aug_0_594_jpg.rf.38f09f72c21414ae30c4b182f912d59e.jpg,640,640,1.0,640x640
rls_train_aug_0_594_jpg.rf.980a4b52892157d674e964b7b0a03fb0.jpg,640,640,1.0,640x640
rls_train_aug_0_5954_jpg.rf.e950e956e974d748df06cec5b64f43d6.jpg,640,640,1.0,640x640
rls_train_aug_0_5958_jpg.rf.b446a033c756865a7b253632c1be64cf.jpg,640,640,1.0,640x640
rls_train_aug_0_601_jpg.rf.078ab2e1e729b11cb31f39d82b1215c9.jpg,640,640,1.0,640x640
rls_train_aug_0_601_jpg.rf.9a368852ded495f8a86405c57d4ee405.jpg,640,640,1.0,640x640
rls_train_aug_0_6077_jpg.rf.838e38ed13fc85b5d5b8790d4c6a2dd1.jpg,640,640,1.0,640x640
rls_train_aug_0_6077_jpg.rf.c414707bb5486af23afce1388a3301fc.jpg,640,640,1.0,640x640
rls_train_aug_0_6108_jpg.rf.1b047886acaa873862c0fc8ce7910e5d.jpg,640,640,1.0,640x640
rls_train_aug_0_6108_jpg.rf.a4b86ceeee7a1f68f1ae2bc51f37091d.jpg,640,640,1.0,640x640
rls_train_aug_0_6108_jpg.rf.c02af5505365c128c5cdfaf6fe18bf29.jpg,640,640,1.0,640x640
rls_train_aug_0_611_jpg.rf.c82041f2fc8dccf6f4fbaaaa27a84331.jpg,640,640,1.0,640x640
rls_train_aug_0_611_jpg.rf.fe2af45046f228aab28289d133b2eb9a.jpg,640,640,1.0,640x640
rls_train_aug_0_6151_jpg.rf.319ae2df1859ebb3b81503ff858a1e7a.jpg,640,640,1.0,640x640
rls_train_aug_0_616_jpg.rf.125c8229cd4f1e98d52b0491c7ee7a3e.jpg,640,640,1.0,640x640
rls_train_aug_0_617_jpg.rf.6b4ba4323a5cb008693d7388c3e8c7a4.jpg,640,640,1.0,640x640
rls_train_aug_0_6185_jpg.rf.fc7132ffd37775d80d6995ee172543fe.jpg,640,640,1.0,640x640
rls_train_aug_0_618_jpg.rf.8818387bc66efdca331797e567fa8da2.jpg,640,640,1.0,640x640
rls_train_aug_0_618_jpg.rf.e7fe4fde919ea19ac7c9d16b25e5762c.jpg,640,640,1.0,640x640
rls_train_aug_0_6198_jpg.rf.ca848a81b7c0cdf792cb34784e1baee2.jpg,640,640,1.0,640x640
rls_train_aug_0_620_jpg.rf.08630a0f54902777dc99a96d0afec32c.jpg,640,640,1.0,640x640
rls_train_aug_0_620_jpg.rf.c4a69a00d184bb12f18feaa09cf9457c.jpg,640,640,1.0,640x640
rls_train_aug_0_620_jpg.rf.e2049dc30eb02489e87931314446f81f.jpg,640,640,1.0,640x640
rls_train_aug_0_6222_jpg.rf.6166f0c9d80e96b8162b06ca8ec5f54f.jpg,640,640,1.0,640x640
rls_train_aug_0_6226_jpg.rf.b638639c4ce23b1881c165157e562b56.jpg,640,640,1.0,640x640
rls_train_aug_0_6226_jpg.rf.c575070c6982f11a596b0ac4ea10f651.jpg,640,640,1.0,640x640
rls_train_aug_0_6233_jpg.rf.0b7f6777c9592675ddbe7fa489c3cc15.jpg,640,640,1.0,640x640
rls_train_aug_0_6239_jpg.rf.0a363814540a4781d5ab781b7ec7e1b0.jpg,640,640,1.0,640x640
rls_train_aug_0_624_jpg.rf.44e6dd7a3fd64d5df8246c379ab8abe2.jpg,640,640,1.0,640x640
rls_train_aug_0_624_jpg.rf.802a798d0d80afabd62c768dae346d2e.jpg,640,640,1.0,640x640
rls_train_aug_0_625_jpg.rf.83a38800c2b1d5dacb16a56edb837448.jpg,640,640,1.0,640x640
rls_train_aug_0_6296_jpg.rf.8d3d97176336205f4304e027c6583d2c.jpg,640,640,1.0,640x640
rls_train_aug_0_6296_jpg.rf.9ab82e6fca2b516f4a7a546eda3210bd.jpg,640,640,1.0,640x640
rls_train_aug_0_6296_jpg.rf.c4b270cb2835d99622e454dc9483af5d.jpg,640,640,1.0,640x640
rls_train_aug_0_629_jpg.rf.96e044b9c5b4401d32d390a68ab7d380.jpg,640,640,1.0,640x640
rls_train_aug_0_629_jpg.rf.b89e72be1aaae6312e002e6bdb27d73e.jpg,640,640,1.0,640x640
rls_train_aug_0_629_jpg.rf.be003b11a8bbeb3fb068f557d100f0df.jpg,640,640,1.0,640x640
rls_train_aug_0_629_jpg.rf.e172e0a2968ee96e22d916d4b8e0fd68.jpg,640,640,1.0,640x640
rls_train_aug_0_629_jpg.rf.e6230ed59ba0b9597eb1e12e09e4056d.jpg,640,640,1.0,640x640
rls_train_aug_0_6311_jpg.rf.117558938d34e51fc947b823ca88d6a7.jpg,640,640,1.0,640x640
rls_train_aug_0_6311_jpg.rf.a66b8e2dc96e716175fe474537c8d2a7.jpg,640,640,1.0,640x640
rls_train_aug_0_6311_jpg.rf.b7bfd039d0a0d77f0bdfd86077093e4d.jpg,640,640,1.0,640x640
rls_train_aug_0_633_jpg.rf.6c59e9aff5837242a47b7756ae520e4b.jpg,640,640,1.0,640x640
rls_train_aug_0_633_jpg.rf.f3e05f92c62c14c10ec4ade1cbbded30.jpg,640,640,1.0,640x640
rls_train_aug_0_6346_jpg.rf.40c7b8acc5391918629c91a060fa2d84.jpg,640,640,1.0,640x640
rls_train_aug_0_6346_jpg.rf.c8463046fe6e02efa55f9d8467e3e6a5.jpg,640,640,1.0,640x640
rls_train_aug_0_6346_jpg.rf.e94a6f760af42d434c6b95b6cc561183.jpg,640,640,1.0,640x640
rls_train_aug_0_634_jpg.rf.78bf341cb52a68cfe6423e767722f6da.jpg,640,640,1.0,640x640
rls_train_aug_0_634_jpg.rf.7cbe77fcb127c37c7da46781ab4c21a1.jpg,640,640,1.0,640x640
rls_train_aug_0_636_jpg.rf.13c035d107fe2fc40443c69e7af125a5.jpg,640,640,1.0,640x640
rls_train_aug_0_636_jpg.rf.37b927774885390b59be51a718360426.jpg,640,640,1.0,640x640
rls_train_aug_0_636_jpg.rf.6bcbb47566abfb2a9435961cafb30ea2.jpg,640,640,1.0,640x640
rls_train_aug_0_638_jpg.rf.b30c645583b9dcca2faea973a095b1a4.jpg,640,640,1.0,640x640
rls_train_aug_0_638_jpg.rf.f6138364fa30da454239b4816504cf0b.jpg,640,640,1.0,640x640
rls_train_aug_0_63_jpg.rf.aa6e506ea4c2e9a4dd2acaf04bd4acb1.jpg,640,640,1.0,640x640
rls_train_aug_0_641_jpg.rf.afd7c01353117ef51f42b7ad7b9cf236.jpg,640,640,1.0,640x640
rls_train_aug_0_641_jpg.rf.bb0ad15ba72bbdcaea915578d00c7967.jpg,640,640,1.0,640x640
rls_train_aug_0_642_jpg.rf.8ba39be4d7a6ff0e0214237684144998.jpg,640,640,1.0,640x640
rls_train_aug_0_646_jpg.rf.b33e4e2a56284450fcf294e1ede01efc.jpg,640,640,1.0,640x640
rls_train_aug_0_646_jpg.rf.fb9e3d27c6dc80ae82d1122f2771699a.jpg,640,640,1.0,640x640
rls_train_aug_0_647_jpg.rf.dd9bc1d9681369652778a5a50f4cfbc5.jpg,640,640,1.0,640x640
rls_train_aug_0_647_jpg.rf.feddae9cf3657959979a97e801d9714a.jpg,640,640,1.0,640x640
rls_train_aug_0_64_jpg.rf.cc91e6027d62dab3498d78cc0703680f.jpg,640,640,1.0,640x640
rls_train_aug_0_650_jpg.rf.3aadfd31a602119821e18a8f66702057.jpg,640,640,1.0,640x640
rls_train_aug_0_650_jpg.rf.caa2693cd71eb36c0f32850a8a13bc21.jpg,640,640,1.0,640x640
rls_train_aug_0_652_jpg.rf.e209552b119c3c3d8ed741b06d634dcc.jpg,640,640,1.0,640x640
rls_train_aug_0_6548_jpg.rf.06a7f1adf8734f35f982eaabd58f1720.jpg,640,640,1.0,640x640
rls_train_aug_0_6548_jpg.rf.8193eb29535d457b2647f0c1d2ce33f1.jpg,640,640,1.0,640x640
rls_train_aug_0_6548_jpg.rf.d8e6f21ba0dba3f445fd61ed791ddd53.jpg,640,640,1.0,640x640
rls_train_aug_0_655_jpg.rf.c992c3017b9d4dda7ef98a0c6a275363.jpg,640,640,1.0,640x640
rls_train_aug_0_655_jpg.rf.d01e1f2355e25497fea32ee0c8d5b9e9.jpg,640,640,1.0,640x640
rls_train_aug_0_65_jpg.rf.201885d10a36b36a5650692bdde8a006.jpg,640,640,1.0,640x640
rls_train_aug_0_65_jpg.rf.85b765bd0eec53f0dd9217de6bc3cb1a.jpg,640,640,1.0,640x640
rls_train_aug_0_65_jpg.rf.a276230e2b5700945c7e0751702e6ca3.jpg,640,640,1.0,640x640
rls_train_aug_0_6637_jpg.rf.29dc8b8e2d599a8a6c62f495a3aab483.jpg,640,640,1.0,640x640
rls_train_aug_0_6637_jpg.rf.cec549e90917e3a70030230c83fdaf77.jpg,640,640,1.0,640x640
rls_train_aug_0_664_jpg.rf.4d6c128492a94ef4d5b95447a4ae8802.jpg,640,640,1.0,640x640
rls_train_aug_0_667_jpg.rf.056192c0c3db5bc65b58c3a17959dcf5.jpg,640,640,1.0,640x640
rls_train_aug_0_670_jpg.rf.047edec134182b01491bfe38b5234419.jpg,640,640,1.0,640x640
rls_train_aug_0_670_jpg.rf.c24560b285ea2bf83b2ecac898364c90.jpg,640,640,1.0,640x640
rls_train_aug_0_671_jpg.rf.174ecf2f5645929a82a211668da3611f.jpg,640,640,1.0,640x640
rls_train_aug_0_671_jpg.rf.8cc08e111c59fa4243ea49d8b3fadf51.jpg,640,640,1.0,640x640
rls_train_aug_0_6749_jpg.rf.341852c8b0d7f0e2d0fb0333100c52c8.jpg,640,640,1.0,640x640
rls_train_aug_0_6749_jpg.rf.532738b7fefb736f57428002eba9e7a3.jpg,640,640,1.0,640x640
rls_train_aug_0_6749_jpg.rf.5f18e5b48b3c3470b703800ab6f546f6.jpg,640,640,1.0,640x640
rls_train_aug_0_676_jpg.rf.abbe58db3cab08116de8a7ec2a05de29.jpg,640,640,1.0,640x640
rls_train_aug_0_6804_jpg.rf.7f4d45e9d9c69f26e061aae3160d0d2c.jpg,640,640,1.0,640x640
rls_train_aug_0_6804_jpg.rf.b7b2c69182278835fd9f454656d88d6d.jpg,640,640,1.0,640x640
rls_train_aug_0_681_jpg.rf.2c4fccdfc2a2a3db802e3bdbd7b967ad.jpg,640,640,1.0,640x640
rls_train_aug_0_681_jpg.rf.2d45ea79bd15be4f51bb1a7556877150.jpg,640,640,1.0,640x640
rls_train_aug_0_682_jpg.rf.cdbf2658a713a817e056631736fda2ea.jpg,640,640,1.0,640x640
rls_train_aug_0_684_jpg.rf.4f5ba3f8696cc03d8bbfe22d99117acc.jpg,640,640,1.0,640x640
rls_train_aug_0_684_jpg.rf.6404f561708896b46a9134bcd049f4c7.jpg,640,640,1.0,640x640
rls_train_aug_0_684_jpg.rf.79ef36fc2199b231e2feca41de63ae26.jpg,640,640,1.0,640x640
rls_train_aug_0_6863_jpg.rf.f42ed924c8799e80c074f72c150cec7f.jpg,640,640,1.0,640x640
rls_train_aug_0_689_jpg.rf.b751c8858d4ae6a3b411bb4b05026734.jpg,640,640,1.0,640x640
rls_train_aug_0_689_jpg.rf.bbb4c79b7c451ee9542521bc5d65e5eb.jpg,640,640,1.0,640x640
rls_train_aug_0_691_jpg.rf.3229048ae66dcdbcacd5cf817345a801.jpg,640,640,1.0,640x640
rls_train_aug_0_691_jpg.rf.4ae1a0bc1bf7a2ec84525ebfadacc373.jpg,640,640,1.0,640x640
rls_train_aug_0_691_jpg.rf.613c5f3353e9176081af3d43b85f26e1.jpg,640,640,1.0,640x640
rls_train_aug_0_692_jpg.rf.009fc530f802e3960b61dfbf85912c26.jpg,640,640,1.0,640x640
rls_train_aug_0_692_jpg.rf.c13dadc79ee74d702e6da3420a828eb9.jpg,640,640,1.0,640x640
rls_train_aug_0_6937_jpg.rf.f33cf0c27782311895151b83a2edfba0.jpg,640,640,1.0,640x640
rls_train_aug_0_6947_jpg.rf.c700022a2c124a6d02a2448702604d9f.jpg,640,640,1.0,640x640
rls_train_aug_0_6947_jpg.rf.e6da9688ef7ed80295d8ed6d5929bd0f.jpg,640,640,1.0,640x640
rls_train_aug_0_697_jpg.rf.0d40e65b38103a1271950a50cd876699.jpg,640,640,1.0,640x640
rls_train_aug_0_697_jpg.rf.582cde01b0fbfcf5ed63e57c6b04cba8.jpg,640,640,1.0,640x640
rls_train_aug_0_698_jpg.rf.e86f040eda9ed7917d188678dc2fce93.jpg,640,640,1.0,640x640
rls_train_aug_0_699_jpg.rf.1e341121a1f5fc8a761f290bedc3a926.jpg,640,640,1.0,640x640
rls_train_aug_0_699_jpg.rf.2cb827b2e53b54b84f00db6a0c5893c2.jpg,640,640,1.0,640x640
rls_train_aug_0_699_jpg.rf.c2071066167945c203bb6831e102cef2.jpg,640,640,1.0,640x640
rls_train_aug_0_69_jpg.rf.facfc32904eacfd37411ab3c8aebe1d2.jpg,640,640,1.0,640x640
rls_train_aug_0_7001_jpg.rf.5febb125901a9b940a50cb88e7d9d63e.jpg,640,640,1.0,640x640
rls_train_aug_0_7001_jpg.rf.7efbbf493d9093cab87a63be10f8303e.jpg,640,640,1.0,640x640
rls_train_aug_0_7017_jpg.rf.5c2c7c13a10916978af68e8bcb650377.jpg,640,640,1.0,640x640
rls_train_aug_0_7017_jpg.rf.a234c434b87785f605ea8bebf491e8d5.jpg,640,640,1.0,640x640
rls_train_aug_0_705_jpg.rf.34e2bb00f1f6f9daddad1720974a47bd.jpg,640,640,1.0,640x640
rls_train_aug_0_707_jpg.rf.0b69b659fe4e8caad76ce4b650d3eeb1.jpg,640,640,1.0,640x640
rls_train_aug_0_707_jpg.rf.7c5e1c7276b5a3d7f5c487151bd61eef.jpg,640,640,1.0,640x640
rls_train_aug_0_7110_jpg.rf.62e7c76e55fc56868ff95498bca20d5e.jpg,640,640,1.0,640x640
rls_train_aug_0_712_jpg.rf.a4686e20ff8a2a314215045a5e55ae2a.jpg,640,640,1.0,640x640
rls_train_aug_0_715_jpg.rf.0d409d2360fc01f963c73fe470c2bf97.jpg,640,640,1.0,640x640
rls_train_aug_0_716_jpg.rf.2bf343e4599ae8d2e2d6ae0e0126792a.jpg,640,640,1.0,640x640
rls_train_aug_0_716_jpg.rf.584edc8fbbe0aaa4393d8b408e6dc82a.jpg,640,640,1.0,640x640
rls_train_aug_0_7193_jpg.rf.271b2b6ff0ca1f0166c265fdea37d68f.jpg,640,640,1.0,640x640
rls_train_aug_0_7193_jpg.rf.6ce77286f848ee6b03ae04f04b7e5fb7.jpg,640,640,1.0,640x640
rls_train_aug_0_722_jpg.rf.2815a81a2bc652e0c2792f373255d44f.jpg,640,640,1.0,640x640
rls_train_aug_0_725_jpg.rf.16a10888ffbe9efddbcb94e0ab5abd5f.jpg,640,640,1.0,640x640
rls_train_aug_0_725_jpg.rf.ddf6a0c49815e18135058c1cdffbb620.jpg,640,640,1.0,640x640
rls_train_aug_0_726_jpg.rf.0cc665b8f08149c2eb374bd2e4a938f0.jpg,640,640,1.0,640x640
rls_train_aug_0_726_jpg.rf.acdda59bb1c56e669d8a47423a5a539d.jpg,640,640,1.0,640x640
rls_train_aug_0_726_jpg.rf.c907db8ed07544d5f303e28c0381c7d6.jpg,640,640,1.0,640x640
rls_train_aug_0_7274_jpg.rf.efdb499881bbee90494341728be01cd2.jpg,640,640,1.0,640x640
rls_train_aug_0_7274_jpg.rf.f0fbdc886292fa3a14c75ffd11c189dc.jpg,640,640,1.0,640x640
rls_train_aug_0_7280_jpg.rf.2f28fe9d5ec2be9d6b2dd197c4aa5911.jpg,640,640,1.0,640x640
rls_train_aug_0_7280_jpg.rf.7d93d15f92c72c931e31f6fdd4e602e6.jpg,640,640,1.0,640x640
rls_train_aug_0_7385_jpg.rf.cb69eab7cd76df5ac9573c8274f5888b.jpg,640,640,1.0,640x640
rls_train_aug_0_73_jpg.rf.21d29ab590cfd7712b54e4f76b7493e7.jpg,640,640,1.0,640x640
rls_train_aug_0_73_jpg.rf.300c86fbb033325907d0bbfe7bd47bbc.jpg,640,640,1.0,640x640
rls_train_aug_0_73_jpg.rf.81b5fa3e3e85279aaebdf90090158acc.jpg,640,640,1.0,640x640
rls_train_aug_0_740_jpg.rf.a5e638e9d94d12dc47f95c0584316827.jpg,640,640,1.0,640x640
rls_train_aug_0_740_jpg.rf.dabf0ef991a353b556b49b313c67b184.jpg,640,640,1.0,640x640
rls_train_aug_0_740_jpg.rf.db60780c81f781e609c799f413a5ffaa.jpg,640,640,1.0,640x640
rls_train_aug_0_7411_jpg.rf.0dd798f7e3059cda18219061a28b9aa9.jpg,640,640,1.0,640x640
rls_train_aug_0_741_jpg.rf.f085c0290a54dcd717c7cef59569bb0a.jpg,640,640,1.0,640x640
rls_train_aug_0_7442_jpg.rf.ae246a6923e460fc391f84c733fcf19d.jpg,640,640,1.0,640x640
rls_train_aug_0_7442_jpg.rf.dd43995e854ed9adf23cf46841b002e2.jpg,640,640,1.0,640x640
rls_train_aug_0_7442_jpg.rf.f0d21419e075f1f6e4b8ca11f3b5de4b.jpg,640,640,1.0,640x640
rls_train_aug_0_745_jpg.rf.92ed45edd2f9ebaf40596264ccedb929.jpg,640,640,1.0,640x640
rls_train_aug_0_745_jpg.rf.c4176e9fab11f472cb0232878a413db1.jpg,640,640,1.0,640x640
rls_train_aug_0_746_jpg.rf.50202509f671e6efe2f3e72b781c9bed.jpg,640,640,1.0,640x640
rls_train_aug_0_746_jpg.rf.60459070d28ea48b0d9d9aa8ce22fb1a.jpg,640,640,1.0,640x640
rls_train_aug_0_746_jpg.rf.b60a4f69055370d05849332785494417.jpg,640,640,1.0,640x640
rls_train_aug_0_749_jpg.rf.0d78191aee1e436b0cb4490b05c0bb53.jpg,640,640,1.0,640x640
rls_train_aug_0_749_jpg.rf.81e9a6cb7fcd0d7387ff06ebc2cc69d7.jpg,640,640,1.0,640x640
rls_train_aug_0_749_jpg.rf.ce01fc7ee34fae3dd212851ab5da5b50.jpg,640,640,1.0,640x640
rls_train_aug_0_7504_jpg.rf.cb2bdbf5a212fb76120332dbe461d098.jpg,640,640,1.0,640x640
rls_train_aug_0_750_jpg.rf.34415f94e2c452c0a20aa3b1a3162a62.jpg,640,640,1.0,640x640
rls_train_aug_0_750_jpg.rf.a3a679131a510a30f76bb4cd747c0085.jpg,640,640,1.0,640x640
rls_train_aug_0_7527_jpg.rf.2ffa8cdfed27d23a2b586f735f761762.jpg,640,640,1.0,640x640
rls_train_aug_0_7527_jpg.rf.eb9a73975844e546615958802b7c71ea.jpg,640,640,1.0,640x640
rls_train_aug_0_754_jpg.rf.2c0cd9e1ecb79a3f091dfacb3efba6d6.jpg,640,640,1.0,640x640
rls_train_aug_0_754_jpg.rf.9a2668d179e711841fea943251c33bc2.jpg,640,640,1.0,640x640
rls_train_aug_0_756_jpg.rf.7c76d01f3de015e2922f0cae6a312a05.jpg,640,640,1.0,640x640
rls_train_aug_0_756_jpg.rf.dec372e116ccd8b0f94f33236cd3c889.jpg,640,640,1.0,640x640
rls_train_aug_0_7600_jpg.rf.0dfa714b5274d2a241ff8a133e51c2b5.jpg,640,640,1.0,640x640
rls_train_aug_0_7600_jpg.rf.9170f155dcaa67460369e6b609abc8ea.jpg,640,640,1.0,640x640
rls_train_aug_0_7609_jpg.rf.1e3efcd72ffc5a084acb8a178dd49a45.jpg,640,640,1.0,640x640
rls_train_aug_0_7609_jpg.rf.a6feff5b2336b7d4fad4e4929268cd8d.jpg,640,640,1.0,640x640
rls_train_aug_0_764_jpg.rf.0ef99d2cdfd597ca0868579fc427cfeb.jpg,640,640,1.0,640x640
rls_train_aug_0_764_jpg.rf.32c64213f471e37282c4e26b745f1f51.jpg,640,640,1.0,640x640
rls_train_aug_0_764_jpg.rf.35f00ed7b81fb00206c06afd9e4ac5be.jpg,640,640,1.0,640x640
rls_train_aug_0_765_jpg.rf.1d4d30fb0b2e754b9f130dc9d687f4fb.jpg,640,640,1.0,640x640
rls_train_aug_0_765_jpg.rf.3c1cb963236deca9805b8a378189c86d.jpg,640,640,1.0,640x640
rls_train_aug_0_765_jpg.rf.66a63cab19a7d2f256b94e1c429a26c2.jpg,640,640,1.0,640x640
rls_train_aug_0_770_jpg.rf.34bfaba891228b79ce892622f5048aa6.jpg,640,640,1.0,640x640
rls_train_aug_0_770_jpg.rf.7299279e29835e77b4bbe6cc7be0ef05.jpg,640,640,1.0,640x640
rls_train_aug_0_770_jpg.rf.d14891e147243559e63401dbc38ad6d8.jpg,640,640,1.0,640x640
rls_train_aug_0_770_jpg.rf.dba3bcd47548ef046ecaef223ce32e8a.jpg,640,640,1.0,640x640
rls_train_aug_0_771_jpg.rf.c74824c56f68ade7f88eef0d767f2030.jpg,640,640,1.0,640x640
rls_train_aug_0_772_jpg.rf.171195a5561604d8f621c2e6ec79ed4d.jpg,640,640,1.0,640x640
rls_train_aug_0_772_jpg.rf.9c3a13c6ab019433d6d3b8e32c6069ad.jpg,640,640,1.0,640x640
rls_train_aug_0_772_jpg.rf.eeef45fe4e357cfbeb9696acce8c69b9.jpg,640,640,1.0,640x640
rls_train_aug_0_774_jpg.rf.c604a6691cacfc3a7f7ccdd41ef9ee5d.jpg,640,640,1.0,640x640
rls_train_aug_0_774_jpg.rf.d33a5b6fe843816191492d994835242d.jpg,640,640,1.0,640x640
rls_train_aug_0_778_jpg.rf.0b575ed3879aaf766036278f032d73b8.jpg,640,640,1.0,640x640
rls_train_aug_0_77_jpg.rf.107b60dadfb11277efc3e0f49813a2f0.jpg,640,640,1.0,640x640
rls_train_aug_0_77_jpg.rf.3d3b7d7c7f566a7ad61ffa57ddbfde4d.jpg,640,640,1.0,640x640
rls_train_aug_0_77_jpg.rf.6a5e334aeeb2c0c12fa38e1ee5c4cb96.jpg,640,640,1.0,640x640
rls_train_aug_0_780_jpg.rf.c2ed92c02a5f87e21596ad33cfab4603.jpg,640,640,1.0,640x640
rls_train_aug_0_781_jpg.rf.62fed214cd7bca5e22bf201ab1ae1b4d.jpg,640,640,1.0,640x640
rls_train_aug_0_781_jpg.rf.866133693d05b767986e80028ae881c7.jpg,640,640,1.0,640x640
rls_train_aug_0_782_jpg.rf.6234f486f12f79e9635d32ee204ce84f.jpg,640,640,1.0,640x640
rls_train_aug_0_782_jpg.rf.d45bdb2d07b5aa5a9205f924bf6e7a46.jpg,640,640,1.0,640x640
rls_train_aug_0_785_jpg.rf.9580d36273ffadcc0ed154f9556e1d1f.jpg,640,640,1.0,640x640
rls_train_aug_0_785_jpg.rf.ee783ff1437aa9c20d4b014993d0f9c6.jpg,640,640,1.0,640x640
rls_train_aug_0_7893_jpg.rf.2ebac249224b5b243e695210239d77fb.jpg,640,640,1.0,640x640
rls_train_aug_0_7893_jpg.rf.c09f7d9023552f70e4c1d08d6d75ff17.jpg,640,640,1.0,640x640
rls_train_aug_0_7893_jpg.rf.df56ae932bcb8b3e9d7539ae659c3056.jpg,640,640,1.0,640x640
rls_train_aug_0_7898_jpg.rf.a703d44a2226954107b0ac9f2499a71d.jpg,640,640,1.0,640x640
rls_train_aug_0_7898_jpg.rf.bd635baa928a7b00922dc1c1c0ec0819.jpg,640,640,1.0,640x640
rls_train_aug_0_789_jpg.rf.4e7a10772af7dd0870bcffba171f223b.jpg,640,640,1.0,640x640
rls_train_aug_0_789_jpg.rf.5d05a16905eca2e668d064d19aae9d9f.jpg,640,640,1.0,640x640
rls_train_aug_0_789_jpg.rf.762ebad49444984148e4b8a041baa986.jpg,640,640,1.0,640x640
rls_train_aug_0_789_jpg.rf.c9d526a701fc3fbf709d3d67069a242b.jpg,640,640,1.0,640x640
rls_train_aug_0_789_jpg.rf.e5a6ef42914b6192bddb5d7871efe180.jpg,640,640,1.0,640x640
rls_train_aug_0_789_jpg.rf.fabd87292f11f6b08fbc126cc97b5ff9.jpg,640,640,1.0,640x640
rls_train_aug_0_78_jpg.rf.3c0cff2c16ffbba1cba17bde23b3e4af.jpg,640,640,1.0,640x640
rls_train_aug_0_78_jpg.rf.5d3035c859129c61b78170462c3e5528.jpg,640,640,1.0,640x640
rls_train_aug_0_7923_jpg.rf.e7af932f2fb793de15878c17f0ca168d.jpg,640,640,1.0,640x640
rls_train_aug_0_7923_jpg.rf.ee202d5e40e7c51b9ad46a36a4892c75.jpg,640,640,1.0,640x640
rls_train_aug_0_7923_jpg.rf.f7faba97c208ba63b88577c67f6db78b.jpg,640,640,1.0,640x640
rls_train_aug_0_792_jpg.rf.061781466c90681e33abb918072bd15e.jpg,640,640,1.0,640x640
rls_train_aug_0_792_jpg.rf.812596afc640db2e2b9f2e1f8e980c85.jpg,640,640,1.0,640x640
rls_train_aug_0_792_jpg.rf.8ca46ac596c0f9b17f492609a8ca8c57.jpg,640,640,1.0,640x640
rls_train_aug_0_79_jpg.rf.46f3a7c4a11244fc5b77525420ed9483.jpg,640,640,1.0,640x640
rls_train_aug_0_79_jpg.rf.c77aebd754b0f486f41156f77b09dc49.jpg,640,640,1.0,640x640
rls_train_aug_0_7_jpg.rf.0af30f324ffc6defbed20f558cabeb7d.jpg,640,640,1.0,640x640
rls_train_aug_0_7_jpg.rf.110a9f239de211443433a804e265b583.jpg,640,640,1.0,640x640
rls_train_aug_0_7_jpg.rf.61478b45ea1fac51f66d304dcbb01ccc.jpg,640,640,1.0,640x640
rls_train_aug_0_7_jpg.rf.d52be9712aa39f5c9db54356034536ca.jpg,640,640,1.0,640x640
rls_train_aug_0_800_jpg.rf.0bac28185b46520e78260490eec61597.jpg,640,640,1.0,640x640
rls_train_aug_0_800_jpg.rf.f751deed77a01b7344831942a1e49826.jpg,640,640,1.0,640x640
rls_train_aug_0_8068_jpg.rf.8a2c2d7e93af71f679bad4dd33c12651.jpg,640,640,1.0,640x640
rls_train_aug_0_810_jpg.rf.028ecf659462de5cab61138b9de4095a.jpg,640,640,1.0,640x640
rls_train_aug_0_820_jpg.rf.508cf7dcb26972395c0e9f4c36b99441.jpg,640,640,1.0,640x640
rls_train_aug_0_829_jpg.rf.345d83101a1f2fc79e03598e7232eb24.jpg,640,640,1.0,640x640
rls_train_aug_0_829_jpg.rf.ae5c8cc3bdd9d440f4ff16fe1fc21d08.jpg,640,640,1.0,640x640
rls_train_aug_0_830_jpg.rf.0bfab285772142a1c2b26f80720a81a3.jpg,640,640,1.0,640x640
rls_train_aug_0_830_jpg.rf.301148af02f3e230e3d1c10afd16e6d5.jpg,640,640,1.0,640x640
rls_train_aug_0_833_jpg.rf.8f0246f2d7caaca55823198c4749b3b5.jpg,640,640,1.0,640x640
rls_train_aug_0_834_jpg.rf.08e403dd2454e93b80deefb46a3ec9cf.jpg,640,640,1.0,640x640
rls_train_aug_0_834_jpg.rf.27b39270a82823a928e509c408adbff6.jpg,640,640,1.0,640x640
rls_train_aug_0_834_jpg.rf.5cf574ae96cc5b1b901cef34740be3dc.jpg,640,640,1.0,640x640
rls_train_aug_0_8388_jpg.rf.2835290aa6d2f4878a1806c512ce2652.jpg,640,640,1.0,640x640
rls_train_aug_0_8388_jpg.rf.5dc7dc3b5a2051822b885fcef01793ca.jpg,640,640,1.0,640x640
rls_train_aug_0_83_jpg.rf.b99e4466309d623c23730b02f1442863.jpg,640,640,1.0,640x640
rls_train_aug_0_83_jpg.rf.ba7ae30463bd100407f748ef229756c0.jpg,640,640,1.0,640x640
rls_train_aug_0_83_jpg.rf.ddabb0edbcb0c783194552ccb8112242.jpg,640,640,1.0,640x640
rls_train_aug_0_842_jpg.rf.603d0ab439916cb08ec54c613f7f4c22.jpg,640,640,1.0,640x640
rls_train_aug_0_842_jpg.rf.e50c1f8f7e57e0dbf20fedfd2ddb54c7.jpg,640,640,1.0,640x640
rls_train_aug_0_8454_jpg.rf.7370b8b4606f40aaeb0bb3b735e7590d.jpg,640,640,1.0,640x640
rls_train_aug_0_8454_jpg.rf.b8d73624f2f00c486d0247137d4f609c.jpg,640,640,1.0,640x640
rls_train_aug_0_845_jpg.rf.0515bdef47176cb2413e6526b47e1b2a.jpg,640,640,1.0,640x640
rls_train_aug_0_845_jpg.rf.ec42f0a2f5160610235e32a57303641f.jpg,640,640,1.0,640x640
rls_train_aug_0_8461_jpg.rf.6d68f51abddeb5b05db761b2819a720b.jpg,640,640,1.0,640x640
rls_train_aug_0_8461_jpg.rf.b063a9a668202afa6f6981e809441cf7.jpg,640,640,1.0,640x640
rls_train_aug_0_8461_jpg.rf.db2377475378ffc122e60e03728a5a54.jpg,640,640,1.0,640x640
rls_train_aug_0_8478_jpg.rf.ae60431d52dbed325a19050accb1dd3c.jpg,640,640,1.0,640x640
rls_train_aug_0_852_jpg.rf.7af3072661c54ec064a6ed20a05f5584.jpg,640,640,1.0,640x640
rls_train_aug_0_852_jpg.rf.ac6a87d2bdd01fa82b7722776ae7f19a.jpg,640,640,1.0,640x640
rls_train_aug_0_85_jpg.rf.2be0d00ddae1ca9f199e475d373dc640.jpg,640,640,1.0,640x640
rls_train_aug_0_85_jpg.rf.f0de0bd590a0b17fb22997fba2e3264f.jpg,640,640,1.0,640x640
rls_train_aug_0_864_jpg.rf.062a9cc3cc19a8bc1d920ce63d2327e5.jpg,640,640,1.0,640x640
rls_train_aug_0_864_jpg.rf.f058ede5571df0af5a8346d562ddec12.jpg,640,640,1.0,640x640
rls_train_aug_0_864_jpg.rf.f3ad03ad559f70ab5b14a332d5031406.jpg,640,640,1.0,640x640
rls_train_aug_0_865_jpg.rf.3d2610fdf894eaf47abaf3aa25831d32.jpg,640,640,1.0,640x640
rls_train_aug_0_865_jpg.rf.4f524cb2e4c4478747cc4c6a71679303.jpg,640,640,1.0,640x640
rls_train_aug_0_870_jpg.rf.467c5952173fcb421a09cd1dabcbbed0.jpg,640,640,1.0,640x640
rls_train_aug_0_870_jpg.rf.f47a6975b7c14f745ea9e5f15bd7c214.jpg,640,640,1.0,640x640
rls_train_aug_0_873_jpg.rf.a5e1af0c03bbd437fec116fe449b3bf2.jpg,640,640,1.0,640x640
rls_train_aug_0_873_jpg.rf.ac4ff7212431b827cc52ce0b4f422efb.jpg,640,640,1.0,640x640
rls_train_aug_0_873_jpg.rf.ece88ea948db059cb9a8d078dfa2d731.jpg,640,640,1.0,640x640
rls_train_aug_0_875_jpg.rf.228f71cf7b9af282e666b9e9b8af4f53.jpg,640,640,1.0,640x640
rls_train_aug_0_875_jpg.rf.4f0f84cc6001928019151e1112eeb703.jpg,640,640,1.0,640x640
rls_train_aug_0_875_jpg.rf.6bba819b7b751191787c183f80b6ccc8.jpg,640,640,1.0,640x640
rls_train_aug_0_875_jpg.rf.91d7d8a28753ef19f9f2e259723d549a.jpg,640,640,1.0,640x640
rls_train_aug_0_879_jpg.rf.9f252e810f2aeb2259d530866ed2da1e.jpg,640,640,1.0,640x640
rls_train_aug_0_879_jpg.rf.be4c112d4ae8cc1bb34d551cfebfa51c.jpg,640,640,1.0,640x640
rls_train_aug_0_882_jpg.rf.3d64d7ee95d3455a3e0bb55d23ee9f69.jpg,640,640,1.0,640x640
rls_train_aug_0_8888_jpg.rf.c7e9da54db577593f40711b51f601ebf.jpg,640,640,1.0,640x640
rls_train_aug_0_888_jpg.rf.25ece6a4e1c6cba00eb06e7339e20f7f.jpg,640,640,1.0,640x640
rls_train_aug_0_88_jpg.rf.4752fc91253aeed0d93393193f4237d5.jpg,640,640,1.0,640x640
rls_train_aug_0_88_jpg.rf.d714dc9e7316decc4e7b427ce9647b40.jpg,640,640,1.0,640x640
rls_train_aug_0_890_jpg.rf.311641cd0fca8a3ecf2076e65a1315d3.jpg,640,640,1.0,640x640
rls_train_aug_0_890_jpg.rf.34c3b48972cf19437ed5e3ce1631ca17.jpg,640,640,1.0,640x640
rls_train_aug_0_890_jpg.rf.5e55991cea81d23f456af4b76d211b4d.jpg,640,640,1.0,640x640
rls_train_aug_0_8928_jpg.rf.e93967d42b830004486a4318dec456f3.jpg,640,640,1.0,640x640
rls_train_aug_0_8928_jpg.rf.fe786c1ea0fff23af0a14433c4fea309.jpg,640,640,1.0,640x640
rls_train_aug_0_892_jpg.rf.321c71ccd3bd030d94fff6368872d858.jpg,640,640,1.0,640x640
rls_train_aug_0_892_jpg.rf.a3cc9f39bb1cd112b1d56ff7bc795f8d.jpg,640,640,1.0,640x640
rls_train_aug_0_892_jpg.rf.df1a25fa0a5db8e561788e0349bd0411.jpg,640,640,1.0,640x640
rls_train_aug_0_896_jpg.rf.38a1dc92614b5735c34937623c8e462a.jpg,640,640,1.0,640x640
rls_train_aug_0_896_jpg.rf.9c248745ea582a8bad55c5739a943cce.jpg,640,640,1.0,640x640
rls_train_aug_0_8985_jpg.rf.f0b9e94bcf6dfdf2c076e048abd7f839.jpg,640,640,1.0,640x640
rls_train_aug_0_898_jpg.rf.0d393f0b660908e9f23eabfdc521f711.jpg,640,640,1.0,640x640
rls_train_aug_0_9047_jpg.rf.6b806cf0985bd20893e069324680eadc.jpg,640,640,1.0,640x640
rls_train_aug_0_907_jpg.rf.b23a0117af28cd4c820cf7bcb467dd9b.jpg,640,640,1.0,640x640
rls_train_aug_0_9088_jpg.rf.6d1164733a7cf17d38e49979624325cd.jpg,640,640,1.0,640x640
rls_train_aug_0_9088_jpg.rf.94e6c9023dc38416d8e0dbda6f051638.jpg,640,640,1.0,640x640
rls_train_aug_0_910_jpg.rf.b93799b60d0ee1b9839dd16ea680aa98.jpg,640,640,1.0,640x640
rls_train_aug_0_912_jpg.rf.769713789f77b1deeb7b2c5b3aa46d27.jpg,640,640,1.0,640x640
rls_train_aug_0_912_jpg.rf.87772952aba9e1413f388797bcb9280f.jpg,640,640,1.0,640x640
rls_train_aug_0_912_jpg.rf.ccb2d5ff9ca62cdcf737b8ab4c0d87aa.jpg,640,640,1.0,640x640
rls_train_aug_0_912_jpg.rf.ce24ece380b35e93c62c6b236899df30.jpg,640,640,1.0,640x640
rls_train_aug_0_914_jpg.rf.33005b95e09beb51a1eed34de1d840bb.jpg,640,640,1.0,640x640
rls_train_aug_0_917_jpg.rf.70cb1d083ea419908c11d5d5390ff127.jpg,640,640,1.0,640x640
rls_train_aug_0_917_jpg.rf.8891acb4fb18d574ce0c0a7c66f0e33c.jpg,640,640,1.0,640x640
rls_train_aug_0_917_jpg.rf.eaf22fdba1ae307849af059aab01319b.jpg,640,640,1.0,640x640
rls_train_aug_0_920_jpg.rf.d99deaa402f578345c9fff3ae7ba3572.jpg,640,640,1.0,640x640
rls_train_aug_0_922_jpg.rf.412f5406333d51d184ee8283c0dced4c.jpg,640,640,1.0,640x640
rls_train_aug_0_922_jpg.rf.5528f66cb91a1473cf5ffb52ca5abb22.jpg,640,640,1.0,640x640
rls_train_aug_0_922_jpg.rf.bfd3ce952da75eb133646745e518fb6f.jpg,640,640,1.0,640x640
rls_train_aug_0_928_jpg.rf.363aedb61da5b3e4c4b0e1ef5837f983.jpg,640,640,1.0,640x640
rls_train_aug_0_928_jpg.rf.39fd96437e33ca9fa952379779484fba.jpg,640,640,1.0,640x640
rls_train_aug_0_928_jpg.rf.4edee8ed25aea013f128ea3cc031e57d.jpg,640,640,1.0,640x640
rls_train_aug_0_928_jpg.rf.993a5961efcbefe0225554b65fde90c5.jpg,640,640,1.0,640x640
rls_train_aug_0_928_jpg.rf.c605088cade87942535237a2457e4ae1.jpg,640,640,1.0,640x640
rls_train_aug_0_930_jpg.rf.45f726d68708b85610bbfd214c4c2524.jpg,640,640,1.0,640x640
rls_train_aug_0_930_jpg.rf.6141a261b217f99d8bcc55768b9f6afd.jpg,640,640,1.0,640x640
rls_train_aug_0_930_jpg.rf.931b064de0c14edaa28c1a00c43b84b4.jpg,640,640,1.0,640x640
rls_train_aug_0_930_jpg.rf.a8b20e43f38c79b6cb5468e909aa5125.jpg,640,640,1.0,640x640
rls_train_aug_0_930_jpg.rf.fab6fe6a5d69899aaefa946eb6342a13.jpg,640,640,1.0,640x640
rls_train_aug_0_934_jpg.rf.990eef6306e5341b61fc77ddf754d2cf.jpg,640,640,1.0,640x640
rls_train_aug_0_934_jpg.rf.b0d23e83668c957f9212abf73de108f6.jpg,640,640,1.0,640x640
rls_train_aug_0_936_jpg.rf.322f318ff0b3ded3025c26d9b0e885a1.jpg,640,640,1.0,640x640
rls_train_aug_0_936_jpg.rf.69bdcfa4644b1e0a527be64bd0f4d198.jpg,640,640,1.0,640x640
rls_train_aug_0_936_jpg.rf.7f378d6b747dc11a427746f245914890.jpg,640,640,1.0,640x640
rls_train_aug_0_939_jpg.rf.683aeb448d20e50bde88f3e898df1c9c.jpg,640,640,1.0,640x640
rls_train_aug_0_939_jpg.rf.f5db04637e3aee6b6d8b178ad23a125d.jpg,640,640,1.0,640x640
rls_train_aug_0_9409_jpg.rf.9f7bb9c5c93325b498d5d3b47e026996.jpg,640,640,1.0,640x640
rls_train_aug_0_9409_jpg.rf.f41266a86fd0212efac10954f9556f8d.jpg,640,640,1.0,640x640
rls_train_aug_0_9431_jpg.rf.434697edbb9feaceea274a291c91f079.jpg,640,640,1.0,640x640
rls_train_aug_0_9431_jpg.rf.be3a42b3472fadf252235f4ce51d2c26.jpg,640,640,1.0,640x640
rls_train_aug_0_9439_jpg.rf.28b1fec54300525efe50a556736a2c42.jpg,640,640,1.0,640x640
rls_train_aug_0_9439_jpg.rf.ce6132bcaef7c354974602289e27cb05.jpg,640,640,1.0,640x640
rls_train_aug_0_943_jpg.rf.76b3dcb867b1a82db725906b3788c72c.jpg,640,640,1.0,640x640
rls_train_aug_0_943_jpg.rf.79d2c423db72e3a5107552ad10633299.jpg,640,640,1.0,640x640
rls_train_aug_0_943_jpg.rf.8298f2e8cc6546f1e7b5746556ccb1d5.jpg,640,640,1.0,640x640
rls_train_aug_0_943_jpg.rf.c585acbcc455c8047be6a1b0ebd43a20.jpg,640,640,1.0,640x640
rls_train_aug_0_945_jpg.rf.6c2a51d456f72e2a2b9dc4415b12f508.jpg,640,640,1.0,640x640
rls_train_aug_0_952_jpg.rf.262064afda1289b3b3f88349da49bc4a.jpg,640,640,1.0,640x640
rls_train_aug_0_9624_jpg.rf.01a36de60e853c897dc089e4fe6ffa2a.jpg,640,640,1.0,640x640
rls_train_aug_0_9624_jpg.rf.0dbd0d381a756c68293ede4bbfc7b120.jpg,640,640,1.0,640x640
rls_train_aug_0_964_jpg.rf.00918f35c1661eb7f0d18392ae25324a.jpg,640,640,1.0,640x640
rls_train_aug_0_964_jpg.rf.4664ca350433f169e255754d03bf0f76.jpg,640,640,1.0,640x640
rls_train_aug_0_964_jpg.rf.ea38639759410065cdd4d0e5508933ac.jpg,640,640,1.0,640x640
rls_train_aug_0_967_jpg.rf.4e79ea384f1041a7c64c335d0c464350.jpg,640,640,1.0,640x640
rls_train_aug_0_967_jpg.rf.b4f2d7bbd53e7e19a6610ed66de83359.jpg,640,640,1.0,640x640
rls_train_aug_0_968_jpg.rf.2e0a80f7007c5332915e8630d92f1ffb.jpg,640,640,1.0,640x640
rls_train_aug_0_968_jpg.rf.87592fd0d69dc1b3d69be89165c479cb.jpg,640,640,1.0,640x640
rls_train_aug_0_96_jpg.rf.31f3f25ec8bd372b13df809e33577761.jpg,640,640,1.0,640x640
rls_train_aug_0_96_jpg.rf.e3a906c1586c2525aca3073e6129e245.jpg,640,640,1.0,640x640
rls_train_aug_0_9759_jpg.rf.9e3e1a9c056c61d5b523f9f23119dacf.jpg,640,640,1.0,640x640
rls_train_aug_0_988_jpg.rf.4e55ec91151a7f46a042d8e1bfb29923.jpg,640,640,1.0,640x640
rls_train_aug_0_988_jpg.rf.7d3983570d21bac126fd47ee24e64a5e.jpg,640,640,1.0,640x640
rls_train_aug_0_988_jpg.rf.89efcc175e54c26152032bc5efaac101.jpg,640,640,1.0,640x640
rls_train_aug_0_989_jpg.rf.325577712209f0dbd709acc5abe73cee.jpg,640,640,1.0,640x640
rls_train_aug_0_989_jpg.rf.3e0929b45180b1b224b8111c2521f6e1.jpg,640,640,1.0,640x640
rls_train_aug_0_989_jpg.rf.d97c2fc8b16f6b2b9547a82df9bb7ab1.jpg,640,640,1.0,640x640
rls_train_aug_0_990_jpg.rf.1aac7cbf925e50bd6db5c7f9a6883b3d.jpg,640,640,1.0,640x640
rls_train_aug_0_990_jpg.rf.238c9ec79b37e5da418c3f7867e020be.jpg,640,640,1.0,640x640
rls_train_aug_0_990_jpg.rf.4be9d315075c77c9ef5c1ce3d592a273.jpg,640,640,1.0,640x640
rls_train_aug_0_990_jpg.rf.a1f91c5504c18316ac84f51127a45dcd.jpg,640,640,1.0,640x640
rls_train_aug_0_990_jpg.rf.d2d9506ddd3ca7b52db099d34588622a.jpg,640,640,1.0,640x640
rls_train_aug_0_990_jpg.rf.e908fbe6118ea8b349ad503bf8455f19.jpg,640,640,1.0,640x640
rls_train_aug_0_9981_jpg.rf.2a0b0e925e8f66ed1d4327284f8c5a34.jpg,640,640,1.0,640x640
rls_train_aug_0_999_jpg.rf.345ceb40ec7ea94fcadd9a9886bd2828.jpg,640,640,1.0,640x640
rls_train_aug_0_999_jpg.rf.50d44e8cedf624a1948e4746d32e5a39.jpg,640,640,1.0,640x640
rls_train_aug_0_999_jpg.rf.93a02da3ceb7d7ca91c13f13eab95368.jpg,640,640,1.0,640x640
rls_train_aug_0_99_jpg.rf.2df76740da646929f54bcc818c39afac.jpg,640,640,1.0,640x640
rls_train_aug_0_99_jpg.rf.9531c130f44d5f575cd6d1a6a2ea935b.jpg,640,640,1.0,640x640
rls_train_aug_0_99_jpg.rf.9b56c22c267e85f4978b897d3bfed560.jpg,640,640,1.0,640x640
rls_train_Brown_spot-94-_jpg.rf.0e34b4020061c395b7084708a4bc1573.jpg,640,640,1.0,640x640
rls_train_Brown_spot-94-_jpg.rf.d988f3c1e78f0481f31e90e92a9f540c.jpg,640,640,1.0,640x640
rls_train_Brown_spot-94-_jpg.rf.f2e6f37377b108b76d0e37ddc3314788.jpg,640,640,1.0,640x640
rls_train_Healthy_rice_leaf-101-_jpg.rf.5414ec43e299e7e8ad1049a9fe76f1a5.jpg,640,640,1.0,640x640
rls_train_Healthy_rice_leaf-101-_jpg.rf.564ec050ba58b076fed85ba31b189ead.jpg,640,640,1.0,640x640
rls_train_Healthy_rice_leaf-17-_jpg.rf.ca52f63a5c22fd5f83bb168eae930069.jpg,640,640,1.0,640x640
rls_train_Healthy_rice_leaf-18-_jpg.rf.3cd780c9748ef51d57d4035122c8b242.jpg,640,640,1.0,640x640
rls_train_Healthy_rice_leaf-18-_jpg.rf.831eb4f21e6c70ce1c9fc7d73b456497.jpg,640,640,1.0,640x640
rls_train_Healthy_rice_leaf-20-_jpg.rf.835055cb9ce02245f36315a2d8872f80.jpg,640,640,1.0,640x640
rls_train_Healthy_rice_leaf-20-_jpg.rf.baf57a50cd001b4bc42892dc5f6519ba.jpg,640,640,1.0,640x640
rls_train_IMG20201108163458_00_jpg.rf.4248c8ac314dfdb211fca27136ab7a47.jpg,640,640,1.0,640x640
rls_train_IMG20201108163525_00_jpg.rf.7a4ac75f3507c8ff2b60ab64dd3ac817.jpg,640,640,1.0,640x640
rls_train_IMG20201108163525_00_jpg.rf.d816b9a3b83bce54d4ca4478d986b48e.jpg,640,640,1.0,640x640
rls_train_IMG20201108163525_00_jpg.rf.dee85ba386475022389dd1663e9171d7.jpg,640,640,1.0,640x640
rls_train_IMG20201108163532_00_jpg.rf.668b29042b740fa98e9a9bc576d46c00.jpg,640,640,1.0,640x640
rls_train_IMG20201108163532_00_jpg.rf.7ccff4cee020dc69366edf5a7dc6dd6c.jpg,640,640,1.0,640x640
rls_train_IMG20201109164046_00_jpg.rf.0f0505198a3edc4cb60baf999cdfde1e.jpg,640,640,1.0,640x640
rls_train_IMG20201109164046_00_jpg.rf.0f712364abe1a4dccc047aa00c2e143a.jpg,640,640,1.0,640x640
rls_train_IMG20201109164046_00_jpg.rf.cbe16a718387797aedc0865aeb98de17.jpg,640,640,1.0,640x640
rls_train_IMG20201109164053_00_jpg.rf.86f6195aada056eb54075f5775f874d7.jpg,640,640,1.0,640x640
rls_train_IMG20201109164053_00_jpg.rf.eaf1268f4f1d8d45375a921e7622d4bf.jpg,640,640,1.0,640x640
rls_train_IMG20201109164112_00_jpg.rf.2d9839540bb4ed590c61bf54f88a6141.jpg,640,640,1.0,640x640
rls_train_IMG20201109164112_00_jpg.rf.aaebc8a7835c712b3068bb63dd7d481f.jpg,640,640,1.0,640x640
rls_train_IMG20201109164118_00_jpg.rf.a9f491097769c7fef818cb17669d26ed.jpg,640,640,1.0,640x640
rls_train_IMG20201109164118_00_jpg.rf.f6f1846c9fb39f6cba1c5ae493e3db3e.jpg,640,640,1.0,640x640
rls_train_IMG20201109164121_00_jpg.rf.57be4c97c62abaf8081afdb07989f720.jpg,640,640,1.0,640x640
rls_train_IMG20201109164121_00_jpg.rf.7cad4dea2c3b5e58b477509eaac1f317.jpg,640,640,1.0,640x640
rls_train_IMG20201109164121_00_jpg.rf.b869dc227a7a026cabbfb8634773282f.jpg,640,640,1.0,640x640
rls_train_IMG20201109164128_00_jpg.rf.860278840491d68fc71b2c3515905470.jpg,640,640,1.0,640x640
rls_train_IMG20201109164128_00_jpg.rf.d886ae124e09bd14aa310d780cb8dc36.jpg,640,640,1.0,640x640
rls_train_IMG20201109164132_00_jpg.rf.131a9c249f698f001739b758305199f9.jpg,640,640,1.0,640x640
rls_train_IMG20201109164132_00_jpg.rf.13710d13c220c79180b43ea70067fe6f.jpg,640,640,1.0,640x640
rls_train_IMG20201109164132_00_jpg.rf.30abbeddcfa08bf6f20928771bdff097.jpg,640,640,1.0,640x640
rls_train_IMG20201109164219_00_jpg.rf.5257173c11e55561e58883d0970101b2.jpg,640,640,1.0,640x640
rls_train_IMG20201109164219_00_jpg.rf.864a0e7d4a77e8635fc0f5c1f2b32257.jpg,640,640,1.0,640x640
rls_train_IMG20201109164219_00_jpg.rf.9e3eeefbea5672b34db265b5adc98f03.jpg,640,640,1.0,640x640
rls_train_IMG20201109164256_00_jpg.rf.07c69b43dc39bc08a333366522f5b618.jpg,640,640,1.0,640x640
rls_train_IMG20201109164256_00_jpg.rf.4bcb1ae838d293cc60ffbdf73008e747.jpg,640,640,1.0,640x640
rls_train_IMG20201109164306_00_jpg.rf.5a9af1610089d1a3d2aed74983ad15cc.jpg,640,640,1.0,640x640
rls_train_IMG20201109164310_00_jpg.rf.0a6b20bb9f574ad104c0a1efcdeb216f.jpg,640,640,1.0,640x640
rls_train_IMG20201109164310_00_jpg.rf.3be1d54cbac262002f0056440e1c0e70.jpg,640,640,1.0,640x640
rls_train_IMG20201109164310_00_jpg.rf.87f51b02bf594133827d2caa095bbf01.jpg,640,640,1.0,640x640
rls_train_IMG20201109164324_00_jpg.rf.ac06f61151718115a55801a64d24955e.jpg,640,640,1.0,640x640
rls_train_IMG20201109164328_00_jpg.rf.02b86c6de73ebf5e4f932560eafff571.jpg,640,640,1.0,640x640
rls_train_IMG20201109164328_00_jpg.rf.f1657cfd6141650155eaabed47f37dc1.jpg,640,640,1.0,640x640
rls_train_IMG20201109164332_00_jpg.rf.0de16fc4a65fd17e7385cb46fcc6365e.jpg,640,640,1.0,640x640
rls_train_IMG20201109164332_00_jpg.rf.e89a74d86b58412df935aeda4324b047.jpg,640,640,1.0,640x640
rls_train_IMG20201109164339_00_jpg.rf.a5e45aaef39e5ed3bf74e80edc4872b8.jpg,640,640,1.0,640x640
rls_train_IMG20201109164339_00_jpg.rf.c69a01fb0c4c0d87b1424fd936dad264.jpg,640,640,1.0,640x640
rls_train_IMG20201109164434_00_jpg.rf.5f3d6ea8f5981e4dc13a5a874404994c.jpg,640,640,1.0,640x640
rls_train_IMG20201109164434_00_jpg.rf.c160d714c1628760c671af50bbe58342.jpg,640,640,1.0,640x640
rls_train_IMG20201109164437_00_jpg.rf.fc8bd59aee045a56f7ec0b400e0b4a27.jpg,640,640,1.0,640x640
rls_train_IMG20201109164448_00_jpg.rf.745d3a9b5e15fb51ef5195be4ec5f4e7.jpg,640,640,1.0,640x640
rls_train_IMG20201109164448_00_jpg.rf.7cf453cb68e51cb2b9d3ab6c77e9e287.jpg,640,640,1.0,640x640
rls_train_IMG20201109164448_00_jpg.rf.a4c045d4a8f168e39223bb6427c3bbfc.jpg,640,640,1.0,640x640
rls_train_IMG20201109164454_00_jpg.rf.309e477e127777233d597bae818d81d4.jpg,640,640,1.0,640x640
rls_train_IMG20201109164456_00_jpg.rf.1dbf168695d99d1e195f40e1b7b14330.jpg,640,640,1.0,640x640
rls_train_IMG20201109164456_00_jpg.rf.310dec47746d99d1c8cc63e882aaa483.jpg,640,640,1.0,640x640
rls_train_IMG20201109164456_00_jpg.rf.7ee4c88bf2db9b7dccae7cdaf3b512c4.jpg,640,640,1.0,640x640
rls_train_IMG20201109164459_00_jpg.rf.234e897ae3eaca65205321b56285091f.jpg,640,640,1.0,640x640
rls_train_IMG20201109164459_00_jpg.rf.4e8301c4c6819e7afe44e54d44c07f30.jpg,640,640,1.0,640x640
rls_train_IMG20201109164508_00_jpg.rf.2ca3340253bb154ca1362c30d2673e4a.jpg,640,640,1.0,640x640
rls_train_IMG20201109164510_00_jpg.rf.bff55cd9743429a89a6fd288f1fbb645.jpg,640,640,1.0,640x640
rls_train_IMG20201109164510_00_jpg.rf.ec03b38d6aeaa27d0cfc423d045ee8e5.jpg,640,640,1.0,640x640
rls_train_IMG20201109164517_00_jpg.rf.dfb2f2a20157808373303343da4462a9.jpg,640,640,1.0,640x640
rls_train_IMG20201109164517_00_jpg.rf.e8780eea3fe5c712d43191d7ee363434.jpg,640,640,1.0,640x640
rls_train_IMG20201109164520_00_jpg.rf.0fac9722648a68faec976dfebe64cbc7.jpg,640,640,1.0,640x640
rls_train_IMG20201109164520_00_jpg.rf.4b29af5158cb1741fc2267d9f2eacc81.jpg,640,640,1.0,640x640
rls_train_IMG20201109164520_00_jpg.rf.627339fc6b4fd7b72a9989fd28637b20.jpg,640,640,1.0,640x640
rls_train_IMG20201109164528_00_jpg.rf.13806036f2e87568dc5e421eea3c85e8.jpg,640,640,1.0,640x640
rls_train_IMG20201109164601_00_jpg.rf.08bb8f19bc7449bb6007794a986bb94e.jpg,640,640,1.0,640x640
rls_train_IMG20201109164601_00_jpg.rf.b4ac7839fedaae44c0dd3524cb1f705b.jpg,640,640,1.0,640x640
rls_train_IMG20201109164601_00_jpg.rf.e95cf03d553a6d07f0ab19e13aaee3ef.jpg,640,640,1.0,640x640
rls_train_IMG20201109164603_00_jpg.rf.24e7ee31f918d97b9003a3b0885f741a.jpg,640,640,1.0,640x640
rls_train_IMG20201109164603_00_jpg.rf.a6d2aa69954b9779144ac1f2469202c2.jpg,640,640,1.0,640x640
rls_train_IMG20201109164607_00_jpg.rf.2efd63bb9b0de9753912870599bc1f5d.jpg,640,640,1.0,640x640
rls_train_IMG20201109164607_00_jpg.rf.db70dbc44e2e759881a6e06e16bd1553.jpg,640,640,1.0,640x640
rls_train_IMG20201109164609_00_jpg.rf.4bae8cdf4666bccc45d65e88a198e4b4.jpg,640,640,1.0,640x640
rls_train_IMG20201109164609_00_jpg.rf.d63e44cde77a3b741984ed846810a074.jpg,640,640,1.0,640x640
rls_train_IMG20201109164615_00_jpg.rf.d3005aec08a3d472b9eb6130e8de7b06.jpg,640,640,1.0,640x640
rls_train_IMG20201109164620_00_jpg.rf.05293db2ad743b16d3c0f47bd63c5050.jpg,640,640,1.0,640x640
rls_train_IMG20201109164620_00_jpg.rf.5320881ba4dbc25cbf030623a6273304.jpg,640,640,1.0,640x640
rls_train_IMG20201109164620_00_jpg.rf.88e418b23970be2b8435a8f98d968128.jpg,640,640,1.0,640x640
rls_train_IMG20201109164723_00_jpg.rf.73b7632fcc138a539dd66e5b1a1fa9ca.jpg,640,640,1.0,640x640
rls_train_IMG20201109164723_00_jpg.rf.d88cdb818a8b8eaa28c4f56e53b60739.jpg,640,640,1.0,640x640
rls_train_IMG20201109164723_00_jpg.rf.f7e7f4efd0d3be8c6bac73af5825221b.jpg,640,640,1.0,640x640
rls_train_IMG20201109164728_00_jpg.rf.2d38bdb76e6df4ae599231d924e52817.jpg,640,640,1.0,640x640
rls_train_IMG20201109164737_00_jpg.rf.7159eb862f203060b737f1dd01e3b0b6.jpg,640,640,1.0,640x640
rls_train_IMG20201109164737_00_jpg.rf.7defce876ee3c4539860295168933f76.jpg,640,640,1.0,640x640
rls_train_IMG20201109164818_00_jpg.rf.4bd33e6a44de7618dd8fc4172734ad3a.jpg,640,640,1.0,640x640
rls_train_IMG20201109164818_00_jpg.rf.e10eb768f4c50f8e7962ec29bdc90672.jpg,640,640,1.0,640x640
rls_train_IMG20201109164825_00_jpg.rf.1a8da27ebbb9fc29496b4e99612d5035.jpg,640,640,1.0,640x640
rls_train_IMG20201109164825_00_jpg.rf.2548d0041edd144639a30cdfdda4dc0c.jpg,640,640,1.0,640x640
rls_train_IMG20201109164825_00_jpg.rf.2f2879bf6efffb0825d4340230535f76.jpg,640,640,1.0,640x640
rls_train_IMG20201109164827_00_jpg.rf.5930d15bd1a9899336e815b77c4d106b.jpg,640,640,1.0,640x640
rls_train_IMG20201109164828_00_jpg.rf.aac45bd1462dd5cc323d959c28cd0f0f.jpg,640,640,1.0,640x640
rls_train_IMG20201109164830_00_jpg.rf.44c12cd3952762287d10fa130c802f76.jpg,640,640,1.0,640x640
rls_train_IMG20201109164830_00_jpg.rf.4aed7cc45ecd2dd29f4ff54e4f631fb3.jpg,640,640,1.0,640x640
rls_train_IMG20201109164830_00_jpg.rf.97b430a837a267f6b1e0fb3beb5ecea4.jpg,640,640,1.0,640x640
rls_train_IMG20201109164832_00_jpg.rf.1de0f96a8ec3edf4f1b94910c6db3606.jpg,640,640,1.0,640x640
rls_train_IMG20201109164832_00_jpg.rf.20625d5a91d1b9648b83dabc39b85198.jpg,640,640,1.0,640x640
rls_train_IMG20201109164834_00_jpg.rf.5deed6a6fa6473dc343e1a8b61c3902a.jpg,640,640,1.0,640x640
rls_train_IMG20201109164834_00_jpg.rf.b86286761fb2269a2e6ec46d5044b081.jpg,640,640,1.0,640x640
rls_train_IMG20201109164836_00_jpg.rf.0391ed3d01ec2e1d595ae8cbb531c74e.jpg,640,640,1.0,640x640
rls_train_IMG20201109164836_00_jpg.rf.bddf177d063efc31655841d7b95e8338.jpg,640,640,1.0,640x640
rls_train_IMG20201109164854_00_jpg.rf.8c84685fb7cc84549e841c24967bee2d.jpg,640,640,1.0,640x640
rls_train_IMG20201109164854_00_jpg.rf.af3b58badc92508b27d36a5469ff4b26.jpg,640,640,1.0,640x640
rls_train_IMG20201109164854_00_jpg.rf.ea69750b86cbf65cfd48a80344f8da5f.jpg,640,640,1.0,640x640
rls_train_IMG20201109164909_00_jpg.rf.cc2eb9330ecd26f9c8fc57ee0eafefc0.jpg,640,640,1.0,640x640
rls_train_IMG20201109164924_00_jpg.rf.34653e8830f22db708dc4e829c5c4c7f.jpg,640,640,1.0,640x640
rls_train_IMG20201109164924_00_jpg.rf.9cf1a7c727df87412dfcb8367e067aae.jpg,640,640,1.0,640x640
rls_train_IMG20201109164927_00_jpg.rf.9b7c4b086fec538aed37754d81444cfa.jpg,640,640,1.0,640x640
rls_train_IMG20201109164935_00_jpg.rf.34b9778a20f870dec4ad74601c958758.jpg,640,640,1.0,640x640
rls_train_IMG20201109164937_00_jpg.rf.05fedb0cd1efad7e9f5579f3f0120eca.jpg,640,640,1.0,640x640
rls_train_IMG20201109164937_00_jpg.rf.d901c4d5c1fdbb5f3ca885475e6609b8.jpg,640,640,1.0,640x640
rls_train_IMG20201109164940_00_jpg.rf.61b5e7f4183638c0975b2cd237db7b41.jpg,640,640,1.0,640x640
rls_train_IMG20201109164940_00_jpg.rf.d148cc5e540616ef9fba4335f8dcf8bf.jpg,640,640,1.0,640x640
rls_train_IMG20201109164942_00_jpg.rf.600f9e6f781591d5b963b62ff973dbb5.jpg,640,640,1.0,640x640
rls_train_IMG20201109164942_00_jpg.rf.c13581d62bf8d3f22e81e1ae97c21970.jpg,640,640,1.0,640x640
rls_train_IMG20201109164945_00_jpg.rf.4d56c8595eb645a8e6ea55ba518121cd.jpg,640,640,1.0,640x640
rls_train_IMG20201109164945_00_jpg.rf.4d7be8b41ff6ead03dda498929affb68.jpg,640,640,1.0,640x640
rls_train_IMG20201109164947_00_jpg.rf.1ef081d84422c0f566cedac86b7b0292.jpg,640,640,1.0,640x640
rls_train_IMG20201109164947_00_jpg.rf.e2b8514b549e6d02055116b77afa51d2.jpg,640,640,1.0,640x640
rls_train_IMG20201109164950_00_jpg.rf.143d4dd97f2a07d229bd3850eaef61c2.jpg,640,640,1.0,640x640
rls_train_IMG20201109164950_00_jpg.rf.fca5d71a6272fec0dd6b9b32bdb79bf5.jpg,640,640,1.0,640x640
rls_train_IMG20201109165008_00_jpg.rf.0b49f9d10fb983fb7fd27c7f658065a0.jpg,640,640,1.0,640x640
rls_train_IMG20201109165008_00_jpg.rf.c12d28f138d96f3656666525fd874932.jpg,640,640,1.0,640x640
rls_train_IMG20201109165011_00_jpg.rf.8bfdc57943e33df2920c495303004a82.jpg,640,640,1.0,640x640
rls_train_IMG20201109165011_00_jpg.rf.c50a2f41f71897682f11328e140a4e33.jpg,640,640,1.0,640x640
rls_train_IMG20201109165017_00_jpg.rf.291a2827d079279b74b572df48383b0d.jpg,640,640,1.0,640x640
rls_train_IMG20201109165017_00_jpg.rf.a0b3b7181962a1b4131b2521b6215e79.jpg,640,640,1.0,640x640
rls_train_IMG20201109165056_00_jpg.rf.8b165bae3c604dbc616bd874d03c7429.jpg,640,640,1.0,640x640
rls_train_IMG20201109165056_00_jpg.rf.e2268c4fc7236c9128b2ccd1bb3598cd.jpg,640,640,1.0,640x640
rls_train_IMG20201109165102_00_jpg.rf.b271ce64334e2961f763bc04e59e328d.jpg,640,640,1.0,640x640
rls_train_IMG20201109165102_00_jpg.rf.f302b8a89964fe2567bdb63afee53e65.jpg,640,640,1.0,640x640
rls_train_IMG20201109165114_00_jpg.rf.5b8df68a6484efa44e2b2c329c2b2bed.jpg,640,640,1.0,640x640
rls_train_IMG20201109165114_00_jpg.rf.bf9bc1b1c6641f3bfd5842d28e48f778.jpg,640,640,1.0,640x640
rls_train_IMG20201109165114_00_jpg.rf.c85e00f91c2f16d0b28cc48deeff64b2.jpg,640,640,1.0,640x640
rls_train_IMG20201109165138_00_jpg.rf.b4f3dc25261c22066e4903bc9824d006.jpg,640,640,1.0,640x640
rls_train_IMG20201109165138_00_jpg.rf.c4b3d15c49873f624419f2a4ee8ed6de.jpg,640,640,1.0,640x640
rls_train_IMG20201109165142_00_jpg.rf.7762551b2cd8a56be28ed3ea6c7a45a8.jpg,640,640,1.0,640x640
rls_train_IMG20201109165142_00_jpg.rf.d32686363de25f19f08a815d48e7d081.jpg,640,640,1.0,640x640
rls_train_IMG20201109165146_00_jpg.rf.92b18f14446c335902180e1c6eb3c90d.jpg,640,640,1.0,640x640
rls_train_IMG20201109165146_00_jpg.rf.e67f4e6b14f5ad6680b104667033f92a.jpg,640,640,1.0,640x640
rls_train_IMG20201109165151_00_jpg.rf.3c562eb8ea775cab37a97c9281c9a1ea.jpg,640,640,1.0,640x640
rls_train_IMG20201109165151_00_jpg.rf.a7cf2669b38cb5679d33a7ff54cef368.jpg,640,640,1.0,640x640
rls_train_IMG20201109165159_00_jpg.rf.21dcddb0d02f5241908c2603496cec63.jpg,640,640,1.0,640x640
rls_train_IMG20201109165159_00_jpg.rf.7b1b8086a073573fd594d0f04cd621d4.jpg,640,640,1.0,640x640
rls_train_IMG20201109165202_00_jpg.rf.903e0fde29297d46a6da53bc0ad7dc7c.jpg,640,640,1.0,640x640
rls_train_IMG20201109165202_00_jpg.rf.da0dc7b7de05a403244f46b669ee39b6.jpg,640,640,1.0,640x640
rls_train_IMG20201109165204_00_jpg.rf.5e17abcccc7be2d13a5210f0c646b6ef.jpg,640,640,1.0,640x640
rls_train_IMG20201109165204_00_jpg.rf.88d8fa074478898cf5109f0da5c1b25b.jpg,640,640,1.0,640x640
rls_train_IMG20201109165216_00_jpg.rf.50acaa5f4cd178dd0c71c491216dee55.jpg,640,640,1.0,640x640
rls_train_IMG20201109165216_00_jpg.rf.de580866726a11ea12b86f1c231bc44e.jpg,640,640,1.0,640x640
rls_train_IMG20201109165218_00_jpg.rf.576fb16d2c36cf723babb12617f06858.jpg,640,640,1.0,640x640
rls_train_IMG20201109165218_00_jpg.rf.8b2019df8f42266bd81e6cbaefd121a1.jpg,640,640,1.0,640x640
rls_train_IMG20201109165223_00_jpg.rf.40e989f8ca9ea8ecd86cdbfa82060ad8.jpg,640,640,1.0,640x640
rls_train_IMG20201109165223_00_jpg.rf.b98872668454cc1faea80245d114ebc2.jpg,640,640,1.0,640x640
rls_train_IMG20201109165226_00_jpg.rf.5f829eb2377f68e9ee258eeea1efbfd0.jpg,640,640,1.0,640x640
rls_train_IMG20201109165226_00_jpg.rf.a9f8cdc3cc509ced8ca8aa8b2a6ca5a1.jpg,640,640,1.0,640x640
rls_train_IMG20201109165228_00_jpg.rf.494b0e46d2e14ee1243e2396e2afa14d.jpg,640,640,1.0,640x640
rls_train_IMG20201109165228_00_jpg.rf.cdb8da4e3624b14b2a59b69e284a2921.jpg,640,640,1.0,640x640
rls_train_IMG20201109165230_00_jpg.rf.b76f183b04c76114fbbcd8dd160c6c15.jpg,640,640,1.0,640x640
rls_train_IMG20201109165232_00_jpg.rf.b3dff2c6b632aea4b56bfbe4a1092456.jpg,640,640,1.0,640x640
rls_train_IMG20201109165235_00_jpg.rf.4705d0305536686db094f8796b1bb426.jpg,640,640,1.0,640x640
rls_train_IMG20201109165235_00_jpg.rf.d317e5fcda911d3ae9f301e31139735c.jpg,640,640,1.0,640x640
rls_train_IMG20201109165252_00_jpg.rf.0d7fccd465f293ca99f14f0b91fbd0a1.jpg,640,640,1.0,640x640
rls_train_IMG20201109165252_00_jpg.rf.62e8d0b81c60de9e2ee57cbdecb00cfd.jpg,640,640,1.0,640x640
rls_train_IMG20201109165252_00_jpg.rf.eaef13f63affa5e4a535ebbf8ce84d3b.jpg,640,640,1.0,640x640
rls_train_IMG20201109165302_00_jpg.rf.3183b05ce2da07a8489a0d4f26974fc7.jpg,640,640,1.0,640x640
rls_train_IMG20201109165302_00_jpg.rf.b9ae671dcaa743e7712d784815845d19.jpg,640,640,1.0,640x640
rls_train_IMG20201109165302_00_jpg.rf.f1857cb098756be29e6822881cae5796.jpg,640,640,1.0,640x640
rls_train_IMG20201109165341_00_jpg.rf.5e9a7bac497e7e3ac4aa3837c55bc3e9.jpg,640,640,1.0,640x640
rls_train_IMG20201109165341_00_jpg.rf.7721bd2783c90e331f52684025e46a1b.jpg,640,640,1.0,640x640
rls_train_IMG20201109165341_00_jpg.rf.d7b347aa4d85ee2d7362f75eddbf0975.jpg,640,640,1.0,640x640
rls_train_IMG20201109165354_00_jpg.rf.16ba423c67a5ddd7de689df14f50ad1c.jpg,640,640,1.0,640x640
rls_train_IMG20201109165354_00_jpg.rf.1f679aa7ece9c2b0edf037c19cf74163.jpg,640,640,1.0,640x640
rls_train_IMG20201109165402_00_jpg.rf.17ba87bf9270f502584f0eb1aa63042a.jpg,640,640,1.0,640x640
rls_train_IMG20201109165402_00_jpg.rf.187a96d2e5901eb271469da33489d2cf.jpg,640,640,1.0,640x640
rls_train_IMG20201109165426_00_jpg.rf.3efe216ee8fee42ca4055505e164488f.jpg,640,640,1.0,640x640
rls_train_IMG20201109165426_00_jpg.rf.57c306fc0fa562deca605ed3e9edbccf.jpg,640,640,1.0,640x640
rls_train_IMG20201109165426_00_jpg.rf.975d4857479a10eb2841f2bfd272c7da.jpg,640,640,1.0,640x640
rls_train_IMG20201109165431_00_jpg.rf.0939a23596ae0b95f067d948ea69f505.jpg,640,640,1.0,640x640
rls_train_IMG20201109165431_00_jpg.rf.4cf5174090b05397a82e5dd215c7bca2.jpg,640,640,1.0,640x640
rls_train_IMG20201109165431_00_jpg.rf.bccff9d6ac0d0151f516212dae038fa8.jpg,640,640,1.0,640x640
rls_train_IMG20201109165446_00_jpg.rf.0d49e0d338d1a4ec9645e9e49dff6329.jpg,640,640,1.0,640x640
rls_train_IMG20201109165446_00_jpg.rf.bde22ce0df9f07975c04c3b801e676c4.jpg,640,640,1.0,640x640
rls_train_IMG20201109165446_00_jpg.rf.d0b37a3fed34dc345347db91e17f4e7d.jpg,640,640,1.0,640x640
rls_train_IMG20201109165450_00_jpg.rf.2178cc3d3da0217d87e1d4dcf47dc68c.jpg,640,640,1.0,640x640
rls_train_IMG20201109165450_00_jpg.rf.5c9ce8d2d4989ef9a1e1ba486e813e9a.jpg,640,640,1.0,640x640
rls_train_IMG20201109165450_00_jpg.rf.8a6ca97d1e47aee87374121a37a2fca7.jpg,640,640,1.0,640x640
rls_train_IMG20201109165506_00_jpg.rf.1a83c5c5df35c1eb97e360e0bad05402.jpg,640,640,1.0,640x640
rls_train_IMG20201109165506_00_jpg.rf.afe4a1c91d1feebb3f9d77885a6ef52c.jpg,640,640,1.0,640x640
rls_train_IMG20201109165539_00_jpg.rf.3a8b262254a1a37652f56ed2ed2b3166.jpg,640,640,1.0,640x640
rls_train_IMG20201109165539_00_jpg.rf.8b272f808fd94c797ac7fd611bd91c0a.jpg,640,640,1.0,640x640
rls_train_IMG20201109165539_00_jpg.rf.a10571822b9774e80784ef0e4b082bd9.jpg,640,640,1.0,640x640
rls_train_IMG20201109165548_00_jpg.rf.62fe780187cee7e066f2b4f754e220b1.jpg,640,640,1.0,640x640
rls_train_IMG20201109165548_00_jpg.rf.d22970061c91b5e4b42027e8afe5470e.jpg,640,640,1.0,640x640
rls_train_IMG20201109165558_00_jpg.rf.d46275f41ec81fb687b19bdb29798c50.jpg,640,640,1.0,640x640
rls_train_IMG20201109165558_00_jpg.rf.d945351185ec171b206abd1a5674e469.jpg,640,640,1.0,640x640
rls_train_IMG20201109165558_00_jpg.rf.ec46bb50f20cf0b8d247fbad639b6ee4.jpg,640,640,1.0,640x640
rls_train_IMG20201109165617_00_jpg.rf.3b5f3382c0ec1c9928566e5d43412e38.jpg,640,640,1.0,640x640
rls_train_IMG20201109165617_00_jpg.rf.ba396f395998f481049f449d2b71596d.jpg,640,640,1.0,640x640
rls_train_IMG20201109165724_00_jpg.rf.08db505932be6bbbdbc1cbf2ab9b580d.jpg,640,640,1.0,640x640
rls_train_IMG20201109165724_00_jpg.rf.98299e0c0f7f2fb9ab999e0a08df841d.jpg,640,640,1.0,640x640
rls_train_IMG20201109165727_00_jpg.rf.5156439ae625f162ac13423fd4f98cff.jpg,640,640,1.0,640x640
rls_train_IMG20201109165727_00_jpg.rf.e6e93e8cd7e8e6b279cf63d260791956.jpg,640,640,1.0,640x640
rls_train_IMG20201109165727_00_jpg.rf.ec5a1a8cbcebf330b59edd1bcad38d88.jpg,640,640,1.0,640x640
rls_train_IMG20201109165735_00_jpg.rf.774e0fee6e8fb016f1175ee5e611c79d.jpg,640,640,1.0,640x640
rls_train_IMG20201109165735_00_jpg.rf.cb3ec8caf456ced1df5d377df89a2a71.jpg,640,640,1.0,640x640
rls_train_IMG20201109165735_00_jpg.rf.cfd6978e2b85d89a19afd5507d734953.jpg,640,640,1.0,640x640
rls_train_IMG20201109165740_00_jpg.rf.4605841355affe091ad743532ab9a499.jpg,640,640,1.0,640x640
rls_train_IMG20201109165839_00_jpg.rf.d079536de09cbb424b88ff4ce015f705.jpg,640,640,1.0,640x640
rls_train_IMG20201109165844_00_jpg.rf.16776a3524d824cb654f7b7af64c9f4a.jpg,640,640,1.0,640x640
rls_train_IMG20201109165844_00_jpg.rf.eae0c2ce8bd68d913d23fc442388e3d4.jpg,640,640,1.0,640x640
rls_train_IMG20201109165850_00_jpg.rf.5b20aaa865fc9537f814a2ef026fd3aa.jpg,640,640,1.0,640x640
rls_train_IMG20201109165854_00_jpg.rf.7745fe2130739828fa3dcf37de9c0d5a.jpg,640,640,1.0,640x640
rls_train_IMG20201109165854_00_jpg.rf.a2b79662d28c67e052aff9a184c862a1.jpg,640,640,1.0,640x640
rls_train_IMG20201109165854_00_jpg.rf.b209db07cdd3b6f00d0a55a0fc45f11a.jpg,640,640,1.0,640x640
rls_train_IMG20201109165906_00_jpg.rf.38dfd75c2f5ddedbbb6b37b0b56d542d.jpg,640,640,1.0,640x640
rls_train_IMG20201109165906_00_jpg.rf.3d09815a2f3fbb60cb79e2ccf06e3133.jpg,640,640,1.0,640x640
rls_train_IMG20201109165958_00_jpg.rf.2198ec9f32c264bc58cacadcbff60264.jpg,640,640,1.0,640x640
rls_train_IMG20201109165958_00_jpg.rf.8b60176f1a147eb4a6be37550126f975.jpg,640,640,1.0,640x640
rls_train_IMG20201109181357_00_jpg.rf.497af452666357a3470cc142e65fa05e.jpg,640,640,1.0,640x640
rls_train_IMG20201109181357_00_jpg.rf.b2f1de8b0c3bbe174bc16239d400277b.jpg,640,640,1.0,640x640
rls_train_IMG20201109181357_00_jpg.rf.e5796d38ed65ae20affec94bfc97ddd9.jpg,640,640,1.0,640x640
rls_train_IMG20201109181419_00_jpg.rf.93b0a40ff56478c605d35a2ac6180aec.jpg,640,640,1.0,640x640
rls_train_IMG20201109181551_00_jpg.rf.7fdcd04b61cf41a2e351cf3243c619aa.jpg,640,640,1.0,640x640
rls_train_IMG20201109181612_00_jpg.rf.550a562da7c1f32baa17a72f3cae0699.jpg,640,640,1.0,640x640
rls_train_IMG20201109181612_00_jpg.rf.f158e59a5982de660f738ebb9110137d.jpg,640,640,1.0,640x640
rls_train_IMG20201109181926_00_jpg.rf.fdd3ca802cc2203506878825b26f4886.jpg,640,640,1.0,640x640
rls_train_IMG20201109181947_00_jpg.rf.2b62c9edffb85ad64ad7502156f572d2.jpg,640,640,1.0,640x640
rls_train_IMG20201109181947_00_jpg.rf.6e17137c476dce02771abfa06fa856d5.jpg,640,640,1.0,640x640
rls_train_IMG20201109181958_00_jpg.rf.5592d222ddb76b79af2eff4328573435.jpg,640,640,1.0,640x640
rls_train_IMG20201109181958_00_jpg.rf.cc583993ab6f1d825bc6490563504ea6.jpg,640,640,1.0,640x640
rls_train_IMG20201109182002_00_jpg.rf.3ef2706b3c03223fb74ef000308fc9ac.jpg,640,640,1.0,640x640
rls_train_IMG20201109182002_00_jpg.rf.7380bf334c1105603dfdaa139f99b596.jpg,640,640,1.0,640x640
rls_train_IMG20201109182159_00_jpg.rf.55c03a63cc90694ed9cf1c95e11ba751.jpg,640,640,1.0,640x640
rls_train_IMG20201109182159_00_jpg.rf.7a3b55e5847b601f5e6e79f80885caae.jpg,640,640,1.0,640x640
rls_train_IMG20201109182159_00_jpg.rf.7b07ebb7c3282dea57eb054ba49ce509.jpg,640,640,1.0,640x640
rls_train_IMG20201109182202_00_jpg.rf.ab6a3a8c22c823793992c9499ea19168.jpg,640,640,1.0,640x640
rls_train_IMG20201109182202_00_jpg.rf.b0e34aff3f7ac7d198f47f96d1193fc2.jpg,640,640,1.0,640x640
rls_train_IMG20201109182221_00_jpg.rf.c14b4c1bd7d0315a75314f2a85a6b245.jpg,640,640,1.0,640x640
rls_train_IMG20201109182225_00_jpg.rf.70296cc232fde3dfca5f958c24eb7d52.jpg,640,640,1.0,640x640
rls_train_IMG20201109182225_00_jpg.rf.921bbff8abdd901769f19b8d03869595.jpg,640,640,1.0,640x640
rls_train_IMG20201109182225_00_jpg.rf.b530e32bca28ac4a079923e263a07598.jpg,640,640,1.0,640x640
rls_train_IMG20201109182317_00_jpg.rf.93346284228acf64ab7cd7c8691558b6.jpg,640,640,1.0,640x640
rls_train_IMG20201109182323_00_jpg.rf.30dc8c755f96562062a50b95fdbbc2b5.jpg,640,640,1.0,640x640
rls_train_IMG20201109182328_00_jpg.rf.c58b1fe72b7a411cada011a07ab02bc6.jpg,640,640,1.0,640x640
rls_train_IMG20201109182328_00_jpg.rf.c9f6fff3c6de4e1b7095795676bc2291.jpg,640,640,1.0,640x640
rls_train_IMG20201109182334_00_jpg.rf.bf600342a3581a44b8a7866a2cea0d0e.jpg,640,640,1.0,640x640
rls_train_IMG20201109182334_00_jpg.rf.d5c6a7f2e7824b6a0c86a8a2ae9e41c4.jpg,640,640,1.0,640x640
rls_train_IMG20201109182343_00_jpg.rf.63f80f12aee9142fbfe42279667bfb25.jpg,640,640,1.0,640x640
rls_train_IMG20201109182343_00_jpg.rf.698a37efc8bc6dce4dc290f27bea2a71.jpg,640,640,1.0,640x640
rls_train_IMG20201109182343_00_jpg.rf.d9865c7514b6daa0fcd6dcabcb5ee99c.jpg,640,640,1.0,640x640
rls_train_IMG20201109182348_00_jpg.rf.562502b3a0197d69ef524664099d53d0.jpg,640,640,1.0,640x640
rls_train_IMG20201109182348_00_jpg.rf.fc4790b708a624dbfc42d6e8730e82b6.jpg,640,640,1.0,640x640
rls_train_IMG20201109182454_00_jpg.rf.613573a3042a10809d94f1a443fc4f01.jpg,640,640,1.0,640x640
rls_train_IMG20201109182454_00_jpg.rf.937b21cb244a4937b6e9e11d885f20c2.jpg,640,640,1.0,640x640
rls_train_IMG20201109182457_00_jpg.rf.cb12b26b421ae8a7d142dda1ef0278b5.jpg,640,640,1.0,640x640
rls_train_IMG20201109182457_00_jpg.rf.e2aaf30d4a3ecf8eec27acb95f28f105.jpg,640,640,1.0,640x640
rls_train_IMG20201109182504_00_jpg.rf.72eb79d02168a44af1adacfc76d42792.jpg,640,640,1.0,640x640
rls_train_IMG20201109182504_00_jpg.rf.c1aea38da7024e91bc66a0104ade1648.jpg,640,640,1.0,640x640
rls_train_IMG20201109182507_00_jpg.rf.ae22a1b04e9607586ea8c446634912ac.jpg,640,640,1.0,640x640
rls_train_IMG20201109182512_00_jpg.rf.b092a1e6781caae0c99849e1a3a5355b.jpg,640,640,1.0,640x640
rls_train_IMG20201109182512_00_jpg.rf.c4424297adc74f316a0a6b0bc3eebb7b.jpg,640,640,1.0,640x640
rls_train_IMG20201109182512_00_jpg.rf.caa72ce0891af6ce3d477abd187a92e5.jpg,640,640,1.0,640x640
rls_train_IMG20201109183036_00_jpg.rf.45150160e95f3e9945d694cffb2e9afc.jpg,640,640,1.0,640x640
rls_train_IMG20201109183036_00_jpg.rf.fc3a20cb3233a229337ba89f72fa6f5c.jpg,640,640,1.0,640x640
rls_train_IMG20201109183136_00_jpg.rf.5b5aa4f5bda14e4d754ce3e77f650413.jpg,640,640,1.0,640x640
rls_train_IMG20201109183143_00_jpg.rf.1419eb297640b8f019baf649b5961261.jpg,640,640,1.0,640x640
rls_train_IMG20201109183143_00_jpg.rf.1c290e6d7e74d4d92cd1b2dca21e9af2.jpg,640,640,1.0,640x640
rls_train_IMG20201109183149_00_jpg.rf.199809afe57d97a61a8128cbc41b5d26.jpg,640,640,1.0,640x640
rls_train_IMG20201109183149_00_jpg.rf.f892055e573dc4cc2747201b4fb32549.jpg,640,640,1.0,640x640
rls_train_IMG20201109184638_00_jpg.rf.44cc5fd87509d6174aae91cc1d00edbb.jpg,640,640,1.0,640x640
rls_train_IMG20201109184638_00_jpg.rf.52193603c0407ed40486c368a7511439.jpg,640,640,1.0,640x640
rls_train_IMG20201109184649_00_jpg.rf.4bb9a4362f51809c02ff6e5f91233e25.jpg,640,640,1.0,640x640
rls_train_IMG20201109184742_00_jpg.rf.1e00b03e0a737991ffcd51b601f11222.jpg,640,640,1.0,640x640
rls_train_IMG20201109184742_00_jpg.rf.65e1e853525d0fbc9986b5314f65e9e9.jpg,640,640,1.0,640x640
rls_train_IMG20201109184742_00_jpg.rf.89ac71684ec369993121208273706330.jpg,640,640,1.0,640x640
rls_train_IMG20201109184744_00_jpg.rf.b54be0ec3ac34da8bd87995db4a99463.jpg,640,640,1.0,640x640
rls_train_IMG20201109184744_00_jpg.rf.c0a0bd3f828e24e9b4e5f8b73c3470a4.jpg,640,640,1.0,640x640
rls_train_IMG20201109184750_00_jpg.rf.38d8424c69140c9e3df69225b0462ca6.jpg,640,640,1.0,640x640
rls_train_IMG20201109184750_00_jpg.rf.45dfdbeaffb82298e1fd4a8f04f01934.jpg,640,640,1.0,640x640
rls_train_IMG20201109184750_00_jpg.rf.4de268b65bde2ac4e2855f226b727f6b.jpg,640,640,1.0,640x640
rls_train_IMG20201109184752_00_jpg.rf.743552d0caa17144e385d162c7234253.jpg,640,640,1.0,640x640
rls_train_IMG20201109184752_00_jpg.rf.9a78bdd4c7f8b2a8b565b0b6f8649053.jpg,640,640,1.0,640x640
rls_train_IMG20201109184847_00_jpg.rf.4f421e4163fb0310beae057d0c6540a3.jpg,640,640,1.0,640x640
rls_train_IMG20201109184847_00_jpg.rf.a3301577ae025341f56a145e31b6194b.jpg,640,640,1.0,640x640
rls_train_IMG20201109184850_00_jpg.rf.0ed02774b1894d15cca18681fcd7aeb7.jpg,640,640,1.0,640x640
rls_train_IMG20201109184850_00_jpg.rf.ca6e8a8b4b4a7274c49d387c62c3a2c2.jpg,640,640,1.0,640x640
rls_train_IMG20201109184854_00_jpg.rf.edb6c873fcd5c7967f687a191d239de8.jpg,640,640,1.0,640x640
rls_train_IMG20201109184856_00_jpg.rf.4923f66d2e36dc0084dbe7081b150cdf.jpg,640,640,1.0,640x640
rls_train_IMG20201109184856_00_jpg.rf.b7ae6974490d3757c00eb29e25058163.jpg,640,640,1.0,640x640
rls_train_IMG20201109184909_00_jpg.rf.1a51fdcdad46538beff9d6238351fee9.jpg,640,640,1.0,640x640
rls_train_IMG20201109185009_00_jpg.rf.70bc744e1ff2107a3f57d2018b55b009.jpg,640,640,1.0,640x640
rls_train_IMG20201109185348_00_jpg.rf.0491b158da06ba179b0e04cfe0f58ac6.jpg,640,640,1.0,640x640
rls_train_IMG20201109185348_00_jpg.rf.6010833d0641f4c39a2cf65a47de23b2.jpg,640,640,1.0,640x640
rls_train_IMG20201109185352_00_jpg.rf.8717bfcbb3de6f3017e8e0d8fd186d2b.jpg,640,640,1.0,640x640
rls_train_IMG20201109185352_00_jpg.rf.e1ef04c1884347e628e5d557147b37df.jpg,640,640,1.0,640x640
rls_train_IMG_20231006_170556_jpg.rf.2c03ae0a173437802e884d68d11c4012.jpg,640,640,1.0,640x640
rls_train_IMG_20231006_170556_jpg.rf.45f142f1bf1c8e6aee2de09bb7641d8a.jpg,640,640,1.0,640x640
rls_train_IMG_20231006_170556_jpg.rf.cfd0b4a9e7d47601012990d3d0a418ce.jpg,640,640,1.0,640x640
rls_train_IMG_20231014_170731_jpg.rf.492d3478d538b4705a56a2c1ce365eb8.jpg,640,640,1.0,640x640
rls_train_IMG_20231014_170731_jpg.rf.593c487ba92f0d2707a56058fdbbc901.jpg,640,640,1.0,640x640
rls_train_IMG_20231014_170731_jpg.rf.6ac6aa6c23022cdcbe1998b509d12ded.jpg,640,640,1.0,640x640
rls_train_IMG_20231014_170816_jpg.rf.39ad53f9c47338c797500eb9875b99c8.jpg,640,640,1.0,640x640
rls_train_IMG_20231014_171505_jpg.rf.12772967c68db4bcd322f5bb7466b5a0.jpg,640,640,1.0,640x640
rls_train_IMG_20231014_171507_jpg.rf.ae389c08f6259a69f9b5880e4ba988b5.jpg,640,640,1.0,640x640
rls_train_IMG_20231014_171852_jpg.rf.9f0239bf88e38213bf59114e6abee2d6.jpg,640,640,1.0,640x640
rls_train_IMG_20231014_171852_jpg.rf.b8b8c6b6fb05bac917bc8e702491043f.jpg,640,640,1.0,640x640
rls_train_IMG_20231014_173024_jpg.rf.9a68aed8a973e871bd2cc481799c6606.jpg,640,640,1.0,640x640
rls_val_aug_0_1009_jpg.rf.a32056228ef1508e9a047529c5a326c2.jpg,640,640,1.0,640x640
rls_val_aug_0_1016_jpg.rf.1660cbc6d7e90f922a3da9e0efb0676f.jpg,640,640,1.0,640x640
rls_val_aug_0_1028_jpg.rf.b132abc9a448ed5bb00492a89fc90fa3.jpg,640,640,1.0,640x640
rls_val_aug_0_1029_jpg.rf.e86fdf90e98ae6dd7227cc23d5c247dd.jpg,640,640,1.0,640x640
rls_val_aug_0_1078_jpg.rf.5db51a29894d9df42659c1499430513f.jpg,640,640,1.0,640x640
rls_val_aug_0_107_jpg.rf.afeaa3789355dc4ef670df932a93e4ab.jpg,640,640,1.0,640x640
rls_val_aug_0_1082_jpg.rf.6fc36be1b5edad4aafb9ec19237258dd.jpg,640,640,1.0,640x640
rls_val_aug_0_1083_jpg.rf.85720e0bf36b8eb95c67fe5881e4bf72.jpg,640,640,1.0,640x640
rls_val_aug_0_1104_jpg.rf.84868403187b8448f5688d9904df708b.jpg,640,640,1.0,640x640
rls_val_aug_0_1107_jpg.rf.a88a145056caa7462d206d5442b60c3a.jpg,640,640,1.0,640x640
rls_val_aug_0_1118_jpg.rf.ce0a8c1149190dce02a6f219f95a7160.jpg,640,640,1.0,640x640
rls_val_aug_0_1132_jpg.rf.f95fc6dd05d2875f58a8310d532d5b42.jpg,640,640,1.0,640x640
rls_val_aug_0_1150_jpg.rf.25d42ccaaa7d84db07b90370f47db4c8.jpg,640,640,1.0,640x640
rls_val_aug_0_1161_jpg.rf.ea67ab15070b32303b83b7e7d181e91d.jpg,640,640,1.0,640x640
rls_val_aug_0_1166_jpg.rf.69371b33ddf861f291ae179f724c738e.jpg,640,640,1.0,640x640
rls_val_aug_0_1167_jpg.rf.91ccb305839bdde68bf91c330d9da3d3.jpg,640,640,1.0,640x640
rls_val_aug_0_1169_jpg.rf.8029bb301fcd88b056f2b38bef9fa62a.jpg,640,640,1.0,640x640
rls_val_aug_0_1170_jpg.rf.30047131dced4b385d6d49f601f3621b.jpg,640,640,1.0,640x640
rls_val_aug_0_1173_jpg.rf.97ada8cbdd1755ed07b62e6b8645d98d.jpg,640,640,1.0,640x640
rls_val_aug_0_1206_jpg.rf.784a9c41687ffe2e9d005aa5d55c5791.jpg,640,640,1.0,640x640
rls_val_aug_0_1215_jpg.rf.e04d047dab7ea3029ba6445f3582cd7b.jpg,640,640,1.0,640x640
rls_val_aug_0_1219_jpg.rf.859ab0e3e6aeecfdf01314317ead8676.jpg,640,640,1.0,640x640
rls_val_aug_0_1221_jpg.rf.1b9b872271059f255056458ec0878c30.jpg,640,640,1.0,640x640
rls_val_aug_0_1232_jpg.rf.16aaca278edffb4ff08abdfbc5e79fc3.jpg,640,640,1.0,640x640
rls_val_aug_0_123_jpg.rf.59d4f0682d09251a4434dd5acf9bedc4.jpg,640,640,1.0,640x640
rls_val_aug_0_1241_jpg.rf.95de205954ebd01d7844719d4b0e639b.jpg,640,640,1.0,640x640
rls_val_aug_0_1246_jpg.rf.2309f939f85346bbf7157d3bd62cb9c0.jpg,640,640,1.0,640x640
rls_val_aug_0_124_jpg.rf.d3139afd3f3bac9593162772eb973aa7.jpg,640,640,1.0,640x640
rls_val_aug_0_126_jpg.rf.45cc4c091af0c2f003ed81a8fbd1a7c7.jpg,640,640,1.0,640x640
rls_val_aug_0_126_jpg.rf.d73f4c20294b2a52ab5966d4a521529a.jpg,640,640,1.0,640x640
rls_val_aug_0_1275_jpg.rf.3d72ed9a59b95c5b0188c1ed8da574be.jpg,640,640,1.0,640x640
rls_val_aug_0_127_jpg.rf.c162d625bb3e7828cb7cbf01e4a7d6b8.jpg,640,640,1.0,640x640
rls_val_aug_0_1282_jpg.rf.fb44a97550e6d303d6f1ddfe8b883c10.jpg,640,640,1.0,640x640
rls_val_aug_0_1287_jpg.rf.4635ac434c9883a3c3d1c51089523a5e.jpg,640,640,1.0,640x640
rls_val_aug_0_1300_jpg.rf.039c48c8829c7e9de15ec4cbc5ab9c49.jpg,640,640,1.0,640x640
rls_val_aug_0_1308_jpg.rf.96fc5ce74a07430bf2b19a5a24506778.jpg,640,640,1.0,640x640
rls_val_aug_0_1316_jpg.rf.618507622b6a39c845c04fab51c06ed6.jpg,640,640,1.0,640x640
rls_val_aug_0_133_jpg.rf.cfa1f0b1d725ee88817bb791392c3071.jpg,640,640,1.0,640x640
rls_val_aug_0_1343_jpg.rf.9ad19f07574d6efbcbb3612b3cdbef97.jpg,640,640,1.0,640x640
rls_val_aug_0_1354_jpg.rf.7c12184fcaf1ebfce07a7fc0532af570.jpg,640,640,1.0,640x640
rls_val_aug_0_1361_jpg.rf.c54775746910699ce0ee256ed3005d7d.jpg,640,640,1.0,640x640
rls_val_aug_0_1362_jpg.rf.8dbe9c52368fd1a72d258d396e8cb3d8.jpg,640,640,1.0,640x640
rls_val_aug_0_1377_jpg.rf.73a6d30b1b7e279f22c80a4109b023b7.jpg,640,640,1.0,640x640
rls_val_aug_0_1386_jpg.rf.ec758c0f01d15f76325e3bd1d7065412.jpg,640,640,1.0,640x640
rls_val_aug_0_1397_jpg.rf.4eb8e795d96b5224b13322bb87dc6aff.jpg,640,640,1.0,640x640
rls_val_aug_0_1405_jpg.rf.06f371656b22804541f1ba782d2f7fba.jpg,640,640,1.0,640x640
rls_val_aug_0_140_jpg.rf.8ce207ff73390212ded696c6e4f223cb.jpg,640,640,1.0,640x640
rls_val_aug_0_1425_jpg.rf.1308ea8685f82dfa581600b8904fe5e1.jpg,640,640,1.0,640x640
rls_val_aug_0_1428_jpg.rf.7f0f5eaa688d3021ab585932d69f5eda.jpg,640,640,1.0,640x640
rls_val_aug_0_1440_jpg.rf.9c95673f6053ca75eda7a60fee470d4a.jpg,640,640,1.0,640x640
rls_val_aug_0_1446_jpg.rf.58905419738b6465a8998dcae0b731d3.jpg,640,640,1.0,640x640
rls_val_aug_0_1471_jpg.rf.efd937fab85f06bd3dff65aff43d1fa5.jpg,640,640,1.0,640x640
rls_val_aug_0_1479_jpg.rf.fe115e1cea43b2f664ff5611e15cd200.jpg,640,640,1.0,640x640
rls_val_aug_0_1482_jpg.rf.6322618c874abf3d92a12adbd7f95ae1.jpg,640,640,1.0,640x640
rls_val_aug_0_1485_jpg.rf.8e26ac0a0c7cebf4ddc81e58ed455bb0.jpg,640,640,1.0,640x640
rls_val_aug_0_1492_jpg.rf.d80269b078822f7cb0e942e0afcf5dba.jpg,640,640,1.0,640x640
rls_val_aug_0_1493_jpg.rf.e537ac6d30b1cbd2b7c4345f9ca42e1e.jpg,640,640,1.0,640x640
rls_val_aug_0_150_jpg.rf.c794816cc24ff0cb5c98ab31441d5e2a.jpg,640,640,1.0,640x640
rls_val_aug_0_1515_jpg.rf.8f099047d30b1f72ecb23a4d5e32702f.jpg,640,640,1.0,640x640
rls_val_aug_0_1518_jpg.rf.dc935c849971e68faa1cf984db608f67.jpg,640,640,1.0,640x640
rls_val_aug_0_153_jpg.rf.5fbc0663bd20809eaec631fa4d4493c9.jpg,640,640,1.0,640x640
rls_val_aug_0_154_jpg.rf.7f20dbaf777df69e8f6eddb0852d7db8.jpg,640,640,1.0,640x640
rls_val_aug_0_157_jpg.rf.4a36d5fe1f1c1de550b8773074401e2f.jpg,640,640,1.0,640x640
rls_val_aug_0_1594_jpg.rf.eef5ef4cd3f4c57c1bead2cb8a8f0b13.jpg,640,640,1.0,640x640
rls_val_aug_0_1622_jpg.rf.533233ca3b1b294548b148aaec676554.jpg,640,640,1.0,640x640
rls_val_aug_0_1639_jpg.rf.3c96bcd5acca02181fad663a5337e49d.jpg,640,640,1.0,640x640
rls_val_aug_0_1649_jpg.rf.bf1c0f96f910e5d353b30c875413fa00.jpg,640,640,1.0,640x640
rls_val_aug_0_1688_jpg.rf.f143968ad10da9763279a029ccb0570c.jpg,640,640,1.0,640x640
rls_val_aug_0_1698_jpg.rf.e0fdf48dc9dd9c434a3f5744a6c22616.jpg,640,640,1.0,640x640
rls_val_aug_0_1707_jpg.rf.bee97ddccf9d42ec7bf85fd406e3dfe3.jpg,640,640,1.0,640x640
rls_val_aug_0_1714_jpg.rf.5191ecb81e026545abaa1f058e59c427.jpg,640,640,1.0,640x640
rls_val_aug_0_1747_jpg.rf.294d57c5610eecf5b73c9aea036f4a9a.jpg,640,640,1.0,640x640
rls_val_aug_0_1756_jpg.rf.bdd8307a5af54022e03495797efde4c5.jpg,640,640,1.0,640x640
rls_val_aug_0_175_jpg.rf.3ec8f96c2fa45bf49332e1ad6f9528d2.jpg,640,640,1.0,640x640
rls_val_aug_0_1788_jpg.rf.2e04c192e9eb3ca1aa7228c5172d24c2.jpg,640,640,1.0,640x640
rls_val_aug_0_17_jpg.rf.37b7c7047670a0e8c15bd4a72bd3ca82.jpg,640,640,1.0,640x640
rls_val_aug_0_1807_jpg.rf.08f40330ee3716a23bf240219d3cebe5.jpg,640,640,1.0,640x640
rls_val_aug_0_1827_jpg.rf.f8cd80047f002ff7275f52c014ab115e.jpg,640,640,1.0,640x640
rls_val_aug_0_18_jpg.rf.0d59e2eee338fc092b5a166762f57735.jpg,640,640,1.0,640x640
rls_val_aug_0_1941_jpg.rf.ff4c3770455d9fadfd499cffb0e5b2e2.jpg,640,640,1.0,640x640
rls_val_aug_0_1996_jpg.rf.34d78e4cfd0c3692dadf2d33a7968850.jpg,640,640,1.0,640x640
rls_val_aug_0_19_jpg.rf.2c1c1b1e1414f2e0305bc8ad1b1ddae8.jpg,640,640,1.0,640x640
rls_val_aug_0_2094_jpg.rf.0771b35e99842c06c9409d66957e0eb5.jpg,640,640,1.0,640x640
rls_val_aug_0_2101_jpg.rf.f7315c51afccc4b4ccc6ce4c4f4723ed.jpg,640,640,1.0,640x640
rls_val_aug_0_2114_jpg.rf.f8eb2f0d9e1c31e15981308374a820e5.jpg,640,640,1.0,640x640
rls_val_aug_0_2116_jpg.rf.71f83ffbe9a8da81c14b4e629d8569d0.jpg,640,640,1.0,640x640
rls_val_aug_0_2122_jpg.rf.64c04f18cae7fc77879437c9179180a9.jpg,640,640,1.0,640x640
rls_val_aug_0_2125_jpg.rf.5f60f38c9d8181f19d979fff90e1ebff.jpg,640,640,1.0,640x640
rls_val_aug_0_2125_jpg.rf.a11e6f1b534bd3885426af306c6c383f.jpg,640,640,1.0,640x640
rls_val_aug_0_2128_jpg.rf.b80536c40f09c41e1888072cad3b31cf.jpg,640,640,1.0,640x640
rls_val_aug_0_221_jpg.rf.4ee9ada8ab51be7d53675ec44a86f2a1.jpg,640,640,1.0,640x640
rls_val_aug_0_2233_jpg.rf.ff217047575ef1c7fbf82450bc1a8da8.jpg,640,640,1.0,640x640
rls_val_aug_0_223_jpg.rf.c6abbacdf37b6bbf7184bb55bf36db80.jpg,640,640,1.0,640x640
rls_val_aug_0_2243_jpg.rf.6e6eb464a261663941c35ec3dc41d3c3.jpg,640,640,1.0,640x640
rls_val_aug_0_2245_jpg.rf.a0131f245226a23ea0d2974075e7471d.jpg,640,640,1.0,640x640
rls_val_aug_0_2250_jpg.rf.dd3b858de41d47d46dbb666b78153797.jpg,640,640,1.0,640x640
rls_val_aug_0_2252_jpg.rf.0c1ffb2376b00b81b04604242df52b95.jpg,640,640,1.0,640x640
rls_val_aug_0_2254_jpg.rf.13c3711adf42ce61aac6e45b523b3459.jpg,640,640,1.0,640x640
rls_val_aug_0_2257_jpg.rf.76ca6d2c919b76760dcd93727aa6e6d3.jpg,640,640,1.0,640x640
rls_val_aug_0_225_jpg.rf.c664e463e315d350c752848a1e9238b3.jpg,640,640,1.0,640x640
rls_val_aug_0_2267_jpg.rf.c913f6f5200a6b282a8e6b5d8479ae34.jpg,640,640,1.0,640x640
rls_val_aug_0_228_jpg.rf.988d8515710c0ec7d06018c1c5a8c492.jpg,640,640,1.0,640x640
rls_val_aug_0_231_jpg.rf.ac760725f6e831e7efe1b45f04af620f.jpg,640,640,1.0,640x640
rls_val_aug_0_234_jpg.rf.fd38753542bef86a74c410c769b3fe9f.jpg,640,640,1.0,640x640
rls_val_aug_0_2351_jpg.rf.ebe8298dbb9424ce340a0054f13a6c0f.jpg,640,640,1.0,640x640
rls_val_aug_0_2384_jpg.rf.f5bbf0ea7fbb781eb302059b78eba12d.jpg,640,640,1.0,640x640
rls_val_aug_0_2407_jpg.rf.f28e58f198e8fe50054c08a4df6adc14.jpg,640,640,1.0,640x640
rls_val_aug_0_2422_jpg.rf.34c722c8e50cdadd0ba495bd294cfdd0.jpg,640,640,1.0,640x640
rls_val_aug_0_2432_jpg.rf.1ae45fe0e06673e38163e6e7a203413a.jpg,640,640,1.0,640x640
rls_val_aug_0_2433_jpg.rf.79360dd2e9a24bbbfaafb63981f9b47f.jpg,640,640,1.0,640x640
rls_val_aug_0_243_jpg.rf.1600e1cf6c0ae2915a42fbb4458e35a7.jpg,640,640,1.0,640x640
rls_val_aug_0_244_jpg.rf.84c2ee83bf6cca3467874882ea8f37e0.jpg,640,640,1.0,640x640
rls_val_aug_0_2458_jpg.rf.837ffcde3451d43efe641d66bae5e098.jpg,640,640,1.0,640x640
rls_val_aug_0_2460_jpg.rf.fb10de55d4bc18139f2df1bfac43d937.jpg,640,640,1.0,640x640
rls_val_aug_0_2479_jpg.rf.0caf468de28d09595a3eeed1a51102bd.jpg,640,640,1.0,640x640
rls_val_aug_0_2529_jpg.rf.2111f413143bccf52bc2779920084bac.jpg,640,640,1.0,640x640
rls_val_aug_0_2533_jpg.rf.6f50df4668cab0205bbb530bb4acd405.jpg,640,640,1.0,640x640
rls_val_aug_0_2551_jpg.rf.40da8fc3f562e2fc20c01f8bf82b4437.jpg,640,640,1.0,640x640
rls_val_aug_0_2553_jpg.rf.18cf417b3c4997ae88fbbb4a215c5853.jpg,640,640,1.0,640x640
rls_val_aug_0_2558_jpg.rf.4ec5a091b18828f0eb07aada52b90ffd.jpg,640,640,1.0,640x640
rls_val_aug_0_2586_jpg.rf.12795e0465c3b81d7bd663870329ad03.jpg,640,640,1.0,640x640
rls_val_aug_0_2611_jpg.rf.833ceaf8fdcebdf291f988ac58351cde.jpg,640,640,1.0,640x640
rls_val_aug_0_271_jpg.rf.c5cc8424a2a11bbf64b76476897bf6fa.jpg,640,640,1.0,640x640
rls_val_aug_0_2808_jpg.rf.19664290f7a3d1cef526e149e2295086.jpg,640,640,1.0,640x640
rls_val_aug_0_2828_jpg.rf.ef8e2f6c234ac7a82a1bc07c79c24b22.jpg,640,640,1.0,640x640
rls_val_aug_0_2845_jpg.rf.400f3697d4189b3d4f8f28876b0bb01c.jpg,640,640,1.0,640x640
rls_val_aug_0_2847_jpg.rf.14c53e5ab2efd061033263b6677bb1ca.jpg,640,640,1.0,640x640
rls_val_aug_0_2857_jpg.rf.528ca5694a05264121380e48048a3e8c.jpg,640,640,1.0,640x640
rls_val_aug_0_2886_jpg.rf.28d10910e00b3dce0880307e9ddce74d.jpg,640,640,1.0,640x640
rls_val_aug_0_288_jpg.rf.0f40f90a5c75486f343675c62321dbfe.jpg,640,640,1.0,640x640
rls_val_aug_0_2896_jpg.rf.a5625656a0cbe2d3453f45c62254fb1c.jpg,640,640,1.0,640x640
rls_val_aug_0_290_jpg.rf.e81bf6ec8eac02758113062645fc976c.jpg,640,640,1.0,640x640
rls_val_aug_0_2928_jpg.rf.ece993c6810013db1db6a91a52a0aa39.jpg,640,640,1.0,640x640
rls_val_aug_0_292_jpg.rf.09439bf882a8c047a875de557f39081d.jpg,640,640,1.0,640x640
rls_val_aug_0_294_jpg.rf.88a5f6551c434fb3ba4251e3af87986e.jpg,640,640,1.0,640x640
rls_val_aug_0_2953_jpg.rf.6a65192088a1fb82fe3fce06801d601e.jpg,640,640,1.0,640x640
rls_val_aug_0_2968_jpg.rf.28b42f1c28fca676c0a38f4f3a1abcf9.jpg,640,640,1.0,640x640
rls_val_aug_0_2969_jpg.rf.604862c9c6e99266ed892c3054efb54e.jpg,640,640,1.0,640x640
rls_val_aug_0_2975_jpg.rf.19b76686302eac8a0eb4146cf5d19c81.jpg,640,640,1.0,640x640
rls_val_aug_0_297_jpg.rf.7045ebad68b7ffdcd28282138725d2cd.jpg,640,640,1.0,640x640
rls_val_aug_0_3001_jpg.rf.c3a4c81c4fe056aff6a31945cbd8141b.jpg,640,640,1.0,640x640
rls_val_aug_0_3037_jpg.rf.11732c5f98c25dd8af86935331e88c73.jpg,640,640,1.0,640x640
rls_val_aug_0_3038_jpg.rf.caddbab4a415e0a38069c6abac97640b.jpg,640,640,1.0,640x640
rls_val_aug_0_3048_jpg.rf.981ff9eaf20dae7e95e39d4639de7867.jpg,640,640,1.0,640x640
rls_val_aug_0_3051_jpg.rf.64451cd03551870fa5a6a9ebdf7e8b0e.jpg,640,640,1.0,640x640
rls_val_aug_0_305_jpg.rf.7556c2b55a8c2fc4a8b1b630fd1db84e.jpg,640,640,1.0,640x640
rls_val_aug_0_3142_jpg.rf.540b5f953536aad5d49e49a4943ab1f7.jpg,640,640,1.0,640x640
rls_val_aug_0_323_jpg.rf.05f80532393e075e7621ed8d2a23979f.jpg,640,640,1.0,640x640
rls_val_aug_0_3292_jpg.rf.e9226fe3ed70624369e666f43e27df16.jpg,640,640,1.0,640x640
rls_val_aug_0_3301_jpg.rf.966774214ed4dbcf38b4fdf445d03b96.jpg,640,640,1.0,640x640
rls_val_aug_0_3308_jpg.rf.31e9ee89f39e605a8f55bd0c3d3640e8.jpg,640,640,1.0,640x640
rls_val_aug_0_3310_jpg.rf.c2e3a34fa47ae49711071ae781fb5e5a.jpg,640,640,1.0,640x640
rls_val_aug_0_3339_jpg.rf.932c9b0af18152b54b08f95d590adf9c.jpg,640,640,1.0,640x640
rls_val_aug_0_3341_jpg.rf.38494df86c455178a83cf874a8e9ac31.jpg,640,640,1.0,640x640
rls_val_aug_0_334_jpg.rf.8f50a5288e563ec453149cb6976b24bd.jpg,640,640,1.0,640x640
rls_val_aug_0_3356_jpg.rf.f4842dda0f2c9cd433c919f8c86c9eb5.jpg,640,640,1.0,640x640
rls_val_aug_0_336_jpg.rf.7ee7a3a8ddd1d5fd04b1e0f551886e15.jpg,640,640,1.0,640x640
rls_val_aug_0_342_jpg.rf.f5a2808a2ee1c78ea42767ba4a15a1d4.jpg,640,640,1.0,640x640
rls_val_aug_0_3435_jpg.rf.5e77a0d5126b5eec81aaf16bed53c6e2.jpg,640,640,1.0,640x640
rls_val_aug_0_3456_jpg.rf.fe9647fe6c0e99edc42be5c96cf2136b.jpg,640,640,1.0,640x640
rls_val_aug_0_351_jpg.rf.d5f9a4fd32a6b3c3e40b47a48375e863.jpg,640,640,1.0,640x640
rls_val_aug_0_3558_jpg.rf.7a873393586248748b791b4f2d6f4565.jpg,640,640,1.0,640x640
rls_val_aug_0_3586_jpg.rf.5c51ef51911d01c3f54f42cf1ecda298.jpg,640,640,1.0,640x640
rls_val_aug_0_3604_jpg.rf.adc2360265e5affd4b8eb654d858386a.jpg,640,640,1.0,640x640
rls_val_aug_0_3636_jpg.rf.2ec852affa8a2f4f3b00060cc99e6175.jpg,640,640,1.0,640x640
rls_val_aug_0_3681_jpg.rf.cfb5720333b60ad009bab291876c9824.jpg,640,640,1.0,640x640
rls_val_aug_0_36_jpg.rf.fef8536b874301ffdf9569ef0c2bf011.jpg,640,640,1.0,640x640
rls_val_aug_0_3738_jpg.rf.7b0cbbb88da1ee2ac34ca128816dbc65.jpg,640,640,1.0,640x640
rls_val_aug_0_3740_jpg.rf.8176643121a43d20df878dca7fe4b179.jpg,640,640,1.0,640x640
rls_val_aug_0_3744_jpg.rf.921704cb80a3c55e2db04fd7cb5a08ce.jpg,640,640,1.0,640x640
rls_val_aug_0_3778_jpg.rf.dc14ee8aaf608c2eed27b42cba80c0ee.jpg,640,640,1.0,640x640
rls_val_aug_0_3779_jpg.rf.1c3153b6adb3a4b1e52db80ad971a7a3.jpg,640,640,1.0,640x640
rls_val_aug_0_3813_jpg.rf.d6d15c54f2111990712685a4f3d623ea.jpg,640,640,1.0,640x640
rls_val_aug_0_3823_jpg.rf.94918e1e3de538aa59e4a5412c8ff740.jpg,640,640,1.0,640x640
rls_val_aug_0_3826_jpg.rf.49a721b266dfbeb72748e3c2930107a4.jpg,640,640,1.0,640x640
rls_val_aug_0_3845_jpg.rf.a77a14ac8e0fd5b731409b5d213ccac7.jpg,640,640,1.0,640x640
rls_val_aug_0_3917_jpg.rf.88867d685b0e1b531589185b47baea65.jpg,640,640,1.0,640x640
rls_val_aug_0_3918_jpg.rf.bedd1063a0f8bea0dbe67a52b709cbd6.jpg,640,640,1.0,640x640
rls_val_aug_0_399_jpg.rf.8fc58cb2be91e6a9b1aec649d29c5ccf.jpg,640,640,1.0,640x640
rls_val_aug_0_401_jpg.rf.362624aab532615e850ce4f95fb64c64.jpg,640,640,1.0,640x640
rls_val_aug_0_403_jpg.rf.dc1fb508a8beaa5c0f94668479de9eff.jpg,640,640,1.0,640x640
rls_val_aug_0_410_jpg.rf.1eccd7a0924b1555c9007334c04dd7c4.jpg,640,640,1.0,640x640
rls_val_aug_0_4142_jpg.rf.93a499e7e8456c1a503bceffebb60933.jpg,640,640,1.0,640x640
rls_val_aug_0_41_jpg.rf.fe6f5e3b3b7e4c2de6c5c7ffa2eb32d3.jpg,640,640,1.0,640x640
rls_val_aug_0_4257_jpg.rf.a6b2e6dcdee3316b2a3d0afbb937b677.jpg,640,640,1.0,640x640
rls_val_aug_0_4273_jpg.rf.182b875cc64814c416afb6df02ba5740.jpg,640,640,1.0,640x640
rls_val_aug_0_4274_jpg.rf.3609986bda3ba40f2bbcd2b3affd759f.jpg,640,640,1.0,640x640
rls_val_aug_0_4296_jpg.rf.11eb3f021afbc8e086c8c193010e09cf.jpg,640,640,1.0,640x640
rls_val_aug_0_431_jpg.rf.57070d1d8d9bd73c05e86d43e98d2b6f.jpg,640,640,1.0,640x640
rls_val_aug_0_435_jpg.rf.ce63c83ab9efd41ead88ab3821dec13f.jpg,640,640,1.0,640x640
rls_val_aug_0_439_jpg.rf.585e5a18fee82e146174f854636f3261.jpg,640,640,1.0,640x640
rls_val_aug_0_4422_jpg.rf.540e270c39c3e89f12ad09c82bed3c13.jpg,640,640,1.0,640x640
rls_val_aug_0_4438_jpg.rf.e8fd5c64ae1e20f932b2a1717e44691a.jpg,640,640,1.0,640x640
rls_val_aug_0_4464_jpg.rf.2a5dcedf3ca1a8fc173c542138c80c10.jpg,640,640,1.0,640x640
rls_val_aug_0_4521_jpg.rf.ef66e6af17dc48816e54f94431d6d995.jpg,640,640,1.0,640x640
rls_val_aug_0_453_jpg.rf.b0cff47ec23dc4895e0f04bce281219a.jpg,640,640,1.0,640x640
rls_val_aug_0_457_jpg.rf.3f9d75cde969e0299b7d8e6c2547ee83.jpg,640,640,1.0,640x640
rls_val_aug_0_4608_jpg.rf.60211697206458a873e236a7e0399c0c.jpg,640,640,1.0,640x640
rls_val_aug_0_4611_jpg.rf.4bd548168c904094d65646d970f6d3e7.jpg,640,640,1.0,640x640
rls_val_aug_0_465_jpg.rf.61f6e1091f1ec16b4c5b976d4ce55e0c.jpg,640,640,1.0,640x640
rls_val_aug_0_467_jpg.rf.9da4ff11c822c00aa1fca951f8af3e93.jpg,640,640,1.0,640x640
rls_val_aug_0_471_jpg.rf.90b6926e31a1a6268b69ce82d5cc2d7a.jpg,640,640,1.0,640x640
rls_val_aug_0_4790_jpg.rf.d06f98a7ec2675992bce80f4da43272b.jpg,640,640,1.0,640x640
rls_val_aug_0_4_jpg.rf.bc259a8f2458d54385cb9e9fa9339729.jpg,640,640,1.0,640x640
rls_val_aug_0_5055_jpg.rf.fbc67e6f4a2f0e347aa02a2f2571451d.jpg,640,640,1.0,640x640
rls_val_aug_0_505_jpg.rf.3bc261a2f152552ca110846e64b3a6b8.jpg,640,640,1.0,640x640
rls_val_aug_0_50_jpg.rf.a616ae150b658520e6ca49b8360b271a.jpg,640,640,1.0,640x640
rls_val_aug_0_50_jpg.rf.b9ca47b1c4770e7b7317b0399b809d93.jpg,640,640,1.0,640x640
rls_val_aug_0_5125_jpg.rf.eaf33dd5e718bf5ac97bc72550d71a5f.jpg,640,640,1.0,640x640
rls_val_aug_0_513_jpg.rf.a7ae41521fd33afdbb434d10f9dd4a61.jpg,640,640,1.0,640x640
rls_val_aug_0_5245_jpg.rf.0bf4e68c2c153e4d3bccbfda6ebc818c.jpg,640,640,1.0,640x640
rls_val_aug_0_531_jpg.rf.19de2d5fa22538ae85b771df4e682968.jpg,640,640,1.0,640x640
rls_val_aug_0_5339_jpg.rf.20097747b9c97f1a20f287e8d5cbe817.jpg,640,640,1.0,640x640
rls_val_aug_0_538_jpg.rf.69c4ae5094798a181d9373549fb76c68.jpg,640,640,1.0,640x640
rls_val_aug_0_545_jpg.rf.9e033f61dd1293ac2713cbe9cf1c53f7.jpg,640,640,1.0,640x640
rls_val_aug_0_5474_jpg.rf.580094bbf97f2dda153507dd8d8f95c7.jpg,640,640,1.0,640x640
rls_val_aug_0_5666_jpg.rf.182a36af18aaa58be23c25a9607b289f.jpg,640,640,1.0,640x640
rls_val_aug_0_5667_jpg.rf.610f95009794eff4a44caf5c94e4c57a.jpg,640,640,1.0,640x640
rls_val_aug_0_5739_jpg.rf.5f9f660c06c7e19022000e18527fa27f.jpg,640,640,1.0,640x640
rls_val_aug_0_579_jpg.rf.f62f5599460fdf667a1078282011f390.jpg,640,640,1.0,640x640
rls_val_aug_0_594_jpg.rf.445ace58c8cefd8bbe94f0f5205bfe35.jpg,640,640,1.0,640x640
rls_val_aug_0_6076_jpg.rf.8e7aba2925d8b87f88ae71ded1188ed0.jpg,640,640,1.0,640x640
rls_val_aug_0_6183_jpg.rf.bcee257a14f489f1a25db74b25b334ef.jpg,640,640,1.0,640x640
rls_val_aug_0_621_jpg.rf.347e0ce680d8138730497065c0371f37.jpg,640,640,1.0,640x640
rls_val_aug_0_622_jpg.rf.94fa5df2ee642a53bbfd1daa163e30a0.jpg,640,640,1.0,640x640
rls_val_aug_0_6303_jpg.rf.6a54effb96cf92f7c567736b560e1485.jpg,640,640,1.0,640x640
rls_val_aug_0_6622_jpg.rf.9fc5be24fbde9be30c860d744d509cda.jpg,640,640,1.0,640x640
rls_val_aug_0_6624_jpg.rf.ae5c46a6b15bf7aa3aa41dd86e6fadd6.jpg,640,640,1.0,640x640
rls_val_aug_0_668_jpg.rf.01e7355269dd12d92211b76a9f954acf.jpg,640,640,1.0,640x640
rls_val_aug_0_676_jpg.rf.9b3ce9fbdd1cf6b2665d88295b428fb5.jpg,640,640,1.0,640x640
rls_val_aug_0_68_jpg.rf.a8ac13c020af7ee0bc07b6bf18e18e35.jpg,640,640,1.0,640x640
rls_val_aug_0_7015_jpg.rf.4991014b00b38a4f236031eb15674c0a.jpg,640,640,1.0,640x640
rls_val_aug_0_7030_jpg.rf.d1c7dbf31d559b0568afa135c56079d5.jpg,640,640,1.0,640x640
rls_val_aug_0_7127_jpg.rf.89a04c19cd6e4c3a517ea8637cbe98e1.jpg,640,640,1.0,640x640
rls_val_aug_0_731_jpg.rf.43a9705c17090cb9b905dc4ba90c9d5a.jpg,640,640,1.0,640x640
rls_val_aug_0_739_jpg.rf.a43c96a4fa3a58110156f339acab5cfc.jpg,640,640,1.0,640x640
rls_val_aug_0_749_jpg.rf.d6ffbdc5be698330403d3d4009673d94.jpg,640,640,1.0,640x640
rls_val_aug_0_787_jpg.rf.a8ab239f1007a37f439bf5e88a59ebe4.jpg,640,640,1.0,640x640
rls_val_aug_0_7909_jpg.rf.f3c6ebc836db94b8e5d99423508a9239.jpg,640,640,1.0,640x640
rls_val_aug_0_805_jpg.rf.d2ba691ba477569d662cd11ea09c1ab7.jpg,640,640,1.0,640x640
rls_val_aug_0_813_jpg.rf.b1e5710ed51515d8245d0f571f3ed895.jpg,640,640,1.0,640x640
rls_val_aug_0_813_jpg.rf.f4678c41ac39556690408887bd93e169.jpg,640,640,1.0,640x640
rls_val_aug_0_829_jpg.rf.989f6ddc3b850c520d672876e6dabefb.jpg,640,640,1.0,640x640
rls_val_aug_0_8467_jpg.rf.100ed0c141cbb3f0bd7fbb039f1e2b0a.jpg,640,640,1.0,640x640
rls_val_aug_0_867_jpg.rf.6b6d143b770880dd224444f476a09631.jpg,640,640,1.0,640x640
rls_val_aug_0_8920_jpg.rf.954fbf66f0cb703b7078a7eff6675343.jpg,640,640,1.0,640x640
rls_val_aug_0_8966_jpg.rf.cdc7ddb0ea43acd31be2e25aecad43b2.jpg,640,640,1.0,640x640
rls_val_aug_0_897_jpg.rf.755f7189f52ad56cb20ac3b6c7126765.jpg,640,640,1.0,640x640
rls_val_aug_0_907_jpg.rf.b929f269a222a824d6e698896c344791.jpg,640,640,1.0,640x640
rls_val_aug_0_9424_jpg.rf.eb5f95f6637c4eff57565ccf0cd889f4.jpg,640,640,1.0,640x640
rls_val_aug_0_943_jpg.rf.8796c6ac42677de6ce7dd31a8b1ab103.jpg,640,640,1.0,640x640
rls_val_aug_0_94_jpg.rf.83ee721108ffcb92e1bc5048b285dbb1.jpg,640,640,1.0,640x640
rls_val_aug_0_965_jpg.rf.7c0a5710f59061a0df8daca853e5b308.jpg,640,640,1.0,640x640
rls_val_Healthy_rice_leaf-19-_jpg.rf.62d97ddfabfe948c0c6913aacd078970.jpg,640,640,1.0,640x640
rls_val_IMG20201109164106_00_jpg.rf.7941da98df55bdd9cb6350c316e2d53a.jpg,640,640,1.0,640x640
rls_val_IMG20201109164156_00_jpg.rf.03d2a290779866e0c703385c8d888c18.jpg,640,640,1.0,640x640
rls_val_IMG20201109164203_00_jpg.rf.fd822f1ed50fcdbefe6f2a6d8b83ae85.jpg,640,640,1.0,640x640
rls_val_IMG20201109164233_00_jpg.rf.2e35422259d63da1eb20ad83c88fcffe.jpg,640,640,1.0,640x640
rls_val_IMG20201109164321_00_jpg.rf.7d0aa6bdf99f9f35cd17dc8443f5bf9f.jpg,640,640,1.0,640x640
rls_val_IMG20201109164452_00_jpg.rf.e89d2938b7128c0af7ce2f0f0e686608.jpg,640,640,1.0,640x640
rls_val_IMG20201109164512_00_jpg.rf.4bfe257182af9053df363ca979b9723f.jpg,640,640,1.0,640x640
rls_val_IMG20201109164522_00_jpg.rf.6badbba352b25075123218f3c14f4af5.jpg,640,640,1.0,640x640
rls_val_IMG20201109164558_00_jpg.rf.7f1ce71177e29d7a61a1325b5850fb3a.jpg,640,640,1.0,640x640
rls_val_IMG20201109164641_00_jpg.rf.9688c6882f4b963d75b68a739c2aa6f9.jpg,640,640,1.0,640x640
rls_val_IMG20201109164649_00_jpg.rf.cb6e3aa378fffd05f3a3f3090161eac0.jpg,640,640,1.0,640x640
rls_val_IMG20201109164734_00_jpg.rf.cbe431c9f8188c63d527525491e67af3.jpg,640,640,1.0,640x640
rls_val_IMG20201109164851_00_jpg.rf.e1b124423efbe362189a04585862ff17.jpg,640,640,1.0,640x640
rls_val_IMG20201109164858_00_jpg.rf.4f9323bafe58842b86b55e52c8075589.jpg,640,640,1.0,640x640
rls_val_IMG20201109164900_00_jpg.rf.24b227c4b42d0d3b3c3c1ed81cdfe23a.jpg,640,640,1.0,640x640
rls_val_IMG20201109164902_00_jpg.rf.f0258fdd1e8bb8431f9d5914e17e18cc.jpg,640,640,1.0,640x640
rls_val_IMG20201109164905_00_jpg.rf.66b78f44e0d08d746f983f6a9b171930.jpg,640,640,1.0,640x640
rls_val_IMG20201109164911_00_jpg.rf.8f8cc723e13cf8593e83d2d935b05702.jpg,640,640,1.0,640x640
rls_val_IMG20201109164921_00_jpg.rf.147ce600562a1b93b1f1c46e03aeac5c.jpg,640,640,1.0,640x640
rls_val_IMG20201109165117_00_jpg.rf.53708e3deaa286bf768c0610b0297b9e.jpg,640,640,1.0,640x640
rls_val_IMG20201109165133_00_jpg.rf.0bffc1963d24bb57a8471bcd9a40f7cd.jpg,640,640,1.0,640x640
rls_val_IMG20201109165136_00_jpg.rf.36c15324bf4c99e19137385609517dbe.jpg,640,640,1.0,640x640
rls_val_IMG20201109165249_00_jpg.rf.85e4fbd06ee80b8fd7e3f7dbd0074a88.jpg,640,640,1.0,640x640
rls_val_IMG20201109165311_00_jpg.rf.697f84321c200e72fb44780d674280e9.jpg,640,640,1.0,640x640
rls_val_IMG20201109165335_00_jpg.rf.6ed16047bf84d2f3f6a52b2708916111.jpg,640,640,1.0,640x640
rls_val_IMG20201109165553_00_jpg.rf.4f225bbf8eebea7379bfe2ce51744e39.jpg,640,640,1.0,640x640
rls_val_IMG20201109165603_00_jpg.rf.7dc7d7a2fdf8c13c46938982ac0f3840.jpg,640,640,1.0,640x640
rls_val_IMG20201109165729_00_jpg.rf.a9bb230c09f75db800a4e2e16dbf1f1c.jpg,640,640,1.0,640x640
rls_val_IMG20201109181602_00_jpg.rf.3aaf8523d9de24c353b8c226e0b251c1.jpg,640,640,1.0,640x640
rls_val_IMG20201109181933_00_jpg.rf.b3cb5273ae753e6c094ebd96586e479a.jpg,640,640,1.0,640x640
rls_val_IMG20201109181940_00_jpg.rf.935237ae55ec3883164fcec9bc8030b9.jpg,640,640,1.0,640x640
rls_val_IMG20201109182142_00_jpg.rf.b7906981656e5be7dd4a237b6d181b26.jpg,640,640,1.0,640x640
rls_val_IMG20201109182229_00_jpg.rf.3851bd5e1c2ac8bc027bd60e048e6fd8.jpg,640,640,1.0,640x640
rls_val_IMG20201109182501_00_jpg.rf.2861501d1d5a8a99757b796194868a90.jpg,640,640,1.0,640x640
rls_val_IMG20201109184740_00_jpg.rf.4f968f360d47b58d8c94aec3ab344e75.jpg,640,640,1.0,640x640
rls_val_IMG20201109184816_00_jpg.rf.bbecedc1717b11b9782e3c051e0ff73a.jpg,640,640,1.0,640x640
rls_val_IMG20201109184911_00_jpg.rf.8803e7c65e628b16281c709e5cf232a5.jpg,640,640,1.0,640x640
rls_val_IMG_20231014_171757_jpg.rf.d4c3301c8b4c2d1240b53b99cd3d5c4f.jpg,640,640,1.0,640x640
r6k_test_Blast_1040_jpg.rf.28f1af1e77fb44498153442d55c53e77.jpg,587,587,1.0,587x587
r6k_test_Blast_1055_jpg.rf.9f41420e68cff02e20b68fb31943dbf8.jpg,587,587,1.0,587x587
r6k_test_Blast_1145_jpg.rf.ce34a22d585ae0fc65cae6cb4307bedd.jpg,587,587,1.0,587x587
r6k_test_Blast_1155_jpg.rf.f3227b43e8b8dd9593c96f441da7cf22.jpg,587,587,1.0,587x587
r6k_test_Blast_1189_jpg.rf.c70a731f9709150536f1b9eafdde66c4.jpg,587,587,1.0,587x587
r6k_test_Blast_12-2-_jpg.rf.869753fdc1b9e271ed40feaa157a261f.jpg,587,587,1.0,587x587
r6k_test_blast_orig_005_jpg.rf.89b9cb2e5720cdcd69ad3f53a4cc0ea8.jpg,587,587,1.0,587x587
r6k_test_blast_orig_009_jpg.rf.5e35a55867891cbc207080e63562f0b7.jpg,587,587,1.0,587x587
r6k_test_blast_orig_011_jpg.rf.204a54c9832d41aa46a05e59161993e9.jpg,587,587,1.0,587x587
r6k_test_blast_orig_025_jpg.rf.2472fa3bc3ca4cd9d8d1235f60b24473.jpg,587,587,1.0,587x587
r6k_test_blast_orig_026_png_jpg.rf.31f57cd298ca19a95aab86cd7dced898.jpg,587,587,1.0,587x587
r6k_test_blast_orig_036_png_jpg.rf.b9cb92aaf588687aabb2372b1f708b7d.jpg,587,587,1.0,587x587
r6k_test_blast_orig_039_JPG_jpg.rf.228a1b2faa5e246f6b2d624adc7dd805.jpg,587,587,1.0,587x587
r6k_test_blast_orig_042_png_jpg.rf.5da3358649c3d91f7f394b75e38d2392.jpg,587,587,1.0,587x587
r6k_test_blast_orig_062_jpg.rf.833111676820a8cc00a25726e7f35130.jpg,587,587,1.0,587x587
r6k_test_blast_orig_071_JPG_jpg.rf.a6d3e3dc6bba6c71a572672a52507be8.jpg,587,587,1.0,587x587
r6k_test_blast_orig_079_jpg.rf.5223c283b553b5f2b6cc4083b931daa9.jpg,587,587,1.0,587x587
r6k_test_blast_orig_080_jpg.rf.11c5578b2e45300b15062a9a8d388224.jpg,587,587,1.0,587x587
r6k_test_blast_rotated_002_png_jpg.rf.5bba6614fbd3187f296dbdb132940121.jpg,587,587,1.0,587x587
r6k_test_blast_rotated_004_png_jpg.rf.7448c999fd5a498bd51b7a0a7afb82ab.jpg,587,587,1.0,587x587
r6k_test_blast_rotated_005_jpg.rf.129eccd0226d02cd1a3936ddcb89d0a8.jpg,587,587,1.0,587x587
r6k_test_blast_rotated_009_jpg.rf.7c858c9adcdf5bcd332229cac4d1d759.jpg,587,587,1.0,587x587
r6k_test_blast_rotated_016_png_jpg.rf.debe12c34b2dd532e9151dd56d421807.jpg,587,587,1.0,587x587
r6k_test_blast_rotated_028_png_jpg.rf.f9ee94e8e94e43be10a09de25f3311b5.jpg,587,587,1.0,587x587
r6k_test_blast_rotated_047_JPG_jpg.rf.3ab5655c7c71d1e645e625bd9dc2b99d.jpg,587,587,1.0,587x587
r6k_test_blast_rotated_067_JPG_jpg.rf.ffbc478558fb44a1ff961847a5ec05ed.jpg,587,587,1.0,587x587
r6k_test_blast_rotated_069_JPG_jpg.rf.d023c6b5fb9b695071b1f1a89be9c2c7.jpg,587,587,1.0,587x587
r6k_test_blast_rotated_072_jpg.rf.9d9ecc90b8c242de1f94c0c66f100f18.jpg,587,587,1.0,587x587
r6k_test_blast_rotated_075_jpg.rf.c4cfb56506cfb40b908c88a3a24f4bdd.jpg,587,587,1.0,587x587
r6k_test_blight_orig_007_JPG_jpg.rf.012debb96016ef3a8aba15e0aebb12c0.jpg,587,587,1.0,587x587
r6k_test_blight_orig_013_jpg.rf.34d8719d1d9d8ce2a860495bb283f822.jpg,587,587,1.0,587x587
r6k_test_blight_orig_044_jpg.rf.94d3f578f0d23047755054e3aba3c53c.jpg,587,587,1.0,587x587
r6k_test_blight_orig_047_jpg.rf.84cf32836d3dfe6c8d47dc3273960092.jpg,587,587,1.0,587x587
r6k_test_blight_orig_050_jpg.rf.aab95bef1c25e7afeff8027dc12633b3.jpg,587,587,1.0,587x587
r6k_test_blight_orig_076_jpg.rf.387809d8bbba7bf7004fc3731bc1d91a.jpg,587,587,1.0,587x587
r6k_test_blight_orig_093_jpg.rf.f9c193e3496b82ff9cfccb42074d203c.jpg,587,587,1.0,587x587
r6k_test_blight_rotated_006_PNG_jpg.rf.1c2063c437c7e91287a02eaa84c18de2.jpg,587,587,1.0,587x587
r6k_test_blight_rotated_008_PNG_jpg.rf.cb22637b1cab9350d219230af2003585.jpg,587,587,1.0,587x587
r6k_test_blight_rotated_021_jpg.rf.df2559fefaf0b02d9fca07b78a5a35c9.jpg,587,587,1.0,587x587
r6k_test_blight_rotated_024_PNG_jpg.rf.9b0cd22479c361879de133a8db155c51.jpg,587,587,1.0,587x587
r6k_test_blight_rotated_045_jpg.rf.68044ee46f517ec82a5b99293a4179b3.jpg,587,587,1.0,587x587
r6k_test_blight_rotated_060_JPG_jpg.rf.6850309f1abc4b5debf24b68b3bb7c8f.jpg,587,587,1.0,587x587
r6k_test_blight_rotated_092_jpg.rf.e376e194fd517cfd38cbd1cc856e0efc.jpg,587,587,1.0,587x587
r6k_test_brownspot_orig_023_jpg.rf.dc5800269a5957db47ae99a602bc2499.jpg,587,587,1.0,587x587
r6k_test_brownspot_orig_037_jpg.rf.8c24a6382c02f401e115e3fcf321364e.jpg,587,587,1.0,587x587
r6k_test_brownspot_orig_041_jpg.rf.29887f4351cd1ca1e4d76522c43ac5bf.jpg,587,587,1.0,587x587
r6k_test_brownspot_orig_052_jpg.rf.73f64b7e43c1ff07364365517c9a2a1e.jpg,587,587,1.0,587x587
r6k_test_brownspot_orig_055_jpg.rf.052f8b4b01da8b7b49288f3b02be0b88.jpg,587,587,1.0,587x587
r6k_test_brownspot_orig_067_jpg.rf.aeafbfa35ebf85970a7abe1875386fc0.jpg,587,587,1.0,587x587
r6k_test_brownspot_orig_081_jpg.rf.89cf105aa1a870238b6d5e3573a245e8.jpg,587,587,1.0,587x587
r6k_test_brownspot_orig_082_jpg.rf.a6388182660fd0821948d16098063737.jpg,587,587,1.0,587x587
r6k_test_brownspot_orig_092_jpg.rf.1da1905251037fb69c27536e51fcc236.jpg,587,587,1.0,587x587
r6k_test_IMG_20190419_112552_jpg.rf.d68bcbb44ad39dc1dffa7fdd13fa3a6b.jpg,587,587,1.0,587x587
r6k_test_IMG_20190419_141230_jpg.rf.374340c9b22a2a9df020e6839fe13e6a.jpg,587,587,1.0,587x587
r6k_test_IMG_20190420_194955_jpg.rf.d0ed0472268b30673f719905e4606437.jpg,587,587,1.0,587x587
r6k_test_img_blb_100_jpeg_jpg.rf.9c8660c5f5e3a4a346892be679614424.jpg,587,587,1.0,587x587
r6k_test_img_blb_137_jpeg_jpg.rf.8a49918f661b899a34984dd668f51ffa.jpg,587,587,1.0,587x587
r6k_test_img_blb_147_jpeg_jpg.rf.59d46b36451778ffb43d5870d42f25a4.jpg,587,587,1.0,587x587
r6k_test_img_blb_164_jpeg_jpg.rf.b1b94badf9316c7fa419d06f3604f0d5.jpg,587,587,1.0,587x587
r6k_test_img_blb_169_jpeg_jpg.rf.483cd57c5b83d0d4f6dc130096f0ff99.jpg,587,587,1.0,587x587
r6k_test_img_blb_169_jpeg_jpg.rf.c2386fec793875e261f969f1232e17d2.jpg,587,587,1.0,587x587
r6k_test_img_blb_23_JPG_jpg.rf.88050e1eb353f102d8b9f9dccd35a8a9.jpg,587,587,1.0,587x587
r6k_test_img_blb_29_JPG_jpg.rf.774a6afc630d4b43541f6fcc2b99de0a.jpg,587,587,1.0,587x587
r6k_test_img_blb_32_JPG_jpg.rf.fb8d73a98031d7ea17317d352f9f208f.jpg,587,587,1.0,587x587
r6k_test_img_blb_42_JPG_jpg.rf.d538374d98c840d0e1c7226811a652f1.jpg,587,587,1.0,587x587
r6k_test_img_blb_43_JPG_jpg.rf.bdf7fcadeece9877f4026cdb82a4d3b4.jpg,587,587,1.0,587x587
r6k_test_img_blb_48_JPG_jpg.rf.10254a2375c45f9e64ac709a61501892.jpg,587,587,1.0,587x587
r6k_test_img_blb_58_jpg.rf.01d9ce736b4f66da27664025409046b9.jpg,587,587,1.0,587x587
r6k_test_img_blb_66_jpeg_jpg.rf.eefcd256ca309d6a0bc32049c8f1e677.jpg,587,587,1.0,587x587
r6k_test_img_blb_85_jpg.rf.24bacf8ad5800d8b577fc8e5a835af75.jpg,587,587,1.0,587x587
r6k_test_img_brown_111_jpg.rf.166c4a8f12a67cf015abc7a6e8e51ead.jpg,587,587,1.0,587x587
r6k_test_img_brown_11_jpeg_jpg.rf.8a761a053738a687c9c94cc611357b51.jpg,587,587,1.0,587x587
r6k_test_img_brown_135_jpg.rf.254c826eb6ee11a39d8734a1dfbbd599.jpg,587,587,1.0,587x587
r6k_test_img_brown_13_jpeg_jpg.rf.00c1a5b1543f4a632de69c4b9c7a322f.jpg,587,587,1.0,587x587
r6k_test_img_brown_149_jpg.rf.b79d21b996d27ac186cac6c84df8a715.jpg,587,587,1.0,587x587
r6k_test_img_brown_20_jpg.rf.d5cea2040e3fc2b18796e8621ef79f91.jpg,587,587,1.0,587x587
r6k_test_img_brown_25_jpg.rf.0255b7dbda7f55959632802a9e5fec28.jpg,587,587,1.0,587x587
r6k_test_img_brown_27_JPG_jpg.rf.db690c44cb410b5c3f50237f2ed762e7.jpg,587,587,1.0,587x587
r6k_test_img_brown_33_JPG_jpg.rf.cdb81c4025fc75045a68c29ed8079699.jpg,587,587,1.0,587x587
r6k_test_img_brown_41_jpg.rf.6d188b9c9cb1baa250ba6e09a292b1c3.jpg,587,587,1.0,587x587
r6k_test_img_brown_46_jpg.rf.c1180d13468f01c171d3e57c4adeac72.jpg,587,587,1.0,587x587
r6k_test_img_brown_55_jpeg_jpg.rf.d9fd9d8e2652a057a0f14e7bce76f61b.jpg,587,587,1.0,587x587
r6k_test_img_brown_56_jpeg_jpg.rf.ae620d5425aea451488053a74118e251.jpg,587,587,1.0,587x587
r6k_test_img_brown_61_jpeg_jpg.rf.102ecc0364ab1de2bd93fabdcda2237f.jpg,587,587,1.0,587x587
r6k_train_Blast_1044_jpg.rf.c72aa0238ee940a8afc565348b0c64f1.jpg,587,587,1.0,587x587
r6k_train_Blast_105-2-_jpg.rf.06f6d878b0f3b166feb818bcc8d9bbd0.jpg,587,587,1.0,587x587
r6k_train_Blast_105-2-_jpg.rf.412560cb62231828b41a3a5a31eb8bbd.jpg,587,587,1.0,587x587
r6k_train_Blast_1062_jpg.rf.b73319afbb206a22c76180fda84ea984.jpg,587,587,1.0,587x587
r6k_train_Blast_1064_jpg.rf.18bb8d2041528a576af91e990f359716.jpg,587,587,1.0,587x587
r6k_train_Blast_1065_jpg.rf.37a7a522579def30435801af4f21e73f.jpg,587,587,1.0,587x587
r6k_train_Blast_1071_jpg.rf.983f7b10e56e6172af8d80b81840e1da.jpg,587,587,1.0,587x587
r6k_train_Blast_1072_jpg.rf.793ecee8efaa54ea54ca90f033e63916.jpg,587,587,1.0,587x587
r6k_train_Blast_1077_jpg.rf.d2b5c58f50561b5bdee70e0c9fbc3c33.jpg,587,587,1.0,587x587
r6k_train_Blast_1078_jpg.rf.dbdd3e4b058c7be964efb01cbd1620d9.jpg,587,587,1.0,587x587
r6k_train_Blast_1083_jpg.rf.791c9c113e014c91ae2432d4003a3cdc.jpg,587,587,1.0,587x587
r6k_train_Blast_1085_jpg.rf.6abf9ecd56fb5bea8c2d8871809c3dcf.jpg,587,587,1.0,587x587
r6k_train_Blast_1087_jpg.rf.76c18208c939ce253c432d207aef9d34.jpg,587,587,1.0,587x587
r6k_train_Blast_1094_jpg.rf.08cbb2cfe386a76c17c407b86387d2b8.jpg,587,587,1.0,587x587
r6k_train_Blast_1096_jpg.rf.863521becfb06955c12fdd308b023c99.jpg,587,587,1.0,587x587
r6k_train_Blast_1099_jpg.rf.f750f5b51faa1727ee06d77d5d9c6626.jpg,587,587,1.0,587x587
r6k_train_Blast_1101_jpg.rf.130a8ad168565425c33464c6433cf228.jpg,587,587,1.0,587x587
r6k_train_Blast_1103_jpg.rf.57304beaafeda596aeae0d14e7a72e89.jpg,587,587,1.0,587x587
r6k_train_Blast_1104_jpg.rf.644eae94b763d0f4d53f4b05f3eb814b.jpg,587,587,1.0,587x587
r6k_train_Blast_1110_jpg.rf.9af8da190955890896adac9cd24ba864.jpg,587,587,1.0,587x587
r6k_train_Blast_1116_jpg.rf.bfd5140a906fb0f0ece4c9c9e1386202.jpg,587,587,1.0,587x587
r6k_train_Blast_1121_jpg.rf.4de7f1b8360db62121dd62b1e00ebbc4.jpg,587,587,1.0,587x587
r6k_train_Blast_1123_jpg.rf.77d8660db579c1f9fad4a3c96569df6d.jpg,587,587,1.0,587x587
r6k_train_Blast_1126_jpg.rf.3eb640738eee56c099445d15e89e9dbd.jpg,587,587,1.0,587x587
r6k_train_Blast_1132_jpg.rf.5608c0c86ac56efcd2059894edde927c.jpg,587,587,1.0,587x587
r6k_train_Blast_1134_jpg.rf.dd18306a44b9c15b0e67620c21b0ea18.jpg,587,587,1.0,587x587
r6k_train_Blast_1136_jpg.rf.22416e21ff5f7265385a33f890fd3494.jpg,587,587,1.0,587x587
r6k_train_Blast_1142_jpg.rf.0d9c6879525ce04aba0820b521fc8f5e.jpg,587,587,1.0,587x587
r6k_train_Blast_1144_jpg.rf.be1535d0e6a7888d42c6cd469d2a250d.jpg,587,587,1.0,587x587
r6k_train_Blast_1153_jpg.rf.bdd720cfd909056237a565d25364c809.jpg,587,587,1.0,587x587
r6k_train_Blast_1160_jpg.rf.91cec0b844df38b427b481c47468c7db.jpg,587,587,1.0,587x587
r6k_train_Blast_1171_jpg.rf.21d75f1f26508abf8d8910d1eefbaaf9.jpg,587,587,1.0,587x587
r6k_train_Blast_1171_jpg.rf.d3586ed5037a4be1471eceab9b79caa5.jpg,587,587,1.0,587x587
r6k_train_Blast_1178_jpg.rf.d40f49864158f02edd2446b807f7eaae.jpg,587,587,1.0,587x587
r6k_train_Blast_1182_jpg.rf.5ecec75b0786c0373f564226806b4f80.jpg,587,587,1.0,587x587
r6k_train_Blast_1183_jpg.rf.5d134e467477928258a4771fabe08f39.jpg,587,587,1.0,587x587
r6k_train_Blast_1186_jpg.rf.939771ef88a0b70962e5cbf95de26d48.jpg,587,587,1.0,587x587
r6k_train_Blast_1190_jpg.rf.62d5653bbd5c05939f93c952ff4e128e.jpg,587,587,1.0,587x587
r6k_train_Blast_1197_jpg.rf.10517c276eb97556ed18108e8a8f31bc.jpg,587,587,1.0,587x587
r6k_train_Blast_1199_jpg.rf.3b30c14205e7a3466148529a3e8e8094.jpg,587,587,1.0,587x587
r6k_train_Blast_12-2-_jpg.rf.a9cfcd7ccf27cc836e0ecc64eea24dea.jpg,587,587,1.0,587x587
r6k_train_Blast_1203_jpg.rf.9fb676878c724d1720557b76e8e94e0a.jpg,587,587,1.0,587x587
r6k_train_Blast_1203_jpg.rf.b12ba40c6c4d4cc037da2b21870a8fe8.jpg,587,587,1.0,587x587
r6k_train_Blast_1204_jpg.rf.7ee16022c27b3d026fcdfbbee6cbda71.jpg,587,587,1.0,587x587
r6k_train_Blast_1204_jpg.rf.999bd2e9feaa104f105b88c4abd5ba43.jpg,587,587,1.0,587x587
r6k_train_Blast_1205_jpg.rf.dd927eb4cc2a9c5fd64fef9c4f399f65.jpg,587,587,1.0,587x587
r6k_train_Blast_1208_jpg.rf.81f689b2e5c7db64f72ac1300253bd89.jpg,587,587,1.0,587x587
r6k_train_Blast_1213_jpg.rf.86f8ff71ff16a4057dd0e4fadcfa99c7.jpg,587,587,1.0,587x587
r6k_train_Blast_123-2-_jpg.rf.0acd226694aed853fe10592801815e0f.jpg,587,587,1.0,587x587
r6k_train_Blast_123-2-_jpg.rf.1b1d24d741dfc9364cf7cc8618f64e92.jpg,587,587,1.0,587x587
r6k_train_Blast_123-2-_jpg.rf.8d2b4217ffd2d7c139b0ae7b5b4a0382.jpg,587,587,1.0,587x587
r6k_train_Blast_1235_jpg.rf.ee9c6a70a24f2540a748d6cb1f0ccfc3.jpg,587,587,1.0,587x587
r6k_train_Blast_1247_jpg.rf.4e9d3fec9890fdc31cbafe412d06cd52.jpg,587,587,1.0,587x587
r6k_train_Blast_1251_jpg.rf.c70b5813aa00e6013d5d465cefc5388e.jpg,587,587,1.0,587x587
r6k_train_Blast_1265_jpg.rf.877a191245a13996cd685b2e823c9cef.jpg,587,587,1.0,587x587
r6k_train_Blast_1267_jpg.rf.1b692c76562e50298540484691d85e98.jpg,587,587,1.0,587x587
r6k_train_Blast_138-2-_jpg.rf.80c65c050ae99145a3fdbd97130eb002.jpg,587,587,1.0,587x587
r6k_train_Blast_15-2-_jpg.rf.9774cb1187394bff7465eefa1a747bdb.jpg,587,587,1.0,587x587
r6k_train_Blast_15-2-_jpg.rf.c4d33d3b6536da0fdbd9a67a6f512193.jpg,587,587,1.0,587x587
r6k_train_Blast_1596_jpg.rf.a7cdc6333adc4afd90468a0a31cad86c.jpg,587,587,1.0,587x587
r6k_train_Blast_1596_jpg.rf.dac933093c27b534823ce35b60253cef.jpg,587,587,1.0,587x587
r6k_train_Blast_191-2-_jpg.rf.f71c96efa2785a6e9f45c4ea9d58f570.jpg,587,587,1.0,587x587
r6k_train_Blast_193-2-_jpg.rf.9fd0942a114ce31a865cfa8c1493d533.jpg,587,587,1.0,587x587
r6k_train_Blast_235_jpg.rf.ef8427e73a50cf3fd195f42c7fae4aa0.jpg,587,587,1.0,587x587
r6k_train_Blast_245_jpg.rf.3b692e48c9a9935095bcaae7c88d4270.jpg,587,587,1.0,587x587
r6k_train_blast_orig_004_png_jpg.rf.00b774a87e78d3b90d9714dc7ac43a78.jpg,587,587,1.0,587x587
r6k_train_blast_orig_004_png_jpg.rf.4828fba7f7ae2518742edd2fcc4ae44e.jpg,587,587,1.0,587x587
r6k_train_blast_orig_004_png_jpg.rf.ef11775000dd269763088ec436554fe1.jpg,587,587,1.0,587x587
r6k_train_blast_orig_005_jpg.rf.0ee5bf32136a84f2094a12fdfd4b77da.jpg,587,587,1.0,587x587
r6k_train_blast_orig_005_jpg.rf.a2bce41cea1572067233b107fa4a483a.jpg,587,587,1.0,587x587
r6k_train_blast_orig_005_jpg.rf.ab0935b757ab76cf84e5ec7fe85d8dfd.jpg,587,587,1.0,587x587
r6k_train_blast_orig_005_jpg.rf.c4acbd1870b3bb99f5520f799c503f20.jpg,587,587,1.0,587x587
r6k_train_blast_orig_006_png_jpg.rf.0f43ea1ebdeaa61716abe2f7b2f8977a.jpg,587,587,1.0,587x587
r6k_train_blast_orig_006_png_jpg.rf.47298413658d752d7d1655be386b819c.jpg,587,587,1.0,587x587
r6k_train_blast_orig_006_png_jpg.rf.9a01c7e02af265d59d7c9c3174b910ce.jpg,587,587,1.0,587x587
r6k_train_blast_orig_006_png_jpg.rf.fd79d33b3052ee5d28b991b686e33695.jpg,587,587,1.0,587x587
r6k_train_blast_orig_007_jpg.rf.03b41d3c77968cd82385714772fbddf3.jpg,587,587,1.0,587x587
r6k_train_blast_orig_009_jpg.rf.4c400f0000af895350b839b8c7417787.jpg,587,587,1.0,587x587
r6k_train_blast_orig_010_png_jpg.rf.ac063d34e77bf5a9623e3678b8a7f812.jpg,587,587,1.0,587x587
r6k_train_blast_orig_011_jpg.rf.b0ad4416f864c894abc966646ad4740b.jpg,587,587,1.0,587x587
r6k_train_blast_orig_012_png_jpg.rf.a7175a18d646c0101ca6db5c1e8fa3b7.jpg,587,587,1.0,587x587
r6k_train_blast_orig_014_png_jpg.rf.b4d3f9b8caeaa5963325ddc060db8f58.jpg,587,587,1.0,587x587
r6k_train_blast_orig_014_png_jpg.rf.ded4fc21294fb5e8de58f40432dbc576.jpg,587,587,1.0,587x587
r6k_train_blast_orig_018_png_jpg.rf.631b79c4da83b34b81c4864d1606b8ad.jpg,587,587,1.0,587x587
r6k_train_blast_orig_018_png_jpg.rf.d9c274e96ac2a3968660019cfd7ce280.jpg,587,587,1.0,587x587
r6k_train_blast_orig_018_png_jpg.rf.fe13704ee860094ae29c6ed8c37f4429.jpg,587,587,1.0,587x587
r6k_train_blast_orig_020_png_jpg.rf.4639fb41a7296d88c4928ab81b9ecf4f.jpg,587,587,1.0,587x587
r6k_train_blast_orig_020_png_jpg.rf.53650575b58cebdcdeeb9223fc487a72.jpg,587,587,1.0,587x587
r6k_train_blast_orig_020_png_jpg.rf.bc0f01d43d44e6cc69e486d821362808.jpg,587,587,1.0,587x587
r6k_train_blast_orig_021_jpg.rf.949cc1773b810b6c8ce56e330d88e581.jpg,587,587,1.0,587x587
r6k_train_blast_orig_021_jpg.rf.95a8e6a1d8d483061288afed55c48669.jpg,587,587,1.0,587x587
r6k_train_blast_orig_021_jpg.rf.e796aba957fdc76d4feb7705cc617dca.jpg,587,587,1.0,587x587
r6k_train_blast_orig_022_png_jpg.rf.1f58d25ea8ab7b19beda842665ca0004.jpg,587,587,1.0,587x587
r6k_train_blast_orig_022_png_jpg.rf.740647fcd4c27c94a2d1b68303ed164f.jpg,587,587,1.0,587x587
r6k_train_blast_orig_022_png_jpg.rf.d431a83fcba66f86e7e5df3b3a219a68.jpg,587,587,1.0,587x587
r6k_train_blast_orig_024_png_jpg.rf.89e8d4537b6e9534038781d8c089402f.jpg,587,587,1.0,587x587
r6k_train_blast_orig_024_png_jpg.rf.b77a1f9da00942808772dcd610926c17.jpg,587,587,1.0,587x587
r6k_train_blast_orig_024_png_jpg.rf.f4e9c9bc152dd755bdb27b498422936e.jpg,587,587,1.0,587x587
r6k_train_blast_orig_024_png_jpg.rf.ff066832409e70e3bd96959a76457065.jpg,587,587,1.0,587x587
r6k_train_blast_orig_025_jpg.rf.174767973de8b08c556f0220c9436fdb.jpg,587,587,1.0,587x587
r6k_train_blast_orig_025_jpg.rf.af5f0bb319fcd2faae379edcda01f0fc.jpg,587,587,1.0,587x587
r6k_train_blast_orig_026_png_jpg.rf.42e3de2e85346dfbc040883e611337b8.jpg,587,587,1.0,587x587
r6k_train_blast_orig_027_jpg.rf.d02386f4dcd9f9811836019a74642a7b.jpg,587,587,1.0,587x587
r6k_train_blast_orig_028_png_jpg.rf.1ca7375e65559a80bfd72a6990bded77.jpg,587,587,1.0,587x587
r6k_train_blast_orig_028_png_jpg.rf.5db8b4874688d96d5954eed141343630.jpg,587,587,1.0,587x587
r6k_train_blast_orig_028_png_jpg.rf.b20b0f81693664c24b278380a9ed23aa.jpg,587,587,1.0,587x587
r6k_train_blast_orig_032_png_jpg.rf.246d5cb00679df28b460ba4daabd79e5.jpg,587,587,1.0,587x587
r6k_train_blast_orig_032_png_jpg.rf.2a1a6acec9f99ed29c5680299cfb1dd8.jpg,587,587,1.0,587x587
r6k_train_blast_orig_034_png_jpg.rf.30ab920c29adba138f75a20d232d8d19.jpg,587,587,1.0,587x587
r6k_train_blast_orig_035_JPG_jpg.rf.fb2b567f462b207b42c7d44bdd656239.jpg,587,587,1.0,587x587
r6k_train_blast_orig_036_png_jpg.rf.bf98f407ec0467f4373499868d69a560.jpg,587,587,1.0,587x587
r6k_train_blast_orig_036_png_jpg.rf.e7793d4b5994db7d4c3bfe5826623224.jpg,587,587,1.0,587x587
r6k_train_blast_orig_037_JPG_jpg.rf.59b09032444d83124d9f52d3b2e378de.jpg,587,587,1.0,587x587
r6k_train_blast_orig_037_JPG_jpg.rf.77afabaa24dbba1bd824a4463443dc57.jpg,587,587,1.0,587x587
r6k_train_blast_orig_038_png_jpg.rf.6ff18e143e6b4f0aaac9b21a07da4a5d.jpg,587,587,1.0,587x587
r6k_train_blast_orig_039_JPG_jpg.rf.9b3f10f4f6f8d1447b3aee682d993fec.jpg,587,587,1.0,587x587
r6k_train_blast_orig_041_JPG_jpg.rf.37cb95355b69f62df416b711e4963595.jpg,587,587,1.0,587x587
r6k_train_blast_orig_041_JPG_jpg.rf.4a14faee2715afd2039429b52039f99a.jpg,587,587,1.0,587x587
r6k_train_blast_orig_041_JPG_jpg.rf.b08aeb55036b7153b586efe064601122.jpg,587,587,1.0,587x587
r6k_train_blast_orig_042_png_jpg.rf.4da7468f0d20a4dcf0a12960f646e125.jpg,587,587,1.0,587x587
r6k_train_blast_orig_046_png_jpg.rf.02d17253ed940a43884a00b21fc5b359.jpg,587,587,1.0,587x587
r6k_train_blast_orig_046_png_jpg.rf.51649627f431dbba0e3ee60254c91d5c.jpg,587,587,1.0,587x587
r6k_train_blast_orig_048_JPG_jpg.rf.70ed9baeaae1f4851be73b10f232c21c.jpg,587,587,1.0,587x587
r6k_train_blast_orig_048_JPG_jpg.rf.85249a34f0aa4cad0df3a4cbc0d1d142.jpg,587,587,1.0,587x587
r6k_train_blast_orig_049_JPG_jpg.rf.3462119776bd3ee1da664d19e02da57d.jpg,587,587,1.0,587x587
r6k_train_blast_orig_050_JPG_jpg.rf.454f4af5d138716ee269df61dcd8c665.jpg,587,587,1.0,587x587
r6k_train_blast_orig_051_JPG_jpg.rf.ad86816386136f126e0c430ab3ebabf9.jpg,587,587,1.0,587x587
r6k_train_blast_orig_051_JPG_jpg.rf.ec17dc8650ea9c15c944e933f934c01e.jpg,587,587,1.0,587x587
r6k_train_blast_orig_052_jpg.rf.36a10c230e46325871f5614e880f1bf1.jpg,587,587,1.0,587x587
r6k_train_blast_orig_052_jpg.rf.df29b49511fde4c9a1055723996181d4.jpg,587,587,1.0,587x587
r6k_train_blast_orig_053_JPG_jpg.rf.8822e07e7532602ac55179aa7cda3872.jpg,587,587,1.0,587x587
r6k_train_blast_orig_053_JPG_jpg.rf.c5201b2abac40b89d14b2d002c6d5d55.jpg,587,587,1.0,587x587
r6k_train_blast_orig_054_JPG_jpg.rf.72392e410d0acd67bbb901bb1f613bec.jpg,587,587,1.0,587x587
r6k_train_blast_orig_056_JPG_jpg.rf.231a70187e7afbf7a206e2a158082250.jpg,587,587,1.0,587x587
r6k_train_blast_orig_062_jpg.rf.415b12ce6acb122d444e34104d3c2cb1.jpg,587,587,1.0,587x587
r6k_train_blast_orig_063_JPG_jpg.rf.2a928a320117d3ea62d2af82334b32f0.jpg,587,587,1.0,587x587
r6k_train_blast_orig_063_JPG_jpg.rf.55ed2fb90ee337cdba67feac4e35a1d3.jpg,587,587,1.0,587x587
r6k_train_blast_orig_064_JPG_jpg.rf.4e26125b09e60638a75159b5447df165.jpg,587,587,1.0,587x587
r6k_train_blast_orig_066_JPG_jpg.rf.69c19ebb1f89233e07914e5d0140d59a.jpg,587,587,1.0,587x587
r6k_train_blast_orig_067_JPG_jpg.rf.01866fadc93815470ca52afc98497ecb.jpg,587,587,1.0,587x587
r6k_train_blast_orig_069_JPG_jpg.rf.0f83d33e9017ffec5bf79f01f61f9228.jpg,587,587,1.0,587x587
r6k_train_blast_orig_069_JPG_jpg.rf.8b3963e46db40085ff39fab9f1a19415.jpg,587,587,1.0,587x587
r6k_train_blast_orig_069_JPG_jpg.rf.9e7bea9746804a0ba13e2a9a0daa07dd.jpg,587,587,1.0,587x587
r6k_train_blast_orig_069_JPG_jpg.rf.dc419bc625167e7ad4a863afe50c05ff.jpg,587,587,1.0,587x587
r6k_train_blast_orig_070_JPG_jpg.rf.5688e9be4813a58f782106ba06fcd846.jpg,587,587,1.0,587x587
r6k_train_blast_orig_070_JPG_jpg.rf.b2f93c4d6261f8bff72ddc0aded22e7e.jpg,587,587,1.0,587x587
r6k_train_blast_orig_071_JPG_jpg.rf.37c2a0df3d0c913a74307dfbc9332bd1.jpg,587,587,1.0,587x587
r6k_train_blast_orig_071_JPG_jpg.rf.c6f470957dbdbe503de3f43620951ac5.jpg,587,587,1.0,587x587
r6k_train_blast_orig_075_jpg.rf.14bfa30a6f2db2c5f6d727f413f10e8d.jpg,587,587,1.0,587x587
r6k_train_blast_orig_076_jpg.rf.ae5ee8fa2bd18b2aad7bdb0e76967b69.jpg,587,587,1.0,587x587
r6k_train_blast_orig_080_jpg.rf.4251007165e98b1a3774e5150d3bb327.jpg,587,587,1.0,587x587
r6k_train_blast_orig_080_jpg.rf.fa7cb7f5ca6db336c8573bdb659054ae.jpg,587,587,1.0,587x587
r6k_train_blast_rotated_001_jpg.rf.0293c95c1925fafd033276d9a7358b92.jpg,587,587,1.0,587x587
r6k_train_blast_rotated_001_jpg.rf.3416ec6fb31590ec9e0927939ca843b8.jpg,587,587,1.0,587x587
r6k_train_blast_rotated_002_png_jpg.rf.4d48a2a384ecf3fec31e06dc5ff09ae5.jpg,587,587,1.0,587x587
r6k_train_blast_rotated_002_png_jpg.rf.92d27a09c27fcdf454ac76ac006ad6ea.jpg,587,587,1.0,587x587
r6k_train_blast_rotated_002_png_jpg.rf.a382fd5ba0f7b59b71cf86c45138f719.jpg,587,587,1.0,587x587
r6k_train_blast_rotated_002_png_jpg.rf.bfbfb903bea004300eba535b32e086e9.jpg,587,587,1.0,587x587
r6k_train_blast_rotated_002_png_jpg.rf.d5f532b7d1408565853881d8fbe47372.jpg,587,587,1.0,587x587
r6k_train_blast_rotated_003_jpg.rf.876ec579e73337adcbc2e753a8ff9aff.jpg,587,587,1.0,587x587
r6k_train_blast_rotated_003_jpg.rf.ba5eacca3679a0c4f0c105bdecf1c434.jpg,587,587,1.0,587x587
r6k_train_blast_rotated_003_jpg.rf.ec359823145272a63333e7f3705c6dbc.jpg,587,587,1.0,587x587
r6k_train_blast_rotated_004_png_jpg.rf.953f4a156ea0a06b38d6832c7951bcb8.jpg,587,587,1.0,587x587
r6k_train_blast_rotated_005_jpg.rf.2f4cfdbcfcbada05b8516a492f9d1f61.jpg,587,587,1.0,587x587
r6k_train_blast_rotated_005_jpg.rf.950da272ddef110d97ec9200a780ef95.jpg,587,587,1.0,587x587
r6k_train_blast_rotated_005_jpg.rf.f5ed9b0a8b31d01456ca3a9ac0f517b7.jpg,587,587,1.0,587x587
r6k_train_blast_rotated_009_jpg.rf.da51185f7a3725792c03285a49a779cb.jpg,587,587,1.0,587x587
r6k_train_blast_rotated_009_jpg.rf.daced08bd3e2eac885df37671fab5059.jpg,587,587,1.0,587x587
r6k_train_blast_rotated_009_jpg.rf.fd7d938a8b33f86f3bc82e132c79ba01.jpg,587,587,1.0,587x587
r6k_train_blast_rotated_010_png_jpg.rf.a1c747b225677d52dff590a4cbb2815e.jpg,587,587,1.0,587x587
r6k_train_blast_rotated_011_jpg.rf.452e187d2a2d85072334df5bd3e15a80.jpg,587,587,1.0,587x587
r6k_train_blast_rotated_011_jpg.rf.46c8e3a3324f52b34f9faefd202773d1.jpg,587,587,1.0,587x587
r6k_train_blast_rotated_011_jpg.rf.8cc72756f9dfea0ec795dbc6be2c594f.jpg,587,587,1.0,587x587
r6k_train_blast_rotated_011_jpg.rf.ad100be6706afc9fa9a7f961efe6d378.jpg,587,587,1.0,587x587
r6k_train_blast_rotated_011_jpg.rf.b2fa6217373c2617e750f34f30534888.jpg,587,587,1.0,587x587
r6k_train_blast_rotated_012_png_jpg.rf.ba2e3965197ce0873252bbda3cb95c4f.jpg,587,587,1.0,587x587
r6k_train_blast_rotated_013_jpg.rf.383a94c46c34d03abaf4a60143dc5c0e.jpg,587,587,1.0,587x587
r6k_train_blast_rotated_013_jpg.rf.703fc56e3107e0715e66e4cc4037d9fb.jpg,587,587,1.0,587x587
r6k_train_blast_rotated_013_jpg.rf.b277acdbff8d68e7a303c7c6e2ea458a.jpg,587,587,1.0,587x587
r6k_train_blast_rotated_013_jpg.rf.fad66166d7037dd96aeee4fbb32292e0.jpg,587,587,1.0,587x587
r6k_train_blast_rotated_017_jpg.rf.aa90dcea67b514c1bd0cae64751db9d1.jpg,587,587,1.0,587x587
r6k_train_blast_rotated_017_jpg.rf.e407012547e9df3ccf92e53d8b24593b.jpg,587,587,1.0,587x587
r6k_train_blast_rotated_018_png_jpg.rf.c55fa840edc7463de2b3c67bd2a0815b.jpg,587,587,1.0,587x587
r6k_train_blast_rotated_018_png_jpg.rf.d420256d3bcd1761ce2eef5eac136f00.jpg,587,587,1.0,587x587
r6k_train_blast_rotated_019_jpg.rf.65d867f9400ad47af1d9503eb90d2100.jpg,587,587,1.0,587x587
r6k_train_blast_rotated_019_jpg.rf.cb6f6338a80e9a3a0071d123529f0c75.jpg,587,587,1.0,587x587
r6k_train_blast_rotated_023_jpg.rf.535e07fdd68f100679f8bfac710c045a.jpg,587,587,1.0,587x587
r6k_train_blast_rotated_023_jpg.rf.a37335ee6d3e70dbef67cb53e7274ad1.jpg,587,587,1.0,587x587
r6k_train_blast_rotated_023_jpg.rf.b2925f807944d44f83cd1f9e3ffaacb2.jpg,587,587,1.0,587x587
r6k_train_blast_rotated_024_png_jpg.rf.7bc40b6a97e01f33d78a24afc64acd78.jpg,587,587,1.0,587x587
r6k_train_blast_rotated_024_png_jpg.rf.aa442ddb5f86e3ae14553bbe0ee62a89.jpg,587,587,1.0,587x587
r6k_train_blast_rotated_025_jpg.rf.5e64f4d025a71f8370a41b3f104602e9.jpg,587,587,1.0,587x587
r6k_train_blast_rotated_025_jpg.rf.84d9d811aa246cc3c4f486269ce40cd6.jpg,587,587,1.0,587x587
r6k_train_blast_rotated_025_jpg.rf.b427d61a99116b713de4cfce276cd34b.jpg,587,587,1.0,587x587
r6k_train_blast_rotated_025_jpg.rf.c6d82ef20251399bd02c3cab94296bea.jpg,587,587,1.0,587x587
r6k_train_blast_rotated_025_jpg.rf.cb6d70cc6b25605b7d6962db279b58eb.jpg,587,587,1.0,587x587
r6k_train_blast_rotated_029_JPG_jpg.rf.33f0d741561f10ce51709e147ab5483e.jpg,587,587,1.0,587x587
r6k_train_blast_rotated_029_JPG_jpg.rf.34e3c6b56ea193f9e58de243ae861d7e.jpg,587,587,1.0,587x587
r6k_train_blast_rotated_029_JPG_jpg.rf.59d894d3790689a68acad3061aa04530.jpg,587,587,1.0,587x587
r6k_train_blast_rotated_029_JPG_jpg.rf.5fd6a41a4a6cad634c55103a65e3a74e.jpg,587,587,1.0,587x587
r6k_train_blast_rotated_029_JPG_jpg.rf.9825e406a7b5feb40faf87a9936ac004.jpg,587,587,1.0,587x587
r6k_train_blast_rotated_029_JPG_jpg.rf.c7afa87d7bb0815fb5c59089eac0856d.jpg,587,587,1.0,587x587
r6k_train_blast_rotated_029_JPG_jpg.rf.e881b1031e31fcd6f4084cfaba11966b.jpg,587,587,1.0,587x587
r6k_train_blast_rotated_031_JPG_jpg.rf.26ee2a10fd43c37e1993562e476c3972.jpg,587,587,1.0,587x587
r6k_train_blast_rotated_031_JPG_jpg.rf.3421491d371fac69c59a2cedf508af8f.jpg,587,587,1.0,587x587
r6k_train_blast_rotated_031_JPG_jpg.rf.786379a834c98ca6db558b5412314a6a.jpg,587,587,1.0,587x587
r6k_train_blast_rotated_031_JPG_jpg.rf.b66f866e320059e7dd48a18548af4aa0.jpg,587,587,1.0,587x587
r6k_train_blast_rotated_032_png_jpg.rf.8ad980300b9e518e6cd5c666494fc860.jpg,587,587,1.0,587x587
r6k_train_blast_rotated_032_png_jpg.rf.ec1ab7200b91b860ec924e8a4e2deb50.jpg,587,587,1.0,587x587
r6k_train_blast_rotated_033_JPG_jpg.rf.2709ea536939b497ad4e8740cb7e36af.jpg,587,587,1.0,587x587
r6k_train_blast_rotated_033_JPG_jpg.rf.cc15fd0e51793298afaaa5904a5ebb7b.jpg,587,587,1.0,587x587
r6k_train_blast_rotated_033_JPG_jpg.rf.edeebfae44bac32829044fd17e62e1db.jpg,587,587,1.0,587x587
r6k_train_blast_rotated_039_JPG_jpg.rf.050541cbc6ee78231681cd63e4f064ce.jpg,587,587,1.0,587x587
r6k_train_blast_rotated_039_JPG_jpg.rf.96410c6d396e97e7aacf6f7f5d36a8d5.jpg,587,587,1.0,587x587
r6k_train_blast_rotated_041_JPG_jpg.rf.6ec9e509cfc392777cfc7920c156821f.jpg,587,587,1.0,587x587
r6k_train_blast_rotated_044_png_jpg.rf.105019591f6b20b518e78aa1ed02c40c.jpg,587,587,1.0,587x587
r6k_train_blast_rotated_044_png_jpg.rf.1b3c4a21597e90e7165b597ee9412a54.jpg,587,587,1.0,587x587
r6k_train_blast_rotated_044_png_jpg.rf.9daabae951929ec1d89edabd350aa070.jpg,587,587,1.0,587x587
r6k_train_blast_rotated_044_png_jpg.rf.aa6a7877872a9b2f8bd3ad2a98367c67.jpg,587,587,1.0,587x587
r6k_train_blast_rotated_045_jpg.rf.623883faeac43dc72ea241044b01f8e7.jpg,587,587,1.0,587x587
r6k_train_blast_rotated_046_png_jpg.rf.4cc6bcd77f7a9778bd187d99e1bd41b2.jpg,587,587,1.0,587x587
r6k_train_blast_rotated_046_png_jpg.rf.6451323614387c22c4452e8659d19ac8.jpg,587,587,1.0,587x587
r6k_train_blast_rotated_046_png_jpg.rf.84364b40e1efa407bd7545e657348165.jpg,587,587,1.0,587x587
r6k_train_blast_rotated_047_JPG_jpg.rf.9a448aadf22ead057fabf09c094b2bbf.jpg,587,587,1.0,587x587
r6k_train_blast_rotated_051_jpg.rf.1841a0c73d4c5affa0618c742c0768cb.jpg,587,587,1.0,587x587
r6k_train_blast_rotated_051_jpg.rf.59053377890f438355c14dbb007629fe.jpg,587,587,1.0,587x587
r6k_train_blast_rotated_052_JPG_jpg.rf.02381e802168fdf5d9155537e4fe0fcf.jpg,587,587,1.0,587x587
r6k_train_blast_rotated_052_JPG_jpg.rf.099e0302150c00444e423e442827ca59.jpg,587,587,1.0,587x587
r6k_train_blast_rotated_052_JPG_jpg.rf.50ec932128b507748299ff5220229792.jpg,587,587,1.0,587x587
r6k_train_blast_rotated_053_JPG_jpg.rf.2da003505f0b49bb0a00afc2dde6f430.jpg,587,587,1.0,587x587
r6k_train_blast_rotated_053_JPG_jpg.rf.3bb2c5de7b1fd22d19e6241d02123cb5.jpg,587,587,1.0,587x587
r6k_train_blast_rotated_053_JPG_jpg.rf.7edffc3f311cc533b48f4820e830f639.jpg,587,587,1.0,587x587
r6k_train_blast_rotated_054_jpg.rf.ce18380455c5aa8be551927e55b74c90.jpg,587,587,1.0,587x587
r6k_train_blast_rotated_054_jpg.rf.d555360c70762c04a0368717e632cce6.jpg,587,587,1.0,587x587
r6k_train_blast_rotated_055_JPG_jpg.rf.4efc1bb98686b6b9a15aac19c73fe1f6.jpg,587,587,1.0,587x587
r6k_train_blast_rotated_055_JPG_jpg.rf.9e0444742234446f7ceaff7693018103.jpg,587,587,1.0,587x587
r6k_train_blast_rotated_057_JPG_jpg.rf.7c9c9e28ef4de4629496101b4f601b3f.jpg,587,587,1.0,587x587
r6k_train_blast_rotated_057_JPG_jpg.rf.916ca6e86b1023ca7d37ac0fbf255626.jpg,587,587,1.0,587x587
r6k_train_blast_rotated_060_JPG_jpg.rf.192d7901b9c6102d15e8317a97a0490e.jpg,587,587,1.0,587x587
r6k_train_blast_rotated_060_JPG_jpg.rf.44cf2715b33c08856415f0163fb7739a.jpg,587,587,1.0,587x587
r6k_train_blast_rotated_060_JPG_jpg.rf.a814cfc9c1cfd79aa66867ac05c8bd1e.jpg,587,587,1.0,587x587
r6k_train_blast_rotated_061_jpg.rf.4a0a298fcbe918db7bfcb5952fc916af.jpg,587,587,1.0,587x587
r6k_train_blast_rotated_061_jpg.rf.7d0634f1672a780db1a235e50ffebad8.jpg,587,587,1.0,587x587
r6k_train_blast_rotated_061_jpg.rf.a5cea26e9ae82659c2f800d45f1cea4d.jpg,587,587,1.0,587x587
r6k_train_blast_rotated_061_jpg.rf.b50ba61fa3119b20ff75a556d018c958.jpg,587,587,1.0,587x587
r6k_train_blast_rotated_065_JPG_jpg.rf.4e7c335085f9cfd6fa7901428ef4dffa.jpg,587,587,1.0,587x587
r6k_train_blast_rotated_065_JPG_jpg.rf.97a59bd5b18b8c25baeac4018bbba9e7.jpg,587,587,1.0,587x587
r6k_train_blast_rotated_065_JPG_jpg.rf.9b08b000faf456070227d0da01e68f39.jpg,587,587,1.0,587x587
r6k_train_blast_rotated_065_JPG_jpg.rf.a413c9703be8e8ace8532c9d03342263.jpg,587,587,1.0,587x587
r6k_train_blast_rotated_065_JPG_jpg.rf.f8de9cde9f45cb72b830cf3324384e24.jpg,587,587,1.0,587x587
r6k_train_blast_rotated_066_JPG_jpg.rf.2abe42a633bf34a34b69504b5cd3a52b.jpg,587,587,1.0,587x587
r6k_train_blast_rotated_067_JPG_jpg.rf.1dd7f14667db5867d6099d3d08d31c7d.jpg,587,587,1.0,587x587
r6k_train_blast_rotated_069_JPG_jpg.rf.85e6bd4f6b55c327d27a84aba7383c8d.jpg,587,587,1.0,587x587
r6k_train_blast_rotated_069_JPG_jpg.rf.c8c1d9c083601f79175d3badcd192ef6.jpg,587,587,1.0,587x587
r6k_train_blast_rotated_071_jpg.rf.0619d65b1d6145975e2c746c1e90672d.jpg,587,587,1.0,587x587
r6k_train_blast_rotated_072_jpg.rf.63a5e414ddf527b7fa7d5c02e17c6d55.jpg,587,587,1.0,587x587
r6k_train_blast_rotated_072_jpg.rf.ddc961bb80e9eb4ae9d7e0aa15c11c2c.jpg,587,587,1.0,587x587
r6k_train_blast_rotated_073_jpg.rf.ae5932fc3d6c6dcd5caaba971a799a66.jpg,587,587,1.0,587x587
r6k_train_blast_rotated_075_jpg.rf.402ce7401cd018d4e0ee351b23161435.jpg,587,587,1.0,587x587
r6k_train_blast_rotated_075_jpg.rf.a8fa30ee1f372165099c07fec7880075.jpg,587,587,1.0,587x587
r6k_train_blast_rotated_079_jpg.rf.218f942414bf2d14c95cbcbd1f8a1a6a.jpg,587,587,1.0,587x587
r6k_train_blast_rotated_079_jpg.rf.a93dc36eacc8dbdeb0300f6c10f2f4cd.jpg,587,587,1.0,587x587
r6k_train_blight_orig_001_jpg.rf.31b97e5de5959342c725d4400b733d40.jpg,587,587,1.0,587x587
r6k_train_blight_orig_001_jpg.rf.34683e43b4c64c721d4b927d2f273b8c.jpg,587,587,1.0,587x587
r6k_train_blight_orig_001_jpg.rf.7d47907b6086772199de62bd5e0c055c.jpg,587,587,1.0,587x587
r6k_train_blight_orig_002_png_jpg.rf.5ff0080955d91aa7ae6e90992197a651.jpg,587,587,1.0,587x587
r6k_train_blight_orig_003_jpg.rf.76cd2c9ff36c9e11f1631aed397f8748.jpg,587,587,1.0,587x587
r6k_train_blight_orig_003_jpg.rf.d2bcc0242dec05abef7661ce03681c4b.jpg,587,587,1.0,587x587
r6k_train_blight_orig_004_PNG_jpg.rf.cbe035df733f88880e9ca453aafbf58b.jpg,587,587,1.0,587x587
r6k_train_blight_orig_005_jpg.rf.168b5fede86fbbbe1993486b8e689a37.jpg,587,587,1.0,587x587
r6k_train_blight_orig_005_jpg.rf.eaf6fa494fffb9408f640acae2fb8a0f.jpg,587,587,1.0,587x587
r6k_train_blight_orig_007_JPG_jpg.rf.1bf44f5397b986dfaba6b564cf4d4785.jpg,587,587,1.0,587x587
r6k_train_blight_orig_008_PNG_jpg.rf.50977f1aeb379d9d55f2a7417d169341.jpg,587,587,1.0,587x587
r6k_train_blight_orig_008_PNG_jpg.rf.c6fbdf9398506e25b1e7818d313dcbd4.jpg,587,587,1.0,587x587
r6k_train_blight_orig_009_JPG_jpg.rf.84889cccc0785047e168ec7f61a19f77.jpg,587,587,1.0,587x587
r6k_train_blight_orig_009_JPG_jpg.rf.eb96fd4e50b53759bfaad06e7e3b1363.jpg,587,587,1.0,587x587
r6k_train_blight_orig_021_jpg.rf.63eb169290acb97790e0cf897ea69a51.jpg,587,587,1.0,587x587
r6k_train_blight_orig_022_PNG_jpg.rf.611609b1cef194cb52375630c0035807.jpg,587,587,1.0,587x587
r6k_train_blight_orig_022_PNG_jpg.rf.b74f66b4ff1fea7af1bd6f805392a57a.jpg,587,587,1.0,587x587
r6k_train_blight_orig_027_jpg.rf.ba2ea9c20522256ef0f7595085871356.jpg,587,587,1.0,587x587
r6k_train_blight_orig_028_PNG_jpg.rf.b9bdcdba01f32f2920d8e2f7b4f6b952.jpg,587,587,1.0,587x587
r6k_train_blight_orig_028_PNG_jpg.rf.c37e0b1f32c9fcd71ca6d3a26c5ccc85.jpg,587,587,1.0,587x587
r6k_train_blight_orig_031_jpg.rf.c876d4fd1739ba6f3be4094257cece13.jpg,587,587,1.0,587x587
r6k_train_blight_orig_032_jpg.rf.3e1b0b671add185316c7a52ced6befa3.jpg,587,587,1.0,587x587
r6k_train_blight_orig_033_jpg.rf.09dc8960af9bcbfbbc67c7e33e0d67bd.jpg,587,587,1.0,587x587
r6k_train_blight_orig_035_JPG_jpg.rf.4f17524dd96175150c22046eff03553d.jpg,587,587,1.0,587x587
r6k_train_blight_orig_035_JPG_jpg.rf.6e5d4e53b606a5ea2bbba7e86eb1317e.jpg,587,587,1.0,587x587
r6k_train_blight_orig_035_JPG_jpg.rf.86ac34d1587299ced0ccd7bb48923cb8.jpg,587,587,1.0,587x587
r6k_train_blight_orig_035_JPG_jpg.rf.ab05f2fb8b60b49d3b9825b40792417c.jpg,587,587,1.0,587x587
r6k_train_blight_orig_035_JPG_jpg.rf.f31126b3472203d69dad7cf4ca281ddd.jpg,587,587,1.0,587x587
r6k_train_blight_orig_035_JPG_jpg.rf.f3253a9c42b1b5241d3ad7bf5bc7cd19.jpg,587,587,1.0,587x587
r6k_train_blight_orig_041_jpg.rf.dcd3dea9499d0273eea689dab07e0a0a.jpg,587,587,1.0,587x587
r6k_train_blight_orig_042_jpg.rf.8ca0edfd54a5e140441d3fe1cb1f830f.jpg,587,587,1.0,587x587
r6k_train_blight_orig_043_jpg.rf.3e05dd2cf99223da94a84e968ea937a6.jpg,587,587,1.0,587x587
r6k_train_blight_orig_043_jpg.rf.8be42c17fc3f6acc2be38069e7c7c790.jpg,587,587,1.0,587x587
r6k_train_blight_orig_044_jpg.rf.2d7d29d6e5ae4fc7b18b684727c01f0d.jpg,587,587,1.0,587x587
r6k_train_blight_orig_045_jpg.rf.046cf63cabcfc8636d61928da57fd3bc.jpg,587,587,1.0,587x587
r6k_train_blight_orig_045_jpg.rf.d05b4dce51ebfeb5ef95331bc2c88761.jpg,587,587,1.0,587x587
r6k_train_blight_orig_046_jpg.rf.031bd357ae080d7aeed91bbae55a104e.jpg,587,587,1.0,587x587
r6k_train_blight_orig_047_jpg.rf.de2c1a0bfeb655fbf647613168ab503e.jpg,587,587,1.0,587x587
r6k_train_blight_orig_048_jpg.rf.4b6e0181c4d6be67093d896eee62f449.jpg,587,587,1.0,587x587
r6k_train_blight_orig_049_jpg.rf.4066c4901f25a96b416c8772872257a5.jpg,587,587,1.0,587x587
r6k_train_blight_orig_050_jpg.rf.daf15c0df5d398d984fa378bb4bece6e.jpg,587,587,1.0,587x587
r6k_train_blight_orig_051_jpg.rf.5fefb14c981d163c19d082f781a92f67.jpg,587,587,1.0,587x587
r6k_train_blight_orig_051_jpg.rf.e8153348b4391b6c2a30787dc46b6582.jpg,587,587,1.0,587x587
r6k_train_blight_orig_051_jpg.rf.fb5a7fc82d97b91474f109259f2c8081.jpg,587,587,1.0,587x587
r6k_train_blight_orig_055_jpg.rf.1a62bc526f4e898ba97474b65a4bca17.jpg,587,587,1.0,587x587
r6k_train_blight_orig_060_JPG_jpg.rf.5702f9b12ea88c5c938ee556402541e7.jpg,587,587,1.0,587x587
r6k_train_blight_orig_060_JPG_jpg.rf.99669ef842ee31c8ff4c22862ba405c7.jpg,587,587,1.0,587x587
r6k_train_blight_orig_060_JPG_jpg.rf.bccdabfc3a14f282ad5c7fdaf07f37b1.jpg,587,587,1.0,587x587
r6k_train_blight_orig_061_JPG_jpg.rf.50fb578332ec769a2d0d08aa2c0c1c1c.jpg,587,587,1.0,587x587
r6k_train_blight_orig_061_JPG_jpg.rf.5ae59534e2e853addaf5847dad8d8170.jpg,587,587,1.0,587x587
r6k_train_blight_orig_061_JPG_jpg.rf.d093ffe693894b9d1c66df8eb1e52a3c.jpg,587,587,1.0,587x587
r6k_train_blight_orig_063_JPG_jpg.rf.1dcfd1728a265645f8c0204d8254fe9e.jpg,587,587,1.0,587x587
r6k_train_blight_orig_063_JPG_jpg.rf.5af129f8728d387672d8b6ce0e08f4ff.jpg,587,587,1.0,587x587
r6k_train_blight_orig_063_JPG_jpg.rf.d40af1fd21dec929fb85c2f2d74df8cc.jpg,587,587,1.0,587x587
r6k_train_blight_orig_065_JPG_jpg.rf.cdff8e017bb5d228dc9f9f9ded0222c0.jpg,587,587,1.0,587x587
r6k_train_blight_orig_069_JPG_jpg.rf.1417168b52af7b9b333385167dd1d58c.jpg,587,587,1.0,587x587
r6k_train_blight_orig_069_JPG_jpg.rf.43e8a34ef900ab5efb9a70e64f258738.jpg,587,587,1.0,587x587
r6k_train_blight_orig_069_JPG_jpg.rf.95dd2fabec97fb6f6733dd28dbde257e.jpg,587,587,1.0,587x587
r6k_train_blight_orig_071_JPG_jpg.rf.470d1cc0328bdf139bdc05882a95dd08.jpg,587,587,1.0,587x587
r6k_train_blight_orig_071_JPG_jpg.rf.b06bb4513f53b9ae88308d15f937974c.jpg,587,587,1.0,587x587
r6k_train_blight_orig_071_JPG_jpg.rf.fabafa5917865e91136daec7651d6e5e.jpg,587,587,1.0,587x587
r6k_train_blight_orig_072_JPG_jpg.rf.cefe6d831a7162386dfb91e72994ef90.jpg,587,587,1.0,587x587
r6k_train_blight_orig_074_JPG_jpg.rf.45af39dd4672ce272c7479a9f35ac8a6.jpg,587,587,1.0,587x587
r6k_train_blight_orig_075_jpg.rf.9b0486cb09a735a94eeb19a4161e10c9.jpg,587,587,1.0,587x587
r6k_train_blight_orig_078_jpg.rf.536d165f0fce62924bf7c13e86bcc575.jpg,587,587,1.0,587x587
r6k_train_blight_orig_089_jpg.rf.16debb4ade8639cd84d0edcfd8171153.jpg,587,587,1.0,587x587
r6k_train_blight_orig_089_jpg.rf.5c425b050243b8d02a5fd453be7be55f.jpg,587,587,1.0,587x587
r6k_train_blight_orig_092_jpg.rf.06bd193267b9f01e4ee9580178cd6240.jpg,587,587,1.0,587x587
r6k_train_blight_orig_092_jpg.rf.3ef0e2b931bb46a6a9ab086cac976c2c.jpg,587,587,1.0,587x587
r6k_train_blight_orig_092_jpg.rf.6c1a087c08312efc3e53901f6b72d534.jpg,587,587,1.0,587x587
r6k_train_blight_orig_092_jpg.rf.71b9fb44a8575ef3110fdb07b8e92cf3.jpg,587,587,1.0,587x587
r6k_train_blight_rotated_002_png_jpg.rf.b1f061abc7bdcb0e2b5e30df94f3c6e3.jpg,587,587,1.0,587x587
r6k_train_blight_rotated_003_jpg.rf.ccd14cb168eced21decdf18ea3bd7d79.jpg,587,587,1.0,587x587
r6k_train_blight_rotated_004_PNG_jpg.rf.4a87a8d668ced2b04298067953d76e9e.jpg,587,587,1.0,587x587
r6k_train_blight_rotated_004_PNG_jpg.rf.8a65c51613cbc668953defffa6c2f7a4.jpg,587,587,1.0,587x587
r6k_train_blight_rotated_008_PNG_jpg.rf.fdf9102ae50730034f13118237ad1a5f.jpg,587,587,1.0,587x587
r6k_train_blight_rotated_011_JPG_jpg.rf.0a184da7e0878a3983bcb301aea7ce03.jpg,587,587,1.0,587x587
r6k_train_blight_rotated_011_JPG_jpg.rf.0e2050fb4db3f2c0fbd9f0590d078d3f.jpg,587,587,1.0,587x587
r6k_train_blight_rotated_020_PNG_jpg.rf.6f19f5d5d99f1ff8b94e1ef4eb46d789.jpg,587,587,1.0,587x587
r6k_train_blight_rotated_021_jpg.rf.86b284697d9a18827d2913204760339c.jpg,587,587,1.0,587x587
r6k_train_blight_rotated_022_PNG_jpg.rf.9b575bcf8776fef1562172ed012706bf.jpg,587,587,1.0,587x587
r6k_train_blight_rotated_023_jpg.rf.7a952cbd96c050420979377e894e30e7.jpg,587,587,1.0,587x587
r6k_train_blight_rotated_024_PNG_jpg.rf.ec891a7d53198bd05e77e110b7a90805.jpg,587,587,1.0,587x587
r6k_train_blight_rotated_025_jpg.rf.71135add9edb795a8e395d51c2095b39.jpg,587,587,1.0,587x587
r6k_train_blight_rotated_029_jpg.rf.9af4681614035d603d491c3fa9b15c7d.jpg,587,587,1.0,587x587
r6k_train_blight_rotated_029_jpg.rf.b1eaa11be5b9ae12a4c9c24ac98ba5d8.jpg,587,587,1.0,587x587
r6k_train_blight_rotated_031_jpg.rf.22369fad49b2464cf448634fef838816.jpg,587,587,1.0,587x587
r6k_train_blight_rotated_031_jpg.rf.8ee67d5112dd41b8d50d9234dea60875.jpg,587,587,1.0,587x587
r6k_train_blight_rotated_032_jpg.rf.ccd9fa0a1d04e7da9db53cc06006adca.jpg,587,587,1.0,587x587
r6k_train_blight_rotated_032_jpg.rf.faad90225e89d72ed168867974afa296.jpg,587,587,1.0,587x587
r6k_train_blight_rotated_035_JPG_jpg.rf.8113d215711902a868a4b853700bc5b0.jpg,587,587,1.0,587x587
r6k_train_blight_rotated_037_JPG_jpg.rf.0047d2666810fe5b51d05a553cd52902.jpg,587,587,1.0,587x587
r6k_train_blight_rotated_037_JPG_jpg.rf.50e971684f6fccc20a64b8eaab33a6ad.jpg,587,587,1.0,587x587
r6k_train_blight_rotated_038_JPG_jpg.rf.3003cb1a8b023c1838e8c38587bd126e.jpg,587,587,1.0,587x587
r6k_train_blight_rotated_039_jpg.rf.a21e54b8c0f2378d098256789870a037.jpg,587,587,1.0,587x587
r6k_train_blight_rotated_044_jpg.rf.39622b58f46c71cb5857be4e0a2e289d.jpg,587,587,1.0,587x587
r6k_train_blight_rotated_044_jpg.rf.bc1d3695ae41aea1938b2cf4620551bf.jpg,587,587,1.0,587x587
r6k_train_blight_rotated_045_jpg.rf.30181978b65e634ad7d5dc2065de2aa9.jpg,587,587,1.0,587x587
r6k_train_blight_rotated_045_jpg.rf.b4bcc310de4d166c69c7aedb5054d689.jpg,587,587,1.0,587x587
r6k_train_blight_rotated_045_jpg.rf.f77eb644fa3973703dcf546f2a593b40.jpg,587,587,1.0,587x587
r6k_train_blight_rotated_046_jpg.rf.5652ac17f8911e715857979ba267c01e.jpg,587,587,1.0,587x587
r6k_train_blight_rotated_046_jpg.rf.bda1fc2aa3ce091138777ee1741ff4af.jpg,587,587,1.0,587x587
r6k_train_blight_rotated_047_jpg.rf.6afe5df4b5e1cd92f3cce3a3a9222a6e.jpg,587,587,1.0,587x587
r6k_train_blight_rotated_047_jpg.rf.bd24644dc52a60f97f4e40cd3e737ccf.jpg,587,587,1.0,587x587
r6k_train_blight_rotated_049_jpg.rf.2e4a027f67e6df0c0f2d3745c280b5ca.jpg,587,587,1.0,587x587
r6k_train_blight_rotated_049_jpg.rf.4310fc1c4b3cf94e8fe38ce3312b257d.jpg,587,587,1.0,587x587
r6k_train_blight_rotated_049_jpg.rf.7ca803995c5d1905f0d28691ac6df069.jpg,587,587,1.0,587x587
r6k_train_blight_rotated_050_jpg.rf.6b0da5fba7200c6990dbcec9d41735f4.jpg,587,587,1.0,587x587
r6k_train_blight_rotated_050_jpg.rf.7a5166dc9eaca366837eb9fd346c6872.jpg,587,587,1.0,587x587
r6k_train_blight_rotated_053_jpg.rf.b53359387b90a92cc74cad500399f731.jpg,587,587,1.0,587x587
r6k_train_blight_rotated_057_jpg.rf.a4cec005156a3e7a780ec5ed8648a1f7.jpg,587,587,1.0,587x587
r6k_train_blight_rotated_059_jpg.rf.2f3231e4b5556aa025a2e3abd3d0960c.jpg,587,587,1.0,587x587
r6k_train_blight_rotated_060_JPG_jpg.rf.f0e25a6087e21b3e10fb1bb619ebdf46.jpg,587,587,1.0,587x587
r6k_train_blight_rotated_061_JPG_jpg.rf.7d2098df42c86e2ea026efd171e5d207.jpg,587,587,1.0,587x587
r6k_train_blight_rotated_061_JPG_jpg.rf.9a1b5ed7ef3503bef18468c043eb5344.jpg,587,587,1.0,587x587
r6k_train_blight_rotated_061_JPG_jpg.rf.a9a16c2b46d82801fe3c4117a9b57823.jpg,587,587,1.0,587x587
r6k_train_blight_rotated_062_JPG_jpg.rf.4a0095066b365a935ba5925d0541d00a.jpg,587,587,1.0,587x587
r6k_train_blight_rotated_063_JPG_jpg.rf.7d72ec2ea67c2cb0b768b669f70038b2.jpg,587,587,1.0,587x587
r6k_train_blight_rotated_063_JPG_jpg.rf.9f717bab7207818626b3988d3091c8e4.jpg,587,587,1.0,587x587
r6k_train_blight_rotated_065_JPG_jpg.rf.5cd257d7a2caca12b782a15cd131524d.jpg,587,587,1.0,587x587
r6k_train_blight_rotated_065_JPG_jpg.rf.a593852903c482111b03142ac47c31ed.jpg,587,587,1.0,587x587
r6k_train_blight_rotated_065_JPG_jpg.rf.cdf2232795a8fc31435edfe28d555a85.jpg,587,587,1.0,587x587
r6k_train_blight_rotated_065_JPG_jpg.rf.df3c3f781b8a96e75a0d8698719ebea1.jpg,587,587,1.0,587x587
r6k_train_blight_rotated_066_JPG_jpg.rf.73b0d842d692a8e4594a425155102a7b.jpg,587,587,1.0,587x587
r6k_train_blight_rotated_066_JPG_jpg.rf.b61f4b50b97df2dc62caf01173b7668d.jpg,587,587,1.0,587x587
r6k_train_blight_rotated_067_JPG_jpg.rf.5e2730c98ef9efb7cf440eefc00b1cb5.jpg,587,587,1.0,587x587
r6k_train_blight_rotated_072_JPG_jpg.rf.cfef9cd61ff2b80468fac5582e1e5d38.jpg,587,587,1.0,587x587
r6k_train_blight_rotated_076_jpg.rf.3af4984ba152a8f1412a344f299f99cd.jpg,587,587,1.0,587x587
r6k_train_blight_rotated_076_jpg.rf.520e7fc7cb6f381ba8296ed3fa024883.jpg,587,587,1.0,587x587
r6k_train_blight_rotated_076_jpg.rf.af4bc982964c36b66b444d4cafa3e651.jpg,587,587,1.0,587x587
r6k_train_blight_rotated_091_jpg.rf.48da735ee065fb588ba2fcc9aa3d8b22.jpg,587,587,1.0,587x587
r6k_train_blight_rotated_091_jpg.rf.51240be0b3b586380f1c837f4c21a663.jpg,587,587,1.0,587x587
r6k_train_blight_rotated_093_jpg.rf.732fca2b56770ce0376f8d4abb9d55a1.jpg,587,587,1.0,587x587
r6k_train_blight_rotated_093_jpg.rf.bfb57cf41362544cec0c6be04840f035.jpg,587,587,1.0,587x587
r6k_train_blight_rotated_095_jpg.rf.6475ac0a430b21b554e386928084685b.jpg,587,587,1.0,587x587
r6k_train_blight_rotated_095_jpg.rf.6e33f8afcf91012e36512311bc10d5bd.jpg,587,587,1.0,587x587
r6k_train_blight_rotated_095_jpg.rf.ce27bf48b8e122268ae6e11f33fe0cbe.jpg,587,587,1.0,587x587
r6k_train_brownspot_orig_003_jpg.rf.1030f80a872da6afe40445e512f4ad99.jpg,587,587,1.0,587x587
r6k_train_brownspot_orig_003_jpg.rf.159619169f3e03c977649993940d7735.jpg,587,587,1.0,587x587
r6k_train_brownspot_orig_003_jpg.rf.6ac79d43d6a1bc5ebe4cb0f0335df5f7.jpg,587,587,1.0,587x587
r6k_train_brownspot_orig_004_png_jpg.rf.2994fe77256d6362d6a752b9c4d76b9e.jpg,587,587,1.0,587x587
r6k_train_brownspot_orig_007_jpg.rf.b7731329b2d6fbb67fb855ec9bdef0c2.jpg,587,587,1.0,587x587
r6k_train_brownspot_orig_008_png_jpg.rf.1c8977ba1776ec26104549aac1d3667e.jpg,587,587,1.0,587x587
r6k_train_brownspot_orig_008_png_jpg.rf.1f22c18ca7d206b0e5e93bfd388373d1.jpg,587,587,1.0,587x587
r6k_train_brownspot_orig_008_png_jpg.rf.374f0c47f8632d55a52d49e662169333.jpg,587,587,1.0,587x587
r6k_train_brownspot_orig_008_png_jpg.rf.652ef38298ffa551852473f28bcf543c.jpg,587,587,1.0,587x587
r6k_train_brownspot_orig_009_jpg.rf.d813555da20c811a6b4072a7fbec28df.jpg,587,587,1.0,587x587
r6k_train_brownspot_orig_010_jpg.rf.0d716874b574c4f2f6c099a0a55174bb.jpg,587,587,1.0,587x587
r6k_train_brownspot_orig_010_jpg.rf.81bd3573a2d0f4035b48c9176dc2d39a.jpg,587,587,1.0,587x587
r6k_train_brownspot_orig_010_jpg.rf.911e27b6bfbb90b3b5d101c9c327e1fc.jpg,587,587,1.0,587x587
r6k_train_brownspot_orig_010_jpg.rf.baee88ef77caabb19a98d26ca31d8bcb.jpg,587,587,1.0,587x587
r6k_train_brownspot_orig_010_jpg.rf.d897bfa3371221360bf40b358f758837.jpg,587,587,1.0,587x587
r6k_train_brownspot_orig_011_jpg.rf.79a2041ef65943967ac03c615f2b9792.jpg,587,587,1.0,587x587
r6k_train_brownspot_orig_011_jpg.rf.910aa03a262ad5f59d5ba04dad02cd71.jpg,587,587,1.0,587x587
r6k_train_brownspot_orig_012_jpg.rf.32b1b5cb46c45f35789dcde1b82899e1.jpg,587,587,1.0,587x587
r6k_train_brownspot_orig_012_jpg.rf.aa8dc625094235a9425585e0fb82ff7d.jpg,587,587,1.0,587x587
r6k_train_brownspot_orig_012_jpg.rf.b79332baac71eb44246cf3b5b8c038e7.jpg,587,587,1.0,587x587
r6k_train_brownspot_orig_012_jpg.rf.d8fdedbbac9b7314923fae748e98ae11.jpg,587,587,1.0,587x587
r6k_train_brownspot_orig_017_jpg.rf.5918323a210ffe63073efa79f324c626.jpg,587,587,1.0,587x587
r6k_train_brownspot_orig_017_jpg.rf.a705d56d614c304b65401a5b368efc24.jpg,587,587,1.0,587x587
r6k_train_brownspot_orig_018_jpg.rf.67e937264810e147cfe100c73b0b0314.jpg,587,587,1.0,587x587
r6k_train_brownspot_orig_018_jpg.rf.736be7aaaa298949bc5921d61f40e336.jpg,587,587,1.0,587x587
r6k_train_brownspot_orig_018_jpg.rf.f0af34385c07c67563bc943787ee2713.jpg,587,587,1.0,587x587
r6k_train_brownspot_orig_019_jpg.rf.ea0269aacfdf57545108b7dac304b75c.jpg,587,587,1.0,587x587
r6k_train_brownspot_orig_021_jpg.rf.080c34d2de77f1b8f8eab78f25318012.jpg,587,587,1.0,587x587
r6k_train_brownspot_orig_021_jpg.rf.3c9d11cfbc0e3bd61dcbed20211eb42d.jpg,587,587,1.0,587x587
r6k_train_brownspot_orig_021_jpg.rf.5ad46dea6dca7592ca7f43de451b373d.jpg,587,587,1.0,587x587
r6k_train_brownspot_orig_022_jpg.rf.101a188e78ed837cf9ec5a932a97d53d.jpg,587,587,1.0,587x587
r6k_train_brownspot_orig_022_jpg.rf.7630e2424eeeb135e916cca16e3e52dd.jpg,587,587,1.0,587x587
r6k_train_brownspot_orig_022_jpg.rf.9edc80eec6918265e7b59a53480d4e9d.jpg,587,587,1.0,587x587
r6k_train_brownspot_orig_022_jpg.rf.c1b1adf11d5960689d55137ade0d2d6b.jpg,587,587,1.0,587x587
r6k_train_brownspot_orig_022_jpg.rf.d0807c666492a63c9d7a08f78b38cd17.jpg,587,587,1.0,587x587
r6k_train_brownspot_orig_023_jpg.rf.908758405c4edad771c3705c260d0959.jpg,587,587,1.0,587x587
r6k_train_brownspot_orig_023_jpg.rf.b094f99ebea385772d830a1c894dc139.jpg,587,587,1.0,587x587
r6k_train_brownspot_orig_023_jpg.rf.d8f2ae81452a40ae54a62eff001493fa.jpg,587,587,1.0,587x587
r6k_train_brownspot_orig_023_jpg.rf.e35d46d7e338627e403f823f8d5888af.jpg,587,587,1.0,587x587
r6k_train_brownspot_orig_024_jpg.rf.84abd0db51a7addd52f9b0ac98372ec1.jpg,587,587,1.0,587x587
r6k_train_brownspot_orig_025_jpg.rf.8818833e1c4358c7358f7d3fa947e9c9.jpg,587,587,1.0,587x587
r6k_train_brownspot_orig_025_jpg.rf.9e06329a11bc4e88b29119e8deffb9f1.jpg,587,587,1.0,587x587
r6k_train_brownspot_orig_026_jpg.rf.18633a5d6700db3d662fa324edbcff2a.jpg,587,587,1.0,587x587
r6k_train_brownspot_orig_026_jpg.rf.19aa7e7b9cbb59f358b18a7b9f43563c.jpg,587,587,1.0,587x587
r6k_train_brownspot_orig_026_jpg.rf.643c94373dce8ea4598f98ba577fc241.jpg,587,587,1.0,587x587
r6k_train_brownspot_orig_026_jpg.rf.ce1490ba6669d45c8cbaf0473c5235a2.jpg,587,587,1.0,587x587
r6k_train_brownspot_orig_026_jpg.rf.cf633835ccaa99764d1aa07ae5c8fcca.jpg,587,587,1.0,587x587
r6k_train_brownspot_orig_031_jpg.rf.16e09e5f919935d3e1d22d1395dadf67.jpg,587,587,1.0,587x587
r6k_train_brownspot_orig_031_jpg.rf.d7d4bff670c7bc1b92f7a77878dc101a.jpg,587,587,1.0,587x587
r6k_train_brownspot_orig_032_jpg.rf.df8ec6803da3ebb98198f207eb2a87cf.jpg,587,587,1.0,587x587
r6k_train_brownspot_orig_033_jpg.rf.1beaaf59280558b4814824c8fa4129b2.jpg,587,587,1.0,587x587
r6k_train_brownspot_orig_034_jpg.rf.63a79ec4e2537765f959e3b0f09064e0.jpg,587,587,1.0,587x587
r6k_train_brownspot_orig_034_jpg.rf.96cbf7f47b2a226c9c9f2aa7f5004176.jpg,587,587,1.0,587x587
r6k_train_brownspot_orig_035_jpg.rf.0e1d43693c57d20d2adfdac61a5818e7.jpg,587,587,1.0,587x587
r6k_train_brownspot_orig_035_jpg.rf.a6b515a0382875570b722ca15acffb29.jpg,587,587,1.0,587x587
r6k_train_brownspot_orig_035_jpg.rf.b6d1a6a0f29ae6876532641196c8fc7a.jpg,587,587,1.0,587x587
r6k_train_brownspot_orig_036_jpg.rf.273f3bb902788afdafa3c4d7a74aff52.jpg,587,587,1.0,587x587
r6k_train_brownspot_orig_036_jpg.rf.3950ebc7857d3f4d186f27a21ff510be.jpg,587,587,1.0,587x587
r6k_train_brownspot_orig_036_jpg.rf.8031af010ca57d4e87d9d1118e872cd9.jpg,587,587,1.0,587x587
r6k_train_brownspot_orig_036_jpg.rf.9bf94eb604d887f8700194b4ea46645b.jpg,587,587,1.0,587x587
r6k_train_brownspot_orig_036_jpg.rf.ea32f0a4e077841128fdb0cab48340eb.jpg,587,587,1.0,587x587
r6k_train_brownspot_orig_037_jpg.rf.6ed906686d93bf28c66af8662900fc62.jpg,587,587,1.0,587x587
r6k_train_brownspot_orig_037_jpg.rf.ae364aa408ebb62699acb15c9fb8100f.jpg,587,587,1.0,587x587
r6k_train_brownspot_orig_038_jpg.rf.e4de7face1ccfa43bff59544467b2679.jpg,587,587,1.0,587x587
r6k_train_brownspot_orig_039_jpg.rf.0095367d0349738027902bd4160c2779.jpg,587,587,1.0,587x587
r6k_train_brownspot_orig_039_jpg.rf.09b6769d9f280534aef5103a55f1c201.jpg,587,587,1.0,587x587
r6k_train_brownspot_orig_039_jpg.rf.1e6d8a36ac2834a6a19a01a864a8ade9.jpg,587,587,1.0,587x587
r6k_train_brownspot_orig_039_jpg.rf.31bcdb136d6f593a041f488c0ae420b2.jpg,587,587,1.0,587x587
r6k_train_brownspot_orig_039_jpg.rf.83613ac72256c0752a9e6c3a03f490ed.jpg,587,587,1.0,587x587
r6k_train_brownspot_orig_040_jpg.rf.69f67a75834f988180d83acd57c6c1eb.jpg,587,587,1.0,587x587
r6k_train_brownspot_orig_040_jpg.rf.8925d8e2b819a4fac699e920244d75d3.jpg,587,587,1.0,587x587
r6k_train_brownspot_orig_040_jpg.rf.d89f07b7092f5df2b9fbccb932ac6de1.jpg,587,587,1.0,587x587
r6k_train_brownspot_orig_040_jpg.rf.d9fad89fd5d67d9d6a8654ca4f3f70a9.jpg,587,587,1.0,587x587
r6k_train_brownspot_orig_041_jpg.rf.58cc8a06ea44ebc5956c758bf2f59f0d.jpg,587,587,1.0,587x587
r6k_train_brownspot_orig_045_jpg.rf.0f8282d832f53fcd8dedd63ee4fb179c.jpg,587,587,1.0,587x587
r6k_train_brownspot_orig_045_jpg.rf.3100ff7788e679c21a7fad6781e70328.jpg,587,587,1.0,587x587
r6k_train_brownspot_orig_046_jpg.rf.78fb0b8c02ee3ff9dcca235ab096a199.jpg,587,587,1.0,587x587
r6k_train_brownspot_orig_048_jpg.rf.36cd62e27146707dfd5e25a4c2613aa7.jpg,587,587,1.0,587x587
r6k_train_brownspot_orig_048_jpg.rf.e2385aa77d56dd39384012b95016ea9a.jpg,587,587,1.0,587x587
r6k_train_brownspot_orig_050_jpg.rf.6ea3a6ae824ad4b1c0113239716d89d0.jpg,587,587,1.0,587x587
r6k_train_brownspot_orig_051_jpg.rf.5bff5ea157b6a8cb306fbd570b52d0b1.jpg,587,587,1.0,587x587
r6k_train_brownspot_orig_051_jpg.rf.a1e7fc2a3f37f3476abc428022952812.jpg,587,587,1.0,587x587
r6k_train_brownspot_orig_051_jpg.rf.f27bdbfb13ea459f706f691c632f5939.jpg,587,587,1.0,587x587
r6k_train_brownspot_orig_052_jpg.rf.9a110469bf6039af55ee66af195dad76.jpg,587,587,1.0,587x587
r6k_train_brownspot_orig_052_jpg.rf.d61dffb64b1c327d669e9201268664e9.jpg,587,587,1.0,587x587
r6k_train_brownspot_orig_053_jpg.rf.5905afc5cd88eb4d6c5b5377d091decc.jpg,587,587,1.0,587x587
r6k_train_brownspot_orig_053_jpg.rf.e5308167ab929e1ce64c5f8491c7af6f.jpg,587,587,1.0,587x587
r6k_train_brownspot_orig_053_jpg.rf.f7353b34455fd6afb684b76b003aab29.jpg,587,587,1.0,587x587
r6k_train_brownspot_orig_054_jpg.rf.35892cea7e2f766235e3c45defd7f4de.jpg,587,587,1.0,587x587
r6k_train_brownspot_orig_054_jpg.rf.5b4128b4eab114e7947479464a2968a4.jpg,587,587,1.0,587x587
r6k_train_brownspot_orig_054_jpg.rf.ad5f62c1a24f91bcd81face731686a6f.jpg,587,587,1.0,587x587
r6k_train_brownspot_orig_055_jpg.rf.59a03b76bf3917f3c2ef3abac90f514f.jpg,587,587,1.0,587x587
r6k_train_brownspot_orig_055_jpg.rf.f97d6ebb3fffabb92a50359bbc985d92.jpg,587,587,1.0,587x587
r6k_train_brownspot_orig_059_jpg.rf.3507574957b5ed95a18a8efb43472b7b.jpg,587,587,1.0,587x587
r6k_train_brownspot_orig_060_jpg.rf.364228ae8c56eae69e892e2baf7b27ba.jpg,587,587,1.0,587x587
r6k_train_brownspot_orig_060_jpg.rf.8d631564044de440b3804e3b19cd7879.jpg,587,587,1.0,587x587
r6k_train_brownspot_orig_060_jpg.rf.efadb4bdfc9567cd05eb7922fb2f4300.jpg,587,587,1.0,587x587
r6k_train_brownspot_orig_060_jpg.rf.f14d184d83965b2375b80338a77c3cc7.jpg,587,587,1.0,587x587
r6k_train_brownspot_orig_061_jpg.rf.4d1e882c41297dd116282d3a59c20ee5.jpg,587,587,1.0,587x587
r6k_train_brownspot_orig_063_jpg.rf.0815d34827764ff3aa95eb6defd8d0bf.jpg,587,587,1.0,587x587
r6k_train_brownspot_orig_063_jpg.rf.2951f88389db58fe2cc4f122ae9ae160.jpg,587,587,1.0,587x587
r6k_train_brownspot_orig_063_jpg.rf.8e38bb670a2330dc10de6120245a747d.jpg,587,587,1.0,587x587
r6k_train_brownspot_orig_063_jpg.rf.b0f7643ff6470f6fde0599f901024528.jpg,587,587,1.0,587x587
r6k_train_brownspot_orig_064_jpg.rf.709c1ee56b2bebbc7ec4e2da530f5a6b.jpg,587,587,1.0,587x587
r6k_train_brownspot_orig_064_jpg.rf.917c7499c01fa42a8368a87f88130b23.jpg,587,587,1.0,587x587
r6k_train_brownspot_orig_064_jpg.rf.f58e90d6b3127f8de1e546154252ad07.jpg,587,587,1.0,587x587
r6k_train_brownspot_orig_064_jpg.rf.ffdfe90cd049c81af1d0d12debe49be4.jpg,587,587,1.0,587x587
r6k_train_brownspot_orig_065_jpg.rf.2103c59c00a9876940abd034ad7c904a.jpg,587,587,1.0,587x587
r6k_train_brownspot_orig_065_jpg.rf.5fe867c5af18ab274c4644e237c78e3b.jpg,587,587,1.0,587x587
r6k_train_brownspot_orig_066_jpg.rf.443f14f99abb680bbdbaf894e737ecf9.jpg,587,587,1.0,587x587
r6k_train_brownspot_orig_066_jpg.rf.9574aa20d75623016be8159195bceb02.jpg,587,587,1.0,587x587
r6k_train_brownspot_orig_066_jpg.rf.bd53b81604541d89dbf853e4b9e1655e.jpg,587,587,1.0,587x587
r6k_train_brownspot_orig_066_jpg.rf.dda3d37afcf95695535ca26db9201ed9.jpg,587,587,1.0,587x587
r6k_train_brownspot_orig_067_jpg.rf.e6e48c0e038ff5d1b539cdd37c9b8397.jpg,587,587,1.0,587x587
r6k_train_brownspot_orig_069_jpg.rf.4805bcb3db15475bc6bb9020d918dded.jpg,587,587,1.0,587x587
r6k_train_brownspot_orig_069_jpg.rf.ac36c9aaa7fec54db9ef26d2d21f00dc.jpg,587,587,1.0,587x587
r6k_train_brownspot_orig_073_jpg.rf.52025dd8a47e186296e4e217c1c9fbab.jpg,587,587,1.0,587x587
r6k_train_brownspot_orig_073_jpg.rf.67933eecaa0f39b038bd7ab4a6a69856.jpg,587,587,1.0,587x587
r6k_train_brownspot_orig_073_jpg.rf.f7121985f2f945dc23cabdee2d45336c.jpg,587,587,1.0,587x587
r6k_train_brownspot_orig_075_jpg.rf.0038d392d246271dcce9fc2b151ea03f.jpg,587,587,1.0,587x587
r6k_train_brownspot_orig_075_jpg.rf.b7763fc1b2368165af0359b5542195b4.jpg,587,587,1.0,587x587
r6k_train_brownspot_orig_076_jpg.rf.cccf9a3e722311ad10b61bd8705070a4.jpg,587,587,1.0,587x587
r6k_train_brownspot_orig_076_jpg.rf.e264bbccd6394a174184e74a81d138e9.jpg,587,587,1.0,587x587
r6k_train_brownspot_orig_077_jpg.rf.d02acaab91283399c523f9f94e120c04.jpg,587,587,1.0,587x587
r6k_train_brownspot_orig_079_jpg.rf.186f62abf355d02a160674b30f85fff7.jpg,587,587,1.0,587x587
r6k_train_brownspot_orig_079_jpg.rf.934e5e3ad6499ec3f38d86e7da79e89d.jpg,587,587,1.0,587x587
r6k_train_brownspot_orig_079_jpg.rf.cf947018f4732690826acecff1d7c7b9.jpg,587,587,1.0,587x587
r6k_train_brownspot_orig_080_jpg.rf.258aa347c6b36f99de676010daae2b18.jpg,587,587,1.0,587x587
r6k_train_brownspot_orig_080_jpg.rf.87fd5d7ea555f4deff767d2117d8bb66.jpg,587,587,1.0,587x587
r6k_train_brownspot_orig_080_jpg.rf.8ca54815a65660ae3cb95cf0fa462576.jpg,587,587,1.0,587x587
r6k_train_brownspot_orig_081_jpg.rf.11fa4e2d1da8d59d0178bed4690485fc.jpg,587,587,1.0,587x587
r6k_train_brownspot_orig_081_jpg.rf.51f297625bce1cd1bd8a496e984b78f5.jpg,587,587,1.0,587x587
r6k_train_brownspot_orig_081_jpg.rf.6e9feadc13e97a91c97b0f7edba14c3f.jpg,587,587,1.0,587x587
r6k_train_brownspot_orig_081_jpg.rf.830b34a84cbfc4fcc6d52c1150d84861.jpg,587,587,1.0,587x587
r6k_train_brownspot_orig_081_jpg.rf.884c22cd91cee6aaaa9e9f820282401a.jpg,587,587,1.0,587x587
r6k_train_brownspot_orig_082_jpg.rf.7fcedb0ce7f0d77099f08f9d710e1563.jpg,587,587,1.0,587x587
r6k_train_brownspot_orig_082_jpg.rf.c4b3000b03b83b8c81cc74326c7e4a1e.jpg,587,587,1.0,587x587
r6k_train_brownspot_orig_087_jpg.rf.492ac2fc0174bcfd88573d865a37537e.jpg,587,587,1.0,587x587
r6k_train_brownspot_orig_087_jpg.rf.62b6a45bacc14cc323e2aaf250c86464.jpg,587,587,1.0,587x587
r6k_train_brownspot_orig_088_jpg.rf.060bd6ac78768ffb2659c772d5a7c4e7.jpg,587,587,1.0,587x587
r6k_train_brownspot_orig_088_jpg.rf.5ae5e448550b4b9dc606cef6043a0129.jpg,587,587,1.0,587x587
r6k_train_brownspot_orig_088_jpg.rf.92212b448a1241c7827df81846e6c1d3.jpg,587,587,1.0,587x587
r6k_train_brownspot_orig_088_jpg.rf.b620a7a31deb15a3a09c9ace0a45ddf8.jpg,587,587,1.0,587x587
r6k_train_brownspot_orig_088_jpg.rf.f00df16f2148241c54fc08d500f7bd7e.jpg,587,587,1.0,587x587
r6k_train_brownspot_orig_090_jpg.rf.4e4751f5b4f1068c1820388e5e028b3e.jpg,587,587,1.0,587x587
r6k_train_brownspot_orig_090_jpg.rf.7effe7c3f4ec244a5463572ad32043e1.jpg,587,587,1.0,587x587
r6k_train_brownspot_orig_091_jpg.rf.2cb19caaa72727e3eb49e658e072c1b9.jpg,587,587,1.0,587x587
r6k_train_brownspot_orig_092_jpg.rf.b70b57c592524749f5b086fa243f8dba.jpg,587,587,1.0,587x587
r6k_train_brownspot_orig_093_jpg.rf.5d555fa05ff9b489a871f2670384730b.jpg,587,587,1.0,587x587
r6k_train_brownspot_orig_094_jpg.rf.0d3451f4ed0c54f3bf193e27887c6c37.jpg,587,587,1.0,587x587
r6k_train_brownspot_orig_094_jpg.rf.177cdc8e5dbf006aed476e57e08f0536.jpg,587,587,1.0,587x587
r6k_train_brownspot_orig_095_jpg.rf.b7a925494bd52cf6e3ac8a2182132b77.jpg,587,587,1.0,587x587
r6k_train_brownspot_orig_095_jpg.rf.c963e5ea315583ed3ba3f2b22de115eb.jpg,587,587,1.0,587x587
r6k_train_brownspot_orig_095_jpg.rf.ef674f395ce4d7b0b010945f80e721c8.jpg,587,587,1.0,587x587
r6k_train_brownspot_orig_096_jpg.rf.0bb922cdc07deff68a0a1147b9d976c3.jpg,587,587,1.0,587x587
r6k_train_brownspot_orig_096_jpg.rf.874c18c7b1c62eb47df0e6b0e0374c2f.jpg,587,587,1.0,587x587
r6k_train_brownspot_orig_097_jpg.rf.093d5eef4737e5014c1d8f0a64dcee71.jpg,587,587,1.0,587x587
r6k_train_brownspot_orig_097_jpg.rf.d9a461820a775d456bb46a926569a2dd.jpg,587,587,1.0,587x587
r6k_train_brownspot_orig_097_jpg.rf.f85653ef9e077704bc445d73a9ad8b40.jpg,587,587,1.0,587x587
r6k_train_IMG_20190419_105830_jpg.rf.2182914e6b2e7030687f6cdec5de73cc.jpg,587,587,1.0,587x587
r6k_train_IMG_20190419_105830_jpg.rf.9a042216427885fc8272b2574b234d48.jpg,587,587,1.0,587x587
r6k_train_IMG_20190419_110059_jpg.rf.108ddb96ad825ba740c79be67d05a344.jpg,587,587,1.0,587x587
r6k_train_IMG_20190419_110059_jpg.rf.8ab07a3d50b96e31e1c7d417441d5884.jpg,587,587,1.0,587x587
r6k_train_IMG_20190419_112552_jpg.rf.34844941a9b64cb2419b05359f2f3e6e.jpg,587,587,1.0,587x587
r6k_train_IMG_20190419_125436_jpg.rf.c9affd22c2bc0f473e3332b094c83017.jpg,587,587,1.0,587x587
r6k_train_IMG_20190419_140253_jpg.rf.6ea53e6bd63f6331af789283e51fd702.jpg,587,587,1.0,587x587
r6k_train_IMG_20190419_140253_jpg.rf.9e3aa5dc0dfdbfa2868218c6ba258460.jpg,587,587,1.0,587x587
r6k_train_IMG_20190419_140253_jpg.rf.f0751fba4c0a8871665fe54e0fc543f2.jpg,587,587,1.0,587x587
r6k_train_IMG_20190419_141055_jpg.rf.b3837aecaa8bbe9125acf9950592bf9d.jpg,587,587,1.0,587x587
r6k_train_IMG_20190419_141055_jpg.rf.c299fdd144b36ef5afad47d21c187176.jpg,587,587,1.0,587x587
r6k_train_IMG_20190419_141220_jpg.rf.f990fd569f720ad917ac9779b03634d2.jpg,587,587,1.0,587x587
r6k_train_IMG_20190419_141224_jpg.rf.1c239c1c6d77f61c02d1923e95552f78.jpg,587,587,1.0,587x587
r6k_train_IMG_20190419_141224_jpg.rf.dafa498cddf1fb3345cf54fa9bba4342.jpg,587,587,1.0,587x587
r6k_train_IMG_20190419_141230_jpg.rf.ced396ffff78e697633adeb13e890056.jpg,587,587,1.0,587x587
r6k_train_IMG_20190419_141230_jpg.rf.fca658d3e7dd1a85f2edb49449fef5e0.jpg,587,587,1.0,587x587
r6k_train_IMG_20190419_141513_jpg.rf.062d612d71e23f872cf627f6ac4d8da0.jpg,587,587,1.0,587x587
r6k_train_IMG_20190419_141513_jpg.rf.1e5f2f68232d6e3821f3197c9d7ba00d.jpg,587,587,1.0,587x587
r6k_train_IMG_20190419_141513_jpg.rf.332d1ec8923c0a30c7a77eae163d91f2.jpg,587,587,1.0,587x587
r6k_train_IMG_20190419_141513_jpg.rf.74b44fccecc66e659ed9e80f52e76791.jpg,587,587,1.0,587x587
r6k_train_IMG_20190419_141513_jpg.rf.874695b5654b12e5683f997b0e331ddb.jpg,587,587,1.0,587x587
r6k_train_IMG_20190419_141521_jpg.rf.1701d0b9b822fd746c371bb244905584.jpg,587,587,1.0,587x587
r6k_train_IMG_20190419_141521_jpg.rf.98c15b3f9eba851f20b1aef6ac0e01de.jpg,587,587,1.0,587x587
r6k_train_IMG_20190420_193215_jpg.rf.e0fb739169a6ddbb74fbfaf6373d1ac0.jpg,587,587,1.0,587x587
r6k_train_IMG_20190420_194955_jpg.rf.b785fadf223d0783001571c5cdc288a3.jpg,587,587,1.0,587x587
r6k_train_IMG_20190420_194955_jpg.rf.d75076ddaf5035773a57154175aa849c.jpg,587,587,1.0,587x587
r6k_train_IMG_20190420_195000_jpg.rf.2b95378a7216c2beebee17d8173221bc.jpg,587,587,1.0,587x587
r6k_train_IMG_20190420_195000_jpg.rf.495e688c78c786b0f2e1c8d6e720e01f.jpg,587,587,1.0,587x587
r6k_train_IMG_20190420_195000_jpg.rf.54af41dc374e70a52d650a92caece6a4.jpg,587,587,1.0,587x587
r6k_train_IMG_20190420_195000_jpg.rf.91155c6b7655f382f2b596b2eed438de.jpg,587,587,1.0,587x587
r6k_train_IMG_20190420_195006_jpg.rf.6cbcf0aab31a74a3a7eb6f3c138a835f.jpg,587,587,1.0,587x587
r6k_train_IMG_4765_jpg.rf.8b8ed5dc3d0cda93807c62ea6ba4e58b.jpg,587,587,1.0,587x587
r6k_train_IMG_4767_jpg.rf.17ab8920d4214ab8c25733284eed9863.jpg,587,587,1.0,587x587
r6k_train_IMG_4769_jpg.rf.aacaea43ee08638ba1c417f34c3d8987.jpg,587,587,1.0,587x587
r6k_train_IMG_4769_jpg.rf.c680e90f3e65d5e9964ada722f107679.jpg,587,587,1.0,587x587
r6k_train_IMG_4772_jpg.rf.196c9fef916a0e16e741444f254c7464.jpg,587,587,1.0,587x587
r6k_train_IMG_4772_jpg.rf.f6ad5dbbcca6fc44a9316786dd95827f.jpg,587,587,1.0,587x587
r6k_train_IMG_4840_jpg.rf.1da178f67be3e6b6182119c71a9e2b72.jpg,587,587,1.0,587x587
r6k_train_IMG_5483_jpg.rf.3fd96da264b3dca063efe42f63e0cd02.jpg,587,587,1.0,587x587
r6k_train_IMG_5483_jpg.rf.44d7b8de51f9f2c57bbc11acae65dcc2.jpg,587,587,1.0,587x587
r6k_train_IMG_5492_jpg.rf.031bda352af85d0c72b53ee4c4337fd8.jpg,587,587,1.0,587x587
r6k_train_IMG_5492_jpg.rf.922065bbf86ce3720f89c2348f88d14d.jpg,587,587,1.0,587x587
r6k_train_IMG_5492_jpg.rf.aadb88fb4af40f637e1d56c1d9bbb249.jpg,587,587,1.0,587x587
r6k_train_IMG_5495_jpg.rf.3b874f28178cf8374cf767ac922b4449.jpg,587,587,1.0,587x587
r6k_train_IMG_5495_jpg.rf.5f2a994543383f553c81e320dc6a22de.jpg,587,587,1.0,587x587
r6k_train_IMG_5495_jpg.rf.ced3aa473e5ca851e799a13e016dec09.jpg,587,587,1.0,587x587
r6k_train_IMG_5512_jpg.rf.8755cd99e77253ce9e76821a4f55cc04.jpg,587,587,1.0,587x587
r6k_train_IMG_5512_jpg.rf.a0b726d299d2b3bbae74d4f3b9c2e39c.jpg,587,587,1.0,587x587
r6k_train_IMG_5523_jpg.rf.1e1becd679efcaceb9e382701cd81c7d.jpg,587,587,1.0,587x587
r6k_train_IMG_5523_jpg.rf.438c65fb8f3011dd07d3895b7650f385.jpg,587,587,1.0,587x587
r6k_train_IMG_5523_jpg.rf.712ea2f959672f9c8d0d7cdaea5de566.jpg,587,587,1.0,587x587
r6k_train_IMG_5525_jpg.rf.85daf5e9174a80f495c95160416242f6.jpg,587,587,1.0,587x587
r6k_train_IMG_5525_jpg.rf.cf25f7a8e31501f7bce1da2c5bc7b46f.jpg,587,587,1.0,587x587
r6k_train_img_blb_100_jpeg_jpg.rf.02b9da03369c0cd98fe21db5ec31e6e4.jpg,587,587,1.0,587x587
r6k_train_img_blb_100_jpeg_jpg.rf.083051dc9e0586b965547fbd9ced6512.jpg,587,587,1.0,587x587
r6k_train_img_blb_100_jpeg_jpg.rf.4360174b9694bd1ea04a392d7175cbe5.jpg,587,587,1.0,587x587
r6k_train_img_blb_100_jpeg_jpg.rf.72b4e296f1a4f3bbd331e17b75424a65.jpg,587,587,1.0,587x587
r6k_train_img_blb_100_jpeg_jpg.rf.ce45768f34171367dd34c61d873a72ec.jpg,587,587,1.0,587x587
r6k_train_img_blb_104_jpeg_jpg.rf.69992893587389afe5ae56135bda76ae.jpg,587,587,1.0,587x587
r6k_train_img_blb_104_jpeg_jpg.rf.7c9dad353c2bfb9e086837ee053d87ce.jpg,587,587,1.0,587x587
r6k_train_img_blb_105_jpeg_jpg.rf.9bea7791a30f7040052851e41968a625.jpg,587,587,1.0,587x587
r6k_train_img_blb_108_jpeg_jpg.rf.054eca1b2278a3638d4acb5e52a8d8b9.jpg,587,587,1.0,587x587
r6k_train_img_blb_108_jpeg_jpg.rf.6b015aa98e6d8042498515653cc84f0c.jpg,587,587,1.0,587x587
r6k_train_img_blb_108_jpeg_jpg.rf.a1b2af1af7d2d98db85962094d0864bb.jpg,587,587,1.0,587x587
r6k_train_img_blb_109_jpeg_jpg.rf.d235a7c536879571d9e18d7930392cb4.jpg,587,587,1.0,587x587
r6k_train_img_blb_109_jpeg_jpg.rf.f08e743eeefa9f77d6aae2a56bc52787.jpg,587,587,1.0,587x587
r6k_train_img_blb_111_jpeg_jpg.rf.03193c294cd40c11be56890f95cf5b66.jpg,587,587,1.0,587x587
r6k_train_img_blb_113_jpeg_jpg.rf.78fb8846688d1a5b3d0a62462142fb88.jpg,587,587,1.0,587x587
r6k_train_img_blb_115_jpeg_jpg.rf.1183f714f41caf7c5d2bc8738483562a.jpg,587,587,1.0,587x587
r6k_train_img_blb_115_jpeg_jpg.rf.2761485f617bc142b6057e3a073fe3ab.jpg,587,587,1.0,587x587
r6k_train_img_blb_119_jpeg_jpg.rf.0372740a25e541b37336880716c90296.jpg,587,587,1.0,587x587
r6k_train_img_blb_119_jpeg_jpg.rf.710ba014f1fbf2a9a4cfdfb89742189d.jpg,587,587,1.0,587x587
r6k_train_img_blb_121_jpeg_jpg.rf.0e56b9c267c16a04cfdf59b1b718bfad.jpg,587,587,1.0,587x587
r6k_train_img_blb_121_jpeg_jpg.rf.9441a4f668e99661d292fa110b0fc4ef.jpg,587,587,1.0,587x587
r6k_train_img_blb_121_jpeg_jpg.rf.96387f0308d3f902d9ae3e564e94de4e.jpg,587,587,1.0,587x587
r6k_train_img_blb_122_jpeg_jpg.rf.9806493e22212dfb835e55cd7ec87b64.jpg,587,587,1.0,587x587
r6k_train_img_blb_123_jpeg_jpg.rf.c8f99807efdd66f1ee297f4b946c75cc.jpg,587,587,1.0,587x587
r6k_train_img_blb_126_jpeg_jpg.rf.694ccda734459de427ef352b43568f30.jpg,587,587,1.0,587x587
r6k_train_img_blb_126_jpeg_jpg.rf.6cb96108b5212405f1b54a18da3c3133.jpg,587,587,1.0,587x587
r6k_train_img_blb_128_jpeg_jpg.rf.249e14a6a2be8206564ff27af6072218.jpg,587,587,1.0,587x587
r6k_train_img_blb_128_jpeg_jpg.rf.aab0fc0426c563a390a96bcfceac4554.jpg,587,587,1.0,587x587
r6k_train_img_blb_129_jpeg_jpg.rf.1dbe07e38d618422d2e76a0bdc56cb7f.jpg,587,587,1.0,587x587
r6k_train_img_blb_12_jpeg_jpg.rf.5d32c6dc96e08dee8c4dca91898c053d.jpg,587,587,1.0,587x587
r6k_train_img_blb_130_jpeg_jpg.rf.e6ab2db43ce46cd46661f8b176e19616.jpg,587,587,1.0,587x587
r6k_train_img_blb_131_jpeg_jpg.rf.565d3f1eea0c13e0fd226ed8335f823b.jpg,587,587,1.0,587x587
r6k_train_img_blb_133_jpeg_jpg.rf.0070324ba9965a0e21a6e437b224e768.jpg,587,587,1.0,587x587
r6k_train_img_blb_133_jpeg_jpg.rf.8bfb7c498cabad72e57e4da119c4b562.jpg,587,587,1.0,587x587
r6k_train_img_blb_147_jpeg_jpg.rf.4ce62d1581de2f74e9d7c2f94022a6f8.jpg,587,587,1.0,587x587
r6k_train_img_blb_149_jpeg_jpg.rf.1f916cb01866546dcf203f4059a841cb.jpg,587,587,1.0,587x587
r6k_train_img_blb_149_jpeg_jpg.rf.f7e1e15840c3734e51bd8ad0ac8239a0.jpg,587,587,1.0,587x587
r6k_train_img_blb_149_jpeg_jpg.rf.f99854cf13cacd8001bcc52ba1a0b733.jpg,587,587,1.0,587x587
r6k_train_img_blb_151_jpeg_jpg.rf.934d2575cd7c9a5ee49a23badb6d2dd3.jpg,587,587,1.0,587x587
r6k_train_img_blb_152_jpeg_jpg.rf.cb661852af8ffd7f78686de4e294398a.jpg,587,587,1.0,587x587
r6k_train_img_blb_152_jpeg_jpg.rf.ef90d924209790666a23e63ab89afc2f.jpg,587,587,1.0,587x587
r6k_train_img_blb_153_jpeg_jpg.rf.13a156b13a65cd60431c4422decd280c.jpg,587,587,1.0,587x587
r6k_train_img_blb_153_jpeg_jpg.rf.aac1b517477be96d04dcccee4318d511.jpg,587,587,1.0,587x587
r6k_train_img_blb_153_jpeg_jpg.rf.fe42f94044c65f00b95ec1f772aef4d2.jpg,587,587,1.0,587x587
r6k_train_img_blb_154_jpeg_jpg.rf.665f6de6e439dbd01a9d94f6b9aa2389.jpg,587,587,1.0,587x587
r6k_train_img_blb_154_jpeg_jpg.rf.f04127a0541f02cf3ea8f216b3d698a8.jpg,587,587,1.0,587x587
r6k_train_img_blb_15_jpg.rf.81cf4d9ba2b94a15424ae33987ed70bd.jpg,587,587,1.0,587x587
r6k_train_img_blb_15_jpg.rf.e902c585cebc0a561ea5ae365be9b678.jpg,587,587,1.0,587x587
r6k_train_img_blb_160_jpeg_jpg.rf.4fe81476ef2ea12c428ab2c5e8edb3a6.jpg,587,587,1.0,587x587
r6k_train_img_blb_161_jpeg_jpg.rf.9562e25889f5849a6b1f34f7b2309094.jpg,587,587,1.0,587x587
r6k_train_img_blb_162_jpeg_jpg.rf.179ee81a0089c41e3e1fe14c796c6af5.jpg,587,587,1.0,587x587
r6k_train_img_blb_162_jpeg_jpg.rf.455a7cc35b13700bcc2e0248798c934e.jpg,587,587,1.0,587x587
r6k_train_img_blb_162_jpeg_jpg.rf.63773dbe641ceee88117ca4c72b0070c.jpg,587,587,1.0,587x587
r6k_train_img_blb_162_jpeg_jpg.rf.faf56c8fa0051fa228d9a9e151118d8e.jpg,587,587,1.0,587x587
r6k_train_img_blb_163_jpeg_jpg.rf.2c076e906670923497367b272a22b874.jpg,587,587,1.0,587x587
r6k_train_img_blb_163_jpeg_jpg.rf.fd84b1a078f2fbf1022568108fcc8a7c.jpg,587,587,1.0,587x587
r6k_train_img_blb_165_jpeg_jpg.rf.b6fbaa8b33b322428ba26b5c62e19a8b.jpg,587,587,1.0,587x587
r6k_train_img_blb_167_jpeg_jpg.rf.9c14a022ea49e15c09045c6d3d89db62.jpg,587,587,1.0,587x587
r6k_train_img_blb_167_jpeg_jpg.rf.cc0e90789bb760d420f5285c7d8035a0.jpg,587,587,1.0,587x587
r6k_train_img_blb_169_jpeg_jpg.rf.3666c456181fca8379a75ce970b9f650.jpg,587,587,1.0,587x587
r6k_train_img_blb_169_jpeg_jpg.rf.6ff90d52b1d698ef8b16b1b0572bb7f2.jpg,587,587,1.0,587x587
r6k_train_img_blb_169_jpeg_jpg.rf.cc3e241856f5729027ddfcbd4dfd9931.jpg,587,587,1.0,587x587
r6k_train_img_blb_16_JPG_jpg.rf.71afd3d164d5360e33c98a34f9f2d314.jpg,587,587,1.0,587x587
r6k_train_img_blb_17_JPG_jpg.rf.8224b11bcb2269d44a0ed2868cba6553.jpg,587,587,1.0,587x587
r6k_train_img_blb_19_JPG_jpg.rf.1bc0fd1292cf9b3e6ce74c9dcc62e595.jpg,587,587,1.0,587x587
r6k_train_img_blb_19_JPG_jpg.rf.63490c0d5216cc3d14bcb7ad2539c36b.jpg,587,587,1.0,587x587
r6k_train_img_blb_1_JPG_jpg.rf.5ba690426fe781d210ae8a370cce467e.jpg,587,587,1.0,587x587
r6k_train_img_blb_1_JPG_jpg.rf.c440f74af1b51cd2cc6c8580dff88c93.jpg,587,587,1.0,587x587
r6k_train_img_blb_20_JPG_jpg.rf.1dc7c538af34a4bb032f9a4c2c4ab8fd.jpg,587,587,1.0,587x587
r6k_train_img_blb_20_JPG_jpg.rf.7c79e8e9b296569d4bb1379e11479cb2.jpg,587,587,1.0,587x587
r6k_train_img_blb_20_JPG_jpg.rf.badc6eee73a669d8072e54883a64a5d9.jpg,587,587,1.0,587x587
r6k_train_img_blb_22_JPG_jpg.rf.b9f083182f45f5b70cb594eca65bc833.jpg,587,587,1.0,587x587
r6k_train_img_blb_23_JPG_jpg.rf.46125106939d9c37742aa97e1eb63d2f.jpg,587,587,1.0,587x587
r6k_train_img_blb_27_JPG_jpg.rf.ccbaa1898455e29fe4e84877f5ee9085.jpg,587,587,1.0,587x587
r6k_train_img_blb_28_JPG_jpg.rf.cb9e42287cbb130278523d8a2eb6c13e.jpg,587,587,1.0,587x587
r6k_train_img_blb_29_JPG_jpg.rf.32ab88a8aed61cbd349c96bdc5289b60.jpg,587,587,1.0,587x587
r6k_train_img_blb_2_JPG_jpg.rf.b7dc1a53efcb9ba038d99775d68bad7b.jpg,587,587,1.0,587x587
r6k_train_img_blb_2_JPG_jpg.rf.e6da590c4890d05c85d4864d552cef89.jpg,587,587,1.0,587x587
r6k_train_img_blb_30_JPG_jpg.rf.4c5d77ee3654c3cd7a69dc076386d801.jpg,587,587,1.0,587x587
r6k_train_img_blb_30_JPG_jpg.rf.be473dc9926c58b416b517856a8bf308.jpg,587,587,1.0,587x587
r6k_train_img_blb_30_JPG_jpg.rf.cfa04559427a5ed899e876dd43875ee4.jpg,587,587,1.0,587x587
r6k_train_img_blb_31_JPG_jpg.rf.0b5a0a74ff5bc186c59f20e0fafcdbec.jpg,587,587,1.0,587x587
r6k_train_img_blb_31_JPG_jpg.rf.dca8c6ff253e7254acffcd6139f594ed.jpg,587,587,1.0,587x587
r6k_train_img_blb_31_JPG_jpg.rf.f364380f7d9be3d5338915ee99a4148f.jpg,587,587,1.0,587x587
r6k_train_img_blb_33_jpg.rf.0997795f29760fd9565dfefd2a16c17d.jpg,587,587,1.0,587x587
r6k_train_img_blb_34_jpg.rf.b94d2d8dad22f11472ea01b772150eec.jpg,587,587,1.0,587x587
r6k_train_img_blb_35_JPG_jpg.rf.09119641e061d66bd086e6cf7b0b3286.jpg,587,587,1.0,587x587
r6k_train_img_blb_36_jpg.rf.3dad2412489161920eb61190f1c7b918.jpg,587,587,1.0,587x587
r6k_train_img_blb_36_jpg.rf.b825bca44f3a6dbfeadfdd0054855fbe.jpg,587,587,1.0,587x587
r6k_train_img_blb_37_JPG_jpg.rf.4e0cc92079d9e687977e7e7959dae6d0.jpg,587,587,1.0,587x587
r6k_train_img_blb_3_JPG_jpg.rf.7fd1a59715268ff99c9a2be5fc411b31.jpg,587,587,1.0,587x587
r6k_train_img_blb_3_JPG_jpg.rf.f08689dcecc92abadca49ff7ca73621f.jpg,587,587,1.0,587x587
r6k_train_img_blb_42_JPG_jpg.rf.ae8e44003accf2e0f3d502cb1099c8df.jpg,587,587,1.0,587x587
r6k_train_img_blb_42_JPG_jpg.rf.fc09df556473b851fc7030dbef041cfe.jpg,587,587,1.0,587x587
r6k_train_img_blb_43_JPG_jpg.rf.c69fad7f94d31b003bfb97bed608f8b4.jpg,587,587,1.0,587x587
r6k_train_img_blb_44_JPG_jpg.rf.c8f3147f0c60ae8eadf2007009cd5537.jpg,587,587,1.0,587x587
r6k_train_img_blb_44_JPG_jpg.rf.ee628eed87fec8dee458c2ff4451ad10.jpg,587,587,1.0,587x587
r6k_train_img_blb_45_JPG_jpg.rf.7f226d3a10605ffdb143bc94888294e1.jpg,587,587,1.0,587x587
r6k_train_img_blb_47_JPG_jpg.rf.94c57013876049fa64e5858ed1f4cc42.jpg,587,587,1.0,587x587
r6k_train_img_blb_50_jpg.rf.0580c98047ce205b99834e116b1c98b5.jpg,587,587,1.0,587x587
r6k_train_img_blb_50_jpg.rf.3326a563ed19d07f6e62e896e85795f7.jpg,587,587,1.0,587x587
r6k_train_img_blb_55_jpg.rf.b2e7f98999b0998b9054418ab1856a2f.jpg,587,587,1.0,587x587
r6k_train_img_blb_56_jpg.rf.235c2bebe609c8d6b93e728b1f1bf603.jpg,587,587,1.0,587x587
r6k_train_img_blb_57_jpg.rf.c4bc27557aa87f0003aa92e282c0b77b.jpg,587,587,1.0,587x587
r6k_train_img_blb_57_jpg.rf.c78fbd7650ce66b6159feb7f569b877b.jpg,587,587,1.0,587x587
r6k_train_img_blb_59_jpg.rf.26e97f0bca26136a7a35dc6aa3739699.jpg,587,587,1.0,587x587
r6k_train_img_blb_59_jpg.rf.591b7033ae81abaf325781b6f217e153.jpg,587,587,1.0,587x587
r6k_train_img_blb_59_jpg.rf.85e9418e4cc56ff372e62f8670719379.jpg,587,587,1.0,587x587
r6k_train_img_blb_5_jpg.rf.ab085592d0304ea44feb0385324b6727.jpg,587,587,1.0,587x587
r6k_train_img_blb_5_jpg.rf.afc3cbe2edb0612491101ffe2cd2a23f.jpg,587,587,1.0,587x587
r6k_train_img_blb_60_jpg.rf.27b56d5751fee3ed29898c839b45c33f.jpg,587,587,1.0,587x587
r6k_train_img_blb_61_jpg.rf.8888b3436798449b773667314f1d305e.jpg,587,587,1.0,587x587
r6k_train_img_blb_61_jpg.rf.9604b5af2b5baff94b26e62d7cf33fcc.jpg,587,587,1.0,587x587
r6k_train_img_blb_61_jpg.rf.d3a46397c649048cc15fd7814d38dbab.jpg,587,587,1.0,587x587
r6k_train_img_blb_61_jpg.rf.ec6d6d37a357aca4b72b97d8e8dd2c06.jpg,587,587,1.0,587x587
r6k_train_img_blb_62_jpg.rf.96c91a1e183be523f862bfaccbe037bc.jpg,587,587,1.0,587x587
r6k_train_img_blb_63_jpg.rf.50147095989945271527f968ad57d58b.jpg,587,587,1.0,587x587
r6k_train_img_blb_63_jpg.rf.7172189d1de943ff5d48a77cfc2cbdf5.jpg,587,587,1.0,587x587
r6k_train_img_blb_66_jpeg_jpg.rf.990b851859e36ba5d47ab17cb16090cf.jpg,587,587,1.0,587x587
r6k_train_img_blb_66_jpeg_jpg.rf.d1bd621c9644b7fe7bcc2a863687b5db.jpg,587,587,1.0,587x587
r6k_train_img_blb_66_jpeg_jpg.rf.e118ceea264ae7b6f6f249fffa9fcbe5.jpg,587,587,1.0,587x587
r6k_train_img_blb_66_jpeg_jpg.rf.f20676f60ce388e580f5cc4e8f7be9e9.jpg,587,587,1.0,587x587
r6k_train_img_blb_6_jpg.rf.b15be78b392ea3dbd068eeca559c9089.jpg,587,587,1.0,587x587
r6k_train_img_blb_71_jpg.rf.92406c0da6c7af012289280246e7e7c7.jpg,587,587,1.0,587x587
r6k_train_img_blb_73_jpg.rf.562462fde0f31babe0c6bd0b0eb4ede4.jpg,587,587,1.0,587x587
r6k_train_img_blb_73_jpg.rf.a08a24e8c8e5377f353998e04625afe2.jpg,587,587,1.0,587x587
r6k_train_img_blb_75_jpg.rf.05307cf6bca71f10d28f0d3ad068ee55.jpg,587,587,1.0,587x587
r6k_train_img_blb_75_jpg.rf.f7656e4589da02b2bb839e5ed9f5d7bd.jpg,587,587,1.0,587x587
r6k_train_img_blb_76_jpeg_jpg.rf.1b69623c4ff3ea74ce7bf8c75f34754b.jpg,587,587,1.0,587x587
r6k_train_img_blb_76_jpeg_jpg.rf.9520a6a5df03219354d148cca7fd451c.jpg,587,587,1.0,587x587
r6k_train_img_blb_76_jpeg_jpg.rf.c9737c87c70deb6f7210a0fad13a73fd.jpg,587,587,1.0,587x587
r6k_train_img_blb_77_jpeg_jpg.rf.e0164ddd6372cb11ac46f9f218e3ddcf.jpg,587,587,1.0,587x587
r6k_train_img_blb_77_jpeg_jpg.rf.f687f89f1f5ac4b7c0082d1939a13982.jpg,587,587,1.0,587x587
r6k_train_img_blb_81_jpeg_jpg.rf.0a451533a800d0c52af62132992145bf.jpg,587,587,1.0,587x587
r6k_train_img_blb_81_jpeg_jpg.rf.6851e71bc922f61206d5b0788e24b899.jpg,587,587,1.0,587x587
r6k_train_img_blb_83_jpg.rf.326ab8fb3d86eaba541fad418875c3a6.jpg,587,587,1.0,587x587
r6k_train_img_blb_84_JPG_jpg.rf.3823f387019c1bc769b705b469168156.jpg,587,587,1.0,587x587
r6k_train_img_blb_84_JPG_jpg.rf.4b5ed59edae8df32c2b6eddd9a89b5ad.jpg,587,587,1.0,587x587
r6k_train_img_blb_86_jpg.rf.ed30ea3aa39493a3f4fdfabfffcfade4.jpg,587,587,1.0,587x587
r6k_train_img_blb_90_png_jpg.rf.1623941ebcd6e673c984c6378ae74561.jpg,587,587,1.0,587x587
r6k_train_img_blb_91_jpeg_jpg.rf.8d31e4e410b83373aed965b2243f4f99.jpg,587,587,1.0,587x587
r6k_train_img_blb_91_jpeg_jpg.rf.ce8c527b6d100cc6b0a8aa5262f7fe2b.jpg,587,587,1.0,587x587
r6k_train_img_blb_92_jpeg_jpg.rf.adac22bf94efa66f015812ed83e0f4be.jpg,587,587,1.0,587x587
r6k_train_img_blb_93_jpeg_jpg.rf.39da922594dc230d6186b0d9c89435e7.jpg,587,587,1.0,587x587
r6k_train_img_blb_93_jpeg_jpg.rf.a3b54bcb5997fbdd9be328894d0e096c.jpg,587,587,1.0,587x587
r6k_train_img_blb_94_jpeg_jpg.rf.676843c4f8e0993afe5d6adb003ce38a.jpg,587,587,1.0,587x587
r6k_train_img_blb_96_jpeg_jpg.rf.89c331be6c34ef53696d26d10bcfa117.jpg,587,587,1.0,587x587
r6k_train_img_blb_96_jpeg_jpg.rf.bc2a1a5dd944b9d2ec7c76a1599b1e84.jpg,587,587,1.0,587x587
r6k_train_img_blb_96_jpeg_jpg.rf.be862d15330396feb4dda92f6b94483c.jpg,587,587,1.0,587x587
r6k_train_img_blb_97_jpeg_jpg.rf.8bcaf37f44fe796c1f84ae0cddbbc77c.jpg,587,587,1.0,587x587
r6k_train_img_brown_108_jpeg_jpg.rf.1a1671579faabeea13dbd11c9283cf04.jpg,587,587,1.0,587x587
r6k_train_img_brown_10_jpeg_jpg.rf.0efbe11489ad2127cd83bbe36daa3bf8.jpg,587,587,1.0,587x587
r6k_train_img_brown_10_jpeg_jpg.rf.82c145cff5bcbcb2ed8b7d58ce997864.jpg,587,587,1.0,587x587
r6k_train_img_brown_110_jpg.rf.ead83a16f274d62af57b3960dc0e2b65.jpg,587,587,1.0,587x587
r6k_train_img_brown_111_jpg.rf.053f9defac2e3fc6277af434a93e7222.jpg,587,587,1.0,587x587
r6k_train_img_brown_111_jpg.rf.0904e74aa197e2f2089b6e13e1c40b82.jpg,587,587,1.0,587x587
r6k_train_img_brown_111_jpg.rf.79ec3dd91bbb2d7a8f260dde2f146d90.jpg,587,587,1.0,587x587
r6k_train_img_brown_118_jpg.rf.66931d8b548d0c366bd34a096ed792dd.jpg,587,587,1.0,587x587
r6k_train_img_brown_118_jpg.rf.ae27f6fa733b2be32d1ba304ec00d20b.jpg,587,587,1.0,587x587
r6k_train_img_brown_118_jpg.rf.ba0d2049c05afa342c7e30acb316f685.jpg,587,587,1.0,587x587
r6k_train_img_brown_11_jpeg_jpg.rf.0c2ae77a7176c3ad7e65d1602caeaaf8.jpg,587,587,1.0,587x587
r6k_train_img_brown_11_jpeg_jpg.rf.65e8270a22bae6751adc93b81bf8da79.jpg,587,587,1.0,587x587
r6k_train_img_brown_11_jpeg_jpg.rf.735f4482a8e0a5f6803ab4b59450f009.jpg,587,587,1.0,587x587
r6k_train_img_brown_11_jpeg_jpg.rf.f8d9c00342e804714188139a176f6a3e.jpg,587,587,1.0,587x587
r6k_train_img_brown_125_jpg.rf.3ee612ef07bb68dee5ecdc8eb25ded77.jpg,587,587,1.0,587x587
r6k_train_img_brown_125_jpg.rf.b11535af3caf494dbb0faa9c120b0254.jpg,587,587,1.0,587x587
r6k_train_img_brown_128_jpg.rf.1507bb42baa6bc27cde940e9ea68c005.jpg,587,587,1.0,587x587
r6k_train_img_brown_128_jpg.rf.4b6935ec7322c87fa6eb10043ba3be4f.jpg,587,587,1.0,587x587
r6k_train_img_brown_128_jpg.rf.d53ee859a6c119d3192a645a9393071e.jpg,587,587,1.0,587x587
r6k_train_img_brown_128_jpg.rf.dfb6d7327d7697c85569189b43c30b60.jpg,587,587,1.0,587x587
r6k_train_img_brown_12_jpg.rf.535bfdadfe72eaeff3ae5291a89abbcd.jpg,587,587,1.0,587x587
r6k_train_img_brown_12_jpg.rf.598f0b6944830a588fc4329039c901b9.jpg,587,587,1.0,587x587
r6k_train_img_brown_147_jpg.rf.16f509f07ed698dfe9f97c8700ab34ae.jpg,587,587,1.0,587x587
r6k_train_img_brown_147_jpg.rf.5ce913d55db454c51a40a372d712cbb0.jpg,587,587,1.0,587x587
r6k_train_img_brown_149_jpg.rf.08785c4230011915262d4183b94caa90.jpg,587,587,1.0,587x587
r6k_train_img_brown_149_jpg.rf.5e6a2e437783e3753f89302e1fe1fd1c.jpg,587,587,1.0,587x587
r6k_train_img_brown_149_jpg.rf.7b42f612fc01f7be0704e54a1ee54703.jpg,587,587,1.0,587x587
r6k_train_img_brown_149_jpg.rf.e6261df9bc742ee3044988340067c9dd.jpg,587,587,1.0,587x587
r6k_train_img_brown_149_jpg.rf.fba2f7c609e81c0742a7470f49d9c4dc.jpg,587,587,1.0,587x587
r6k_train_img_brown_179_jpg.rf.77cc959edd98ba268a564dba03260e97.jpg,587,587,1.0,587x587
r6k_train_img_brown_179_jpg.rf.d1fbf714e690a5137153d37c7555df38.jpg,587,587,1.0,587x587
r6k_train_img_brown_179_jpg.rf.e4db0edd6505c6858b9dfb5ca9e1cd4f.jpg,587,587,1.0,587x587
r6k_train_img_brown_18_jpg.rf.5d97f29754dc6d8d05a66704298e4d71.jpg,587,587,1.0,587x587
r6k_train_img_brown_21_jpg.rf.4009f7b57a657eec15c19fe5463dc11e.jpg,587,587,1.0,587x587
r6k_train_img_brown_22_jpg.rf.28917b2d6656bb50b2d205e4475de04e.jpg,587,587,1.0,587x587
r6k_train_img_brown_22_jpg.rf.a910229d5fdff24cc86db3b3a36800d4.jpg,587,587,1.0,587x587
r6k_train_img_brown_23_jpg.rf.305a249e3726ac5f31afcc6af1b08698.jpg,587,587,1.0,587x587
r6k_train_img_brown_24_JPG_jpg.rf.f383a5ca286876beee7e2ebc183e979c.jpg,587,587,1.0,587x587
r6k_train_img_brown_25_jpg.rf.217e6e6a38043951c6161726cbe1110f.jpg,587,587,1.0,587x587
r6k_train_img_brown_25_jpg.rf.49dbd0486f43775df68447e95bd47d3e.jpg,587,587,1.0,587x587
r6k_train_img_brown_25_jpg.rf.689544355fdd4da1adc5fd2ce61d25e5.jpg,587,587,1.0,587x587
r6k_train_img_brown_25_jpg.rf.e5755aa2bde7c0920bf4bdcb0a203cbc.jpg,587,587,1.0,587x587
r6k_train_img_brown_26_JPG_jpg.rf.7cdcd759a5bd4c1477ef92748c0ab902.jpg,587,587,1.0,587x587
r6k_train_img_brown_26_JPG_jpg.rf.b2ad3399003387a864bbd8e62b5da512.jpg,587,587,1.0,587x587
r6k_train_img_brown_26_JPG_jpg.rf.eb1bc6c6a107153fe1e993025b6c6123.jpg,587,587,1.0,587x587
r6k_train_img_brown_31_JPG_jpg.rf.4e0b311999d29a5bdc2d382b31295601.jpg,587,587,1.0,587x587
r6k_train_img_brown_32_JPG_jpg.rf.76ea4820fe12937b8312d6c2d14bbdf7.jpg,587,587,1.0,587x587
r6k_train_img_brown_32_JPG_jpg.rf.f1db7cd553b927c77cb123017866d448.jpg,587,587,1.0,587x587
r6k_train_img_brown_33_JPG_jpg.rf.39fe9cdc47b0692bf91e59b7d4c59527.jpg,587,587,1.0,587x587
r6k_train_img_brown_33_JPG_jpg.rf.75d2d5e0fb0c9e5ae9a0e170425d8ba7.jpg,587,587,1.0,587x587
r6k_train_img_brown_33_JPG_jpg.rf.e4320e04d6d9122d074b66bcf5b964fe.jpg,587,587,1.0,587x587
r6k_train_img_brown_33_JPG_jpg.rf.fa6b21348718607c5fdb002963e5f6e0.jpg,587,587,1.0,587x587
r6k_train_img_brown_34_JPG_jpg.rf.382d6ee107f5b7e19ecb55538dc97600.jpg,587,587,1.0,587x587
r6k_train_img_brown_34_JPG_jpg.rf.beaceb24a5b557ab232e3607861f298d.jpg,587,587,1.0,587x587
r6k_train_img_brown_35_JPG_jpg.rf.0fd955ebbb5af09f57a7b4fb3f2ae789.jpg,587,587,1.0,587x587
r6k_train_img_brown_35_JPG_jpg.rf.25fff3ade10315e268b37f3fd41bb336.jpg,587,587,1.0,587x587
r6k_train_img_brown_35_JPG_jpg.rf.41fe6870a6814ad98fdb807d5c3eeda0.jpg,587,587,1.0,587x587
r6k_train_img_brown_35_JPG_jpg.rf.4fcf46b40c09732e1711f5e0492d5c4e.jpg,587,587,1.0,587x587
r6k_train_img_brown_36_JPG_jpg.rf.aea5e0feef553fb8d634493559b0c56f.jpg,587,587,1.0,587x587
r6k_train_img_brown_37_JPG_jpg.rf.5716ac0adeec1e15d048efcc8b55bb54.jpg,587,587,1.0,587x587
r6k_train_img_brown_39_JPG_jpg.rf.92452379e2293cdcd9c18b5a49f04b9e.jpg,587,587,1.0,587x587
r6k_train_img_brown_39_JPG_jpg.rf.a34d9af4c80b1a054fe4c3246b67f422.jpg,587,587,1.0,587x587
r6k_train_img_brown_3_jpg.rf.13e0d8221e01b4ba5ea8ff2828fdfac9.jpg,587,587,1.0,587x587
r6k_train_img_brown_3_jpg.rf.cf1eb3c0fe1e407c922489da5a0517a1.jpg,587,587,1.0,587x587
r6k_train_img_brown_40_JPG_jpg.rf.b328f37da62546c6e4ec6cec92332db2.jpg,587,587,1.0,587x587
r6k_train_img_brown_41_jpg.rf.8e0d9a4e45e5aa850ef8a002ca1fdf34.jpg,587,587,1.0,587x587
r6k_train_img_brown_46_jpg.rf.d5e9cc6e272e89c86f72bfd07cf13228.jpg,587,587,1.0,587x587
r6k_train_img_brown_47_jpg.rf.0a46c6281ff0669016b924272cd556c9.jpg,587,587,1.0,587x587
r6k_train_img_brown_47_jpg.rf.1aa7f4378f0d9b6c7c14d0cb02b986cf.jpg,587,587,1.0,587x587
r6k_train_img_brown_47_jpg.rf.2ffa3d4b8fe2660b8bf3016775212e61.jpg,587,587,1.0,587x587
r6k_train_img_brown_47_jpg.rf.5dff71c4c35d7f036ae2eee09b0e1d60.jpg,587,587,1.0,587x587
r6k_train_img_brown_49_jpg.rf.f3e3a8736a66c6631d71f1dae4f57553.jpg,587,587,1.0,587x587
r6k_train_img_brown_4_jpg.rf.701ad09931ef057846ab3810e49cfd0c.jpg,587,587,1.0,587x587
r6k_train_img_brown_55_jpeg_jpg.rf.9aae2b9214dbebcce9f1abd2b054b90d.jpg,587,587,1.0,587x587
r6k_train_img_brown_55_jpeg_jpg.rf.d557e798cc765322b330e01dca3889e2.jpg,587,587,1.0,587x587
r6k_train_img_brown_56_jpeg_jpg.rf.15f62173ce5b35e47bbeb816fdbb2032.jpg,587,587,1.0,587x587
r6k_train_img_brown_56_jpeg_jpg.rf.1eef78257fb79ed72ae6f5ebc16ad206.jpg,587,587,1.0,587x587
r6k_train_img_brown_56_jpeg_jpg.rf.2dbedc9f1124be3d9b91610cfdbe62f8.jpg,587,587,1.0,587x587
r6k_train_img_brown_56_jpeg_jpg.rf.dc5ba0e13faff029ddc4931355336a5d.jpg,587,587,1.0,587x587
r6k_train_img_brown_56_jpeg_jpg.rf.eed32f09e2e511795c0011091ea98185.jpg,587,587,1.0,587x587
r6k_train_img_brown_57_jpeg_jpg.rf.332bb1bef716788513df78ff6001b433.jpg,587,587,1.0,587x587
r6k_train_img_brown_57_jpeg_jpg.rf.381c687a6fc1f1d79f1f37e624b7d30a.jpg,587,587,1.0,587x587
r6k_train_img_brown_61_jpeg_jpg.rf.7e2a03a73c05e3385788d4d842d2be0a.jpg,587,587,1.0,587x587
r6k_train_img_brown_62_jpeg_jpg.rf.22aba9b21b54987987e5e395592d65c2.jpg,587,587,1.0,587x587
r6k_train_img_brown_62_jpeg_jpg.rf.2f5aca6269c2516393de4021c352bab2.jpg,587,587,1.0,587x587
r6k_train_img_brown_62_jpeg_jpg.rf.9dd811cb765e88ceefd93e2828caadab.jpg,587,587,1.0,587x587
r6k_train_img_brown_62_jpeg_jpg.rf.a7e552543e53e6184962a620378735e1.jpg,587,587,1.0,587x587
r6k_train_img_brown_62_jpeg_jpg.rf.c544f2f53b630bb0bac8445460dfa4b0.jpg,587,587,1.0,587x587
r6k_train_img_brown_62_jpeg_jpg.rf.e87c797538b91a1a5a5232f43fdee3ea.jpg,587,587,1.0,587x587
r6k_train_img_brown_63_jpeg_jpg.rf.22e16de563215425eb10c1f5da3dd8b2.jpg,587,587,1.0,587x587
r6k_train_img_brown_63_jpeg_jpg.rf.85fafd27e2e47d206987f927b3209bb5.jpg,587,587,1.0,587x587
r6k_train_img_brown_64_jpeg_jpg.rf.086bf5dba86e223686fce2e46c0ddbc5.jpg,587,587,1.0,587x587
r6k_train_img_brown_64_jpeg_jpg.rf.2fbb8518b27c1c55b0212557d9083b93.jpg,587,587,1.0,587x587
r6k_train_img_brown_64_jpeg_jpg.rf.67470f972a88896b5c33423b11415edd.jpg,587,587,1.0,587x587
r6k_train_img_brown_64_jpeg_jpg.rf.863be14f9e3417a99ea541369b4e8ad2.jpg,587,587,1.0,587x587
r6k_train_img_brown_64_jpeg_jpg.rf.eb1a15bcf9a55f437cd8a1e4ed429a0d.jpg,587,587,1.0,587x587
r6k_train_img_brown_68_jpeg_jpg.rf.b4d917c8160a530cc9f62194e4aa4306.jpg,587,587,1.0,587x587
r6k_train_img_brown_68_jpeg_jpg.rf.c54761f6ddb258a2a9acec1e50f2a33e.jpg,587,587,1.0,587x587
r6k_train_img_brown_6_jpeg_jpg.rf.4e5b110c638b9d0312b89306222f2193.jpg,587,587,1.0,587x587
r6k_train_img_brown_6_jpeg_jpg.rf.68bed7f207ed9bca1cab5316e641ae81.jpg,587,587,1.0,587x587
r6k_train_img_brown_6_jpeg_jpg.rf.abc208e8d78fca5ea6c84147448a0243.jpg,587,587,1.0,587x587
r6k_train_img_brown_71_JPG_jpg.rf.57755efd440348c42e2029f5430383a6.jpg,587,587,1.0,587x587
r6k_train_img_brown_71_JPG_jpg.rf.76678fd7ec21c196e256621196c23bdf.jpg,587,587,1.0,587x587
r6k_train_img_brown_71_JPG_jpg.rf.e11cfe955ff31d933a8289d5725dc77d.jpg,587,587,1.0,587x587
r6k_train_img_brown_73_jpg.rf.00654dec9098a187176a1c51dd40d425.jpg,587,587,1.0,587x587
r6k_train_img_brown_7_jpg.rf.55155e62cfe965546ef9838f328813e3.jpg,587,587,1.0,587x587
r6k_train_img_brown_7_jpg.rf.f1b335d770a6a1d76fb4dec6f22fd59c.jpg,587,587,1.0,587x587
r6k_train_img_brown_80_jpeg_jpg.rf.a1d2923ef79b02a1996fae92f72de263.jpg,587,587,1.0,587x587
r6k_train_img_brown_8_jpg.rf.596861c1d0a23209cab147c1ff48ab7d.jpg,587,587,1.0,587x587
r6k_train_img_brown_92_jpeg_jpg.rf.461ae051c5892c99cfc0c0798ac5fb2a.jpg,587,587,1.0,587x587
r6k_train_img_brown_92_jpeg_jpg.rf.946ceaebeabb9e83de704d0624c5b9d4.jpg,587,587,1.0,587x587
r6k_train_rice-blast-04_jpg.rf.032bc9c2e9c04d2698d3cac9aac8344d.jpg,587,587,1.0,587x587
r6k_train_rice-blast-06_jpg.rf.af3cfd659798f53eaa3e369f26833b53.jpg,587,587,1.0,587x587
r6k_train_rice-blast-11_jpg.rf.9c3e8836c4a3d8ef6fc664ceba143270.jpg,587,587,1.0,587x587
r6k_train_rice-blast-11_jpg.rf.d1cafbc86a545ea9e6b2f2961d6d3ebd.jpg,587,587,1.0,587x587
r6k_train_rice-blast-11_jpg.rf.e729031289bc1e4686cbf904353ea96e.jpg,587,587,1.0,587x587
r6k_train_rice-blast-12_jpeg_jpg.rf.2b1a42b3a75f93c2711cd233be687c00.jpg,587,587,1.0,587x587
r6k_train_rice-blast-12_jpeg_jpg.rf.b7bd37aa939babe7fc712c42a0c1c713.jpg,587,587,1.0,587x587
r6k_train_rice-blast-14_jpeg_jpg.rf.25304f8726385e876abd1fd61be21f1e.jpg,587,587,1.0,587x587
r6k_train_rice-blast-15_jpeg_jpg.rf.3344f88028517c078c243e7d00feb6a5.jpg,587,587,1.0,587x587
r6k_train_rice-blast-15_jpeg_jpg.rf.33c76b47b64a211875f663060d6c5cd3.jpg,587,587,1.0,587x587
r6k_train_rice-blast-15_jpeg_jpg.rf.89378559b9184a0767053e804558a297.jpg,587,587,1.0,587x587
r6k_train_rice-blast-15_jpeg_jpg.rf.a5d3a5a6a6bc4109ff0a0e290c5a33ef.jpg,587,587,1.0,587x587
r6k_val_Blast_1053_jpg.rf.f51db75802324fdcfc28c692a73100e7.jpg,587,587,1.0,587x587
r6k_val_Blast_1086_jpg.rf.3480efbb84daf3946a2370b93a068c89.jpg,587,587,1.0,587x587
r6k_val_Blast_1095_jpg.rf.806ebda1f9d74cf747a4f545377f8bf0.jpg,587,587,1.0,587x587
r6k_val_Blast_1189_jpg.rf.59ca69ab7b856daed469c97b31998a32.jpg,587,587,1.0,587x587
r6k_val_Blast_1208_jpg.rf.fb486ad2e58f5be5edd77f76512b4906.jpg,587,587,1.0,587x587
r6k_val_Blast_18-2-_jpg.rf.276c7b4cb83ced26b8d65a8fb727529a.jpg,587,587,1.0,587x587
r6k_val_Blast_195-2-_jpg.rf.6d1a3038f55a9443373e6ff4557b25ab.jpg,587,587,1.0,587x587
r6k_val_Blast_237_jpg.rf.de529159b5cdcae9f12966e874f99f98.jpg,587,587,1.0,587x587
r6k_val_blast_orig_005_jpg.rf.c758509ebb7fe83c081d925afbefe2c7.jpg,587,587,1.0,587x587
r6k_val_blast_orig_009_jpg.rf.cb5509aad374ad13bcbe8a4808bbb782.jpg,587,587,1.0,587x587
r6k_val_blast_orig_026_png_jpg.rf.e0fe560f594cd0b4cb1ae03a243bfc80.jpg,587,587,1.0,587x587
r6k_val_blast_orig_033_JPG_jpg.rf.a967b5399f2b5fa94a8314af99c38c8a.jpg,587,587,1.0,587x587
r6k_val_blast_orig_048_JPG_jpg.rf.27c7b70839f7b178fbda3bac6467f430.jpg,587,587,1.0,587x587
r6k_val_blast_orig_050_JPG_jpg.rf.5e7246ff3eba840589e6e5bd33724bcf.jpg,587,587,1.0,587x587
r6k_val_blast_orig_052_jpg.rf.06ca171138358f50982d1b4892ec6398.jpg,587,587,1.0,587x587
r6k_val_blast_orig_054_JPG_jpg.rf.51ff3a5c73ae0c1ea56777d63b9879d8.jpg,587,587,1.0,587x587
r6k_val_blast_orig_060_JPG_jpg.rf.cd9b78e828a46eff2ab4e6fbe1355dd8.jpg,587,587,1.0,587x587
r6k_val_blast_orig_061_JPG_jpg.rf.faeb89153083e19a6c07c23fcfec7af6.jpg,587,587,1.0,587x587
r6k_val_blast_orig_075_jpg.rf.eed32da949e441dbbddacaff7eab6f5e.jpg,587,587,1.0,587x587
r6k_val_blast_rotated_002_png_jpg.rf.16bd9bae7d425666d1ba2c3373e6e5e6.jpg,587,587,1.0,587x587
r6k_val_blast_rotated_003_jpg.rf.9cd2018bb677d058fe4362bd049be7f3.jpg,587,587,1.0,587x587
r6k_val_blast_rotated_005_jpg.rf.a0e9a80982d3195314b609328e5154b2.jpg,587,587,1.0,587x587
r6k_val_blast_rotated_011_jpg.rf.40700f6067ae02d6a74e1935aa4de08a.jpg,587,587,1.0,587x587
r6k_val_blast_rotated_013_jpg.rf.32a100e878466a8f210ef8b98c7b9b5a.jpg,587,587,1.0,587x587
r6k_val_blast_rotated_013_jpg.rf.9feebd601ebc72d2f8bae4805d324d9a.jpg,587,587,1.0,587x587
r6k_val_blast_rotated_017_jpg.rf.0614531f335199866852379c1f358e74.jpg,587,587,1.0,587x587
r6k_val_blast_rotated_029_JPG_jpg.rf.1954780fbffff773fef3df2c903e17c1.jpg,587,587,1.0,587x587
r6k_val_blast_rotated_044_png_jpg.rf.1100b2b25a77f2a0a50dcb430b2c45f9.jpg,587,587,1.0,587x587
r6k_val_blast_rotated_046_png_jpg.rf.f22d6c0e86a830b672a87c75a49531da.jpg,587,587,1.0,587x587
r6k_val_blast_rotated_058_JPG_jpg.rf.0c6e532cf890ddad92db48ac19514522.jpg,587,587,1.0,587x587
r6k_val_blast_rotated_068_JPG_jpg.rf.4349e0cfef5c9e8a999d979cb9848882.jpg,587,587,1.0,587x587
r6k_val_blast_rotated_072_jpg.rf.2b3fa6c63be325934f39f30f9742affc.jpg,587,587,1.0,587x587
r6k_val_blast_rotated_079_jpg.rf.13f640649bf8eefbabe80bf8ec23ab7c.jpg,587,587,1.0,587x587
r6k_val_blight_orig_004_PNG_jpg.rf.4e540619401c941dc0858146b404299b.jpg,587,587,1.0,587x587
r6k_val_blight_orig_009_JPG_jpg.rf.afa34423d5c8b216fe40d0e8557c6c4f.jpg,587,587,1.0,587x587
r6k_val_blight_orig_021_jpg.rf.01a1110c1a1c5c2e970e3142726dda08.jpg,587,587,1.0,587x587
r6k_val_blight_orig_035_JPG_jpg.rf.92a536ad057a7ebf2ea76b637fb2eba1.jpg,587,587,1.0,587x587
r6k_val_blight_orig_057_jpg.rf.996f08eccd8c1258cfe6bdbd924af82d.jpg,587,587,1.0,587x587
r6k_val_blight_orig_060_JPG_jpg.rf.01b467304e96a4c47c2fd40eed631f45.jpg,587,587,1.0,587x587
r6k_val_blight_orig_061_JPG_jpg.rf.ade270a022b670c89cf714aca7500e14.jpg,587,587,1.0,587x587
r6k_val_blight_orig_089_jpg.rf.59627d7a73cde1227fa8c6a1f33820dc.jpg,587,587,1.0,587x587
r6k_val_blight_rotated_006_PNG_jpg.rf.0bf23df38af374012742c986d7709f76.jpg,587,587,1.0,587x587
r6k_val_blight_rotated_007_jpg.rf.6d0ddae4b21e8e67162326d88f7cf24b.jpg,587,587,1.0,587x587
r6k_val_blight_rotated_009_JPG_jpg.rf.12921d752c00e31ef1f72838f2051058.jpg,587,587,1.0,587x587
r6k_val_blight_rotated_047_jpg.rf.77d74cc150aad7e516e857251dfad7cc.jpg,587,587,1.0,587x587
r6k_val_blight_rotated_065_JPG_jpg.rf.ba19aee131e4d8e248005a31dffe0ffd.jpg,587,587,1.0,587x587
r6k_val_blight_rotated_091_jpg.rf.678d9495e5f5197ce3e87ffb6731579c.jpg,587,587,1.0,587x587
r6k_val_blight_rotated_095_jpg.rf.fa2bd69dae054719419fa3fae506083d.jpg,587,587,1.0,587x587
r6k_val_brownspot_orig_031_jpg.rf.87722afa68fcd2ed5bf069203cee5652.jpg,587,587,1.0,587x587
r6k_val_brownspot_orig_031_jpg.rf.b8b38650dd7486b2c672b4b42b627e86.jpg,587,587,1.0,587x587
r6k_val_brownspot_orig_031_jpg.rf.cefde2c80515a126749bfbc304b1969b.jpg,587,587,1.0,587x587
r6k_val_brownspot_orig_034_jpg.rf.c166e456c50aede84a2470d416c9aefd.jpg,587,587,1.0,587x587
r6k_val_brownspot_orig_036_jpg.rf.647e530562dfc614fcc94804e838287c.jpg,587,587,1.0,587x587
r6k_val_brownspot_orig_036_jpg.rf.de0f51dedf32c75e166498408ab28f5c.jpg,587,587,1.0,587x587
r6k_val_brownspot_orig_039_jpg.rf.67b735f362a0165f0152f6f571e259af.jpg,587,587,1.0,587x587
r6k_val_brownspot_orig_041_jpg.rf.25f6a5451bd2201c6eee784967d20b77.jpg,587,587,1.0,587x587
r6k_val_brownspot_orig_041_jpg.rf.4a63711aefa1c6f724114976281c0f2a.jpg,587,587,1.0,587x587
r6k_val_brownspot_orig_046_jpg.rf.a047d087a4acc8b39c2985995589cf26.jpg,587,587,1.0,587x587
r6k_val_brownspot_orig_048_jpg.rf.7e2a20cc6047bd0fe4ce7f106a459713.jpg,587,587,1.0,587x587
r6k_val_brownspot_orig_060_jpg.rf.11fdbf86d01fe155e2d1335d426b0a17.jpg,587,587,1.0,587x587
r6k_val_brownspot_orig_062_jpg.rf.096d1a9fea108522388ae502ff521669.jpg,587,587,1.0,587x587
r6k_val_brownspot_orig_063_jpg.rf.092c51e7e93fc09505ba9879ad248212.jpg,587,587,1.0,587x587
r6k_val_brownspot_orig_075_jpg.rf.35f1a75ea781c774b3accb43fc453009.jpg,587,587,1.0,587x587
r6k_val_brownspot_orig_089_jpg.rf.541a36879451af544cf96cc6b22c8f48.jpg,587,587,1.0,587x587
r6k_val_brownspot_orig_097_jpg.rf.1cf272c656b6582e8453ee6edfdcf4da.jpg,587,587,1.0,587x587
r6k_val_IMG_20190419_105659_jpg.rf.46cdf053272de7a635b65c49b4572f08.jpg,587,587,1.0,587x587
r6k_val_IMG_20190419_110059_jpg.rf.ef633aabcc431ff70d008ee3e310bffd.jpg,587,587,1.0,587x587
r6k_val_IMG_20190420_193215_jpg.rf.de87edba4241bb3f012825d95ebf2169.jpg,587,587,1.0,587x587
r6k_val_IMG_4840_jpg.rf.a0e91d6f5ede3ff18688a10e652c4da7.jpg,587,587,1.0,587x587
r6k_val_IMG_5523_jpg.rf.6738ae43d46c84cfe1372a07f6d55963.jpg,587,587,1.0,587x587
r6k_val_IMG_5525_jpg.rf.a05e48ebb356d06ba28c83d62efbec24.jpg,587,587,1.0,587x587
r6k_val_img_blb_108_jpeg_jpg.rf.ff9c0a3b03cffeb7280afbe9d2332123.jpg,587,587,1.0,587x587
r6k_val_img_blb_109_jpeg_jpg.rf.df7aa6b543d54642be5c869e14ba0b29.jpg,587,587,1.0,587x587
r6k_val_img_blb_115_jpeg_jpg.rf.27e640db2feb76699f001db3c50c26fc.jpg,587,587,1.0,587x587
r6k_val_img_blb_115_jpeg_jpg.rf.643346d484962982183d30a10c315fe9.jpg,587,587,1.0,587x587
r6k_val_img_blb_12_jpeg_jpg.rf.6575f4ecfe76bc9ebec8348d07d33cc9.jpg,587,587,1.0,587x587
r6k_val_img_blb_141_jpeg_jpg.rf.b09e22610acc4b16edda88415bdc27e6.jpg,587,587,1.0,587x587
r6k_val_img_blb_156_jpeg_jpg.rf.9c23ca4eee16b46ab5a7d733ba4b9bef.jpg,587,587,1.0,587x587
r6k_val_img_blb_20_JPG_jpg.rf.4f211d8bac7069a35589848aeef7fa27.jpg,587,587,1.0,587x587
r6k_val_img_blb_20_JPG_jpg.rf.4fe942fabcfe114fd87804fbe28974db.jpg,587,587,1.0,587x587
r6k_val_img_blb_31_JPG_jpg.rf.7f834982d48278553b93b97e99ed87e5.jpg,587,587,1.0,587x587
r6k_val_img_blb_47_JPG_jpg.rf.a83341cc8e51a19e8392e06f67a67ae1.jpg,587,587,1.0,587x587
r6k_val_img_blb_83_jpg.rf.448b7e931b90132efdec46aa232895a2.jpg,587,587,1.0,587x587
r6k_val_img_brown_10_jpeg_jpg.rf.b90bfb72c146414fcad2f7ea348c90b8.jpg,587,587,1.0,587x587
r6k_val_img_brown_21_jpg.rf.cd23a40b65c766697019ff07744a819f.jpg,587,587,1.0,587x587
r6k_val_img_brown_32_JPG_jpg.rf.2842d1228b860ec9a1dbcdb7ee5ed17a.jpg,587,587,1.0,587x587
r6k_val_img_brown_36_JPG_jpg.rf.a936f9aba382603d9e736e0edf0c3aa6.jpg,587,587,1.0,587x587
r6k_val_img_brown_46_jpg.rf.ef060920e263424f45c73dcd44246a7e.jpg,587,587,1.0,587x587
r6k_val_img_brown_55_jpeg_jpg.rf.98f107fa6c79b6e1b9dc0bfbee42f8e6.jpg,587,587,1.0,587x587
r6k_val_img_brown_56_jpeg_jpg.rf.8bffb9617345699570f39c5cb0415e62.jpg,587,587,1.0,587x587
r6k_val_img_brown_63_jpeg_jpg.rf.40a7a78b8b0e1dbad65c780d4f7f7967.jpg,587,587,1.0,587x587
r6k_val_img_brown_63_jpeg_jpg.rf.a2ec12e24a89c6086f6e26b62e2bdf39.jpg,587,587,1.0,587x587
r6k_val_img_brown_73_jpg.rf.edf9dec9d65d2308e64db708acaa53b2.jpg,587,587,1.0,587x587
r6k_val_rice-blast-14_jpeg_jpg.rf.e1b67817e19c03af8ce130b025331440.jpg,587,587,1.0,587x587
r6k_val_rice-blast-15_jpeg_jpg.rf.0bc2aa7a7988ff8896a11b9250bf05b6.jpg,587,587,1.0,587x587
rls_test_aug_0_1090_jpg.rf.bb58791b7bffd47b23ee88a981c693b2.jpg,640,640,1.0,640x640
rls_test_aug_0_1097_jpg.rf.42ae9fbe6a03bc41453d86812e852a8c.jpg,640,640,1.0,640x640
rls_test_aug_0_1145_jpg.rf.2bf31b606c6b5237a9480ce2fc71283d.jpg,640,640,1.0,640x640
rls_test_aug_0_1146_jpg.rf.d5f2b287c509c048a82fc825ec68d9de.jpg,640,640,1.0,640x640
rls_test_aug_0_1192_jpg.rf.8a325f1ac312414a8439373189580acd.jpg,640,640,1.0,640x640
rls_test_aug_0_1242_jpg.rf.5537ea7ca5d7c3a1e77713a78ce7f995.jpg,640,640,1.0,640x640
rls_test_aug_0_1282_jpg.rf.cb3a3040be88de69cac1ff8be8d2ca9d.jpg,640,640,1.0,640x640
rls_test_aug_0_1291_jpg.rf.efcf11976f71ca78e96af3e626045e9e.jpg,640,640,1.0,640x640
rls_test_aug_0_1326_jpg.rf.928d4f8a1d72ad205514bc50d5839be2.jpg,640,640,1.0,640x640
rls_test_aug_0_1351_jpg.rf.772cbcb6335affe6b4f1865940d6712d.jpg,640,640,1.0,640x640
rls_test_aug_0_1354_jpg.rf.f316182273868a4fbd00171636b7c9e2.jpg,640,640,1.0,640x640
rls_test_aug_0_1388_jpg.rf.8d6d614224704cdf26f7b000f1de48c4.jpg,640,640,1.0,640x640
rls_test_aug_0_1392_jpg.rf.0db403889f30ce2538352af50977b708.jpg,640,640,1.0,640x640
rls_test_aug_0_14_jpg.rf.beed736d49bb4b86638a67ec9068ebde.jpg,640,640,1.0,640x640
rls_test_aug_0_1519_jpg.rf.e15f3c9ad0d24c2c28ca1a8a54c44fcd.jpg,640,640,1.0,640x640
rls_test_aug_0_1577_jpg.rf.815f38dcfeeed6f1e20dc8e3e8d6096b.jpg,640,640,1.0,640x640
rls_test_aug_0_1582_jpg.rf.05d55c46bc3592d0cadd4b820ec17ca1.jpg,640,640,1.0,640x640
rls_test_aug_0_1583_jpg.rf.e903c39eca3cc029459d875d89cd46ce.jpg,640,640,1.0,640x640
rls_test_aug_0_1910_jpg.rf.3c588d913d8f0e0f5698e2b50e9cfd67.jpg,640,640,1.0,640x640
rls_test_aug_0_1947_jpg.rf.17c3232358aaf1111dd5aedd56269493.jpg,640,640,1.0,640x640
rls_test_aug_0_2054_jpg.rf.1c5d4d70dd9b34f0094efdb0f4545aff.jpg,640,640,1.0,640x640
rls_test_aug_0_2138_jpg.rf.a2ab254910b3ffa0d667827630b32f38.jpg,640,640,1.0,640x640
rls_test_aug_0_22_jpg.rf.9d64e0b9c1b0c2a7295f97a98fe05e6d.jpg,640,640,1.0,640x640
rls_test_aug_0_2440_jpg.rf.5aa82e7a9c2bc81dbea01b2af7b19c1a.jpg,640,640,1.0,640x640
rls_test_aug_0_3156_jpg.rf.030e6ae52726fea36ae837f33675fbb7.jpg,640,640,1.0,640x640
rls_test_aug_0_3688_jpg.rf.33e4fc1bba3e044741aaf6da642a4031.jpg,640,640,1.0,640x640
rls_test_aug_0_3711_jpg.rf.07abb2aedd232b0b266c47925aad8eb7.jpg,640,640,1.0,640x640
rls_test_aug_0_3777_jpg.rf.6965cfb956184065fbef5878850195e7.jpg,640,640,1.0,640x640
rls_test_aug_0_3891_jpg.rf.605adee41e96f0940a954b3628e587a0.jpg,640,640,1.0,640x640
rls_test_aug_0_389_jpg.rf.552b9b47b43e5f24a6f416d44b6d591c.jpg,640,640,1.0,640x640
rls_test_aug_0_402_jpg.rf.e9fda9e06aa4bf3e712497e89698c52a.jpg,640,640,1.0,640x640
rls_test_aug_0_4121_jpg.rf.a19330622eaf1a87a63b5c6db7580c3b.jpg,640,640,1.0,640x640
rls_test_aug_0_4129_jpg.rf.f3799cc415d40654e213f77053427571.jpg,640,640,1.0,640x640
rls_test_aug_0_418_jpg.rf.bb06d5d30a7ba1fbbd9d182792a839ee.jpg,640,640,1.0,640x640
rls_test_aug_0_4241_jpg.rf.b494755c3af94124a19efc5fea8fa965.jpg,640,640,1.0,640x640
rls_test_aug_0_440_jpg.rf.51b71c375f3677537053ab77e851fab7.jpg,640,640,1.0,640x640
rls_test_aug_0_4528_jpg.rf.7125354fa160d4ecdae3a62add7247fd.jpg,640,640,1.0,640x640
rls_test_aug_0_455_jpg.rf.c906531e7132099f005fc22971ef764b.jpg,640,640,1.0,640x640
rls_test_aug_0_47_jpg.rf.243ab699d102ebc74446de3b9da709f1.jpg,640,640,1.0,640x640
rls_test_aug_0_494_jpg.rf.d002d0d8a9970d6ed99768cffd3bf352.jpg,640,640,1.0,640x640
rls_test_aug_0_5204_jpg.rf.a8e94654f06e7dd64ee891f4a83038db.jpg,640,640,1.0,640x640
rls_test_aug_0_523_jpg.rf.a6bed785c218508f1dfd6233d6b19d2b.jpg,640,640,1.0,640x640
rls_test_aug_0_52_jpg.rf.45930eb1982d075f21ad8d9a63c4ba5e.jpg,640,640,1.0,640x640
rls_test_aug_0_565_jpg.rf.87505c968f3bb17ea4d8d337ea647e9b.jpg,640,640,1.0,640x640
rls_test_aug_0_576_jpg.rf.8fd6931a96d7d7da2a8f7c9dbaae63f7.jpg,640,640,1.0,640x640
rls_test_aug_0_581_jpg.rf.bcb9bea57632e3670661ef81c3cfa559.jpg,640,640,1.0,640x640
rls_test_aug_0_584_jpg.rf.d09b450d46a67d14f41e0e7afa301fe1.jpg,640,640,1.0,640x640
rls_test_aug_0_589_jpg.rf.4499c7db3d589a169095aca8ca66b855.jpg,640,640,1.0,640x640
rls_test_aug_0_626_jpg.rf.7c16e725b1537f08b54f27cfae6d02ed.jpg,640,640,1.0,640x640
rls_test_aug_0_661_jpg.rf.84da45e715d085d072acbb68fdfa58d9.jpg,640,640,1.0,640x640
rls_test_aug_0_673_jpg.rf.47900445f4979b4c6a5637dbd1b74197.jpg,640,640,1.0,640x640
rls_test_aug_0_678_jpg.rf.9755a03e2c3d1881d16660a2201bfe6b.jpg,640,640,1.0,640x640
rls_test_aug_0_7128_jpg.rf.071f6199f6b5b9443e7d7b94994d8391.jpg,640,640,1.0,640x640
rls_test_aug_0_725_jpg.rf.8a0b46c55f8d276516993d432c3c369c.jpg,640,640,1.0,640x640
rls_test_aug_0_74_jpg.rf.9f535c359635b62e56df06af5b7a8fe4.jpg,640,640,1.0,640x640
rls_test_aug_0_790_jpg.rf.c587e72355a1efead7646f68e8b36f57.jpg,640,640,1.0,640x640
rls_test_aug_0_811_jpg.rf.f4168f34a0a5bb60c014cb337834af5b.jpg,640,640,1.0,640x640
rls_test_aug_0_822_jpg.rf.dc393ef91128a2a2434c841b4f8adb53.jpg,640,640,1.0,640x640
rls_test_aug_0_835_jpg.rf.364617d910c9c829c864d2656efe4f85.jpg,640,640,1.0,640x640
rls_test_aug_0_916_jpg.rf.6658e4556d7f0f674a0d27e5f0a3a35e.jpg,640,640,1.0,640x640
rls_test_aug_0_923_jpg.rf.97704df14578a2264ff8181b6ca89366.jpg,640,640,1.0,640x640
rls_test_aug_0_925_jpg.rf.9b3b704b2df0209f21f0e66cb4b3340d.jpg,640,640,1.0,640x640
rls_test_aug_0_92_jpg.rf.d27ec3fb6814ed26aac06bb521932348.jpg,640,640,1.0,640x640
rls_test_aug_0_96_jpg.rf.15d9473c8c03a7f315e8f32169d97aad.jpg,640,640,1.0,640x640
rls_test_aug_0_986_jpg.rf.5feeb76d2d40ff28425b5f020a2de326.jpg,640,640,1.0,640x640
rls_test_IMG20201109164223_00_jpg.rf.8ac46dd8767f1b83bb2221daf2679113.jpg,640,640,1.0,640x640
rls_test_IMG20201109164302_00_jpg.rf.036d6c4f0d472df9c599b09ad1b78e4e.jpg,640,640,1.0,640x640
rls_test_IMG20201109164554_00_jpg.rf.08468ed9a7943ac8dea07cb4723e9f48.jpg,640,640,1.0,640x640
rls_test_IMG20201109164720_00_jpg.rf.381ca9f9d8eeb7e64c866d2158afc91a.jpg,640,640,1.0,640x640
rls_test_IMG20201109165002_00_jpg.rf.8da2aaa2135643b9ce486e53b64cc6a7.jpg,640,640,1.0,640x640
rls_test_IMG20201109165437_00_jpg.rf.e662183d9ba0bb1138def70183b71c23.jpg,640,640,1.0,640x640
rls_test_IMG20201109165747_00_jpg.rf.07023ea6aefecfb93fe7a5fc283eaf48.jpg,640,640,1.0,640x640
rls_test_IMG20201109165858_00_jpg.rf.df19c7005e6452ba94874738ce31f7e3.jpg,640,640,1.0,640x640
rls_test_IMG20201109181408_00_jpg.rf.203376c3ca31e8dd08d833e66aaab686.jpg,640,640,1.0,640x640
rls_test_IMG20201109181831_00_jpg.rf.183b7f9e24eb0d1c8861b0317d021d8a.jpg,640,640,1.0,640x640
rls_test_IMG20201109181837_00_jpg.rf.f2879a1c3e7af80a09f36eaace86b601.jpg,640,640,1.0,640x640
rls_test_IMG20201109181951_00_jpg.rf.74b15264ff5548d848c9307b28491aaa.jpg,640,640,1.0,640x640
rls_test_IMG20201109182314_00_jpg.rf.7f26825abc98c64b4ed99352597a1250.jpg,640,640,1.0,640x640
rls_test_IMG20201109184746_00_jpg.rf.f2f35b627e6e9298886839ade9e900f1.jpg,640,640,1.0,640x640
rls_test_IMG_20231006_165814_jpg.rf.dfb94bb96b87494cb1f883931a7b4d08.jpg,640,640,1.0,640x640
rls_train_20231006_164402_jpg.rf.1e28d781239b264ba58769db7b24d273.jpg,640,640,1.0,640x640
rls_train_20231006_165344_jpg.rf.4618ecf6f708f28ae2b1012deb997fbe.jpg,640,640,1.0,640x640
rls_train_20231006_165351_jpg.rf.6141338a5fb416dadeacfbf35198e0e7.jpg,640,640,1.0,640x640
rls_train_20231006_165351_jpg.rf.ed14f5957e0cdbfa0b9116ced2040405.jpg,640,640,1.0,640x640
rls_train_20231006_165518_jpg.rf.13e46f912ec76fd8090229281cc008bb.jpg,640,640,1.0,640x640
rls_train_20231006_165518_jpg.rf.ff5d8e2838d265645905b7d0e77a089a.jpg,640,640,1.0,640x640
rls_train_20231006_165550_jpg.rf.5940e455b9284dbde6167145deb4fc6e.jpg,640,640,1.0,640x640
rls_train_20231006_165615_jpg.rf.eeb5c4491da219fedbb64b90986a54bf.jpg,640,640,1.0,640x640
rls_train_20231006_165800_jpg.rf.eb9f8e08f5e051cd90c12c29040322a1.jpg,640,640,1.0,640x640
rls_train_20231006_170252_jpg.rf.cf4598b779103f3aa43957577707b052.jpg,640,640,1.0,640x640
rls_train_20231006_170253_jpg.rf.e2ecfe3531a2abd6d460cd3976ee1113.jpg,640,640,1.0,640x640
rls_train_aug_0_1004_jpg.rf.932e7141c09a8a1880e12a425b5143ac.jpg,640,640,1.0,640x640
rls_train_aug_0_1018_jpg.rf.a777e8fc8e7d62b50f9787123599b826.jpg,640,640,1.0,640x640
rls_train_aug_0_1018_jpg.rf.c1fb908b9a3328908ba8124360e51065.jpg,640,640,1.0,640x640
rls_train_aug_0_1027_jpg.rf.08412e7beb5f04569eb2d7ab91bf61cb.jpg,640,640,1.0,640x640
rls_train_aug_0_1034_jpg.rf.052a7ed01033d40c5afede665457fe8a.jpg,640,640,1.0,640x640
rls_train_aug_0_1036_jpg.rf.988da6ce8697dd14ac257fab13cf745d.jpg,640,640,1.0,640x640
rls_train_aug_0_1040_jpg.rf.94f82f872672b185950fb15668c2dbb1.jpg,640,640,1.0,640x640
rls_train_aug_0_1045_jpg.rf.021f0e6582503f4b0ca6a1d64671abef.jpg,640,640,1.0,640x640
rls_train_aug_0_1056_jpg.rf.0290e5fe36c67ec13f06fd31d23a9fde.jpg,640,640,1.0,640x640
rls_train_aug_0_1057_jpg.rf.59d03f16dabed5aa583420da7b42ba70.jpg,640,640,1.0,640x640
rls_train_aug_0_1057_jpg.rf.dc42f455b884c89c228891be2da15a83.jpg,640,640,1.0,640x640
rls_train_aug_0_1060_jpg.rf.7a1f95af79d21a21a151c94c4c2ea399.jpg,640,640,1.0,640x640
rls_train_aug_0_1067_jpg.rf.48e6630fddab5e9a5f38be57e5c8a0e0.jpg,640,640,1.0,640x640
rls_train_aug_0_1068_jpg.rf.446ee10f18e83e780762a7121385db1d.jpg,640,640,1.0,640x640
rls_train_aug_0_1073_jpg.rf.2d35cecc25c171ef8789e7b4b4fc8816.jpg,640,640,1.0,640x640
rls_train_aug_0_1078_jpg.rf.4d1e575dc46de3cac2c4f710d610a16c.jpg,640,640,1.0,640x640
rls_train_aug_0_1090_jpg.rf.62c32a43eddf2f8dd98b3de5f8855aa1.jpg,640,640,1.0,640x640
rls_train_aug_0_1090_jpg.rf.ddbd66cbb63c3ef17efad451fb701fb0.jpg,640,640,1.0,640x640
rls_train_aug_0_110_jpg.rf.197afc13cf8b48210a7fca63687128c0.jpg,640,640,1.0,640x640
rls_train_aug_0_110_jpg.rf.97cea3eec185c712e26ebb28a96e84fa.jpg,640,640,1.0,640x640
rls_train_aug_0_1110_jpg.rf.bac8c673fcc58b86dabf67984366dd08.jpg,640,640,1.0,640x640
rls_train_aug_0_1149_jpg.rf.ad94ac2eebdeee951162ca6fa518b58d.jpg,640,640,1.0,640x640
rls_train_aug_0_1160_jpg.rf.4a56767cfebc2c2f970562dc1acb2455.jpg,640,640,1.0,640x640
rls_train_aug_0_1164_jpg.rf.5513f34156e34df973ca2d0ac649e104.jpg,640,640,1.0,640x640
rls_train_aug_0_1164_jpg.rf.6bfd74881f67d682fccdea2b7b1fa25a.jpg,640,640,1.0,640x640
rls_train_aug_0_117_jpg.rf.502793d39e64e6c01dd0fabf9b541909.jpg,640,640,1.0,640x640
rls_train_aug_0_1181_jpg.rf.9fbccab08b1d10e9e213d18c549fcc50.jpg,640,640,1.0,640x640
rls_train_aug_0_1184_jpg.rf.24041ef6b17dde025398e765a3433db4.jpg,640,640,1.0,640x640
rls_train_aug_0_1184_jpg.rf.7005cab5d73f33544d8508aef665fb23.jpg,640,640,1.0,640x640
rls_train_aug_0_1184_jpg.rf.712afa44b2071652d114523c033eeb52.jpg,640,640,1.0,640x640
rls_train_aug_0_1186_jpg.rf.d202728ba23da8ade9697346a1749579.jpg,640,640,1.0,640x640
rls_train_aug_0_1187_jpg.rf.3e833e61ef8662a6edcdfe61e7b3a39c.jpg,640,640,1.0,640x640
rls_train_aug_0_1189_jpg.rf.8649f1411d5c03a56df894a227d50174.jpg,640,640,1.0,640x640
rls_train_aug_0_1200_jpg.rf.ca534c46a29241cfdc78ad67dce499d5.jpg,640,640,1.0,640x640
rls_train_aug_0_1202_jpg.rf.d53a1f36c07e1c60e995e30761eae945.jpg,640,640,1.0,640x640
rls_train_aug_0_1203_jpg.rf.833679aa16f3864567acbd66e700bfe0.jpg,640,640,1.0,640x640
rls_train_aug_0_1226_jpg.rf.9e3a4c97f8b9807505d37c906f1f50ce.jpg,640,640,1.0,640x640
rls_train_aug_0_1234_jpg.rf.2ca0eb7fb91bbd9cac65a2423930bb74.jpg,640,640,1.0,640x640
rls_train_aug_0_1235_jpg.rf.8216254aab7d435791208a0e998b31f9.jpg,640,640,1.0,640x640
rls_train_aug_0_1235_jpg.rf.9226209d309c87215e4a382f9e5d8886.jpg,640,640,1.0,640x640
rls_train_aug_0_1236_jpg.rf.e560571b74d8f7d22f165d611985c599.jpg,640,640,1.0,640x640
rls_train_aug_0_123_jpg.rf.43fbfe8e0ed09193a2be7bf215201899.jpg,640,640,1.0,640x640
rls_train_aug_0_1243_jpg.rf.ef1cb29fde2193859714a7dbe5dcbd39.jpg,640,640,1.0,640x640
rls_train_aug_0_1279_jpg.rf.488bc040ba5343180b7e45f664cabf16.jpg,640,640,1.0,640x640
rls_train_aug_0_1292_jpg.rf.6fb96a0162f7e68834270af5ba389e21.jpg,640,640,1.0,640x640
rls_train_aug_0_1295_jpg.rf.0eb8657005b2d79cb71d151cae02a035.jpg,640,640,1.0,640x640
rls_train_aug_0_1295_jpg.rf.1ecc24309b4d0c37e5b70004ffacab39.jpg,640,640,1.0,640x640
rls_train_aug_0_1313_jpg.rf.3a13488aa864c291c486a340416743fe.jpg,640,640,1.0,640x640
rls_train_aug_0_1319_jpg.rf.c27da9323408a00363a57ac80d77815e.jpg,640,640,1.0,640x640
rls_train_aug_0_1342_jpg.rf.e31a5cf36a99b6772dd21cd28147cb32.jpg,640,640,1.0,640x640
rls_train_aug_0_1348_jpg.rf.2415b3f68fe335315bc3c040d75c48cd.jpg,640,640,1.0,640x640
rls_train_aug_0_1353_jpg.rf.711792afd5c2e4f833ac8cd3afd39a30.jpg,640,640,1.0,640x640
rls_train_aug_0_1368_jpg.rf.33b024e59817bb74f85463c3d615f63d.jpg,640,640,1.0,640x640
rls_train_aug_0_1369_jpg.rf.a20e8e02d08933819910d204dbd30e34.jpg,640,640,1.0,640x640
rls_train_aug_0_1391_jpg.rf.c6e5cac600e439abe8b51c8ac57ddfbc.jpg,640,640,1.0,640x640
rls_train_aug_0_1393_jpg.rf.d1e5845ee5d1af8c5e56b1624d4e1dbe.jpg,640,640,1.0,640x640
rls_train_aug_0_1396_jpg.rf.628e74230548216b77efcf355d1ae641.jpg,640,640,1.0,640x640
rls_train_aug_0_1405_jpg.rf.b028df3c8d8b589884e64896a7a6ec4f.jpg,640,640,1.0,640x640
rls_train_aug_0_1409_jpg.rf.cfcc4ea9d432cc74c788a6caa16e2caa.jpg,640,640,1.0,640x640
rls_train_aug_0_1411_jpg.rf.2fa2bc2e3dc77bd0ab222709ab42fe58.jpg,640,640,1.0,640x640
rls_train_aug_0_1411_jpg.rf.d490fee35e8cce4b9d8b1dbb3161027f.jpg,640,640,1.0,640x640
rls_train_aug_0_1417_jpg.rf.9e8b593b1ad5ba26c6cf4af74222345b.jpg,640,640,1.0,640x640
rls_train_aug_0_1418_jpg.rf.77eafcfc40737f0d2aec24eef134a5d9.jpg,640,640,1.0,640x640
rls_train_aug_0_1427_jpg.rf.1d202704ec78f210940ec1876ed26b37.jpg,640,640,1.0,640x640
rls_train_aug_0_1436_jpg.rf.b40700ef9274e4746ef0a309f3b4e3a6.jpg,640,640,1.0,640x640
rls_train_aug_0_1441_jpg.rf.f7eea302abca80079fd71b96680fcf13.jpg,640,640,1.0,640x640
rls_train_aug_0_1449_jpg.rf.2fc64e368ac941751d9764508facd627.jpg,640,640,1.0,640x640
rls_train_aug_0_1465_jpg.rf.76561256756f88f5f4cc80d31f096db3.jpg,640,640,1.0,640x640
rls_train_aug_0_1466_jpg.rf.622c150820c6273d6e48b9abb508b579.jpg,640,640,1.0,640x640
rls_train_aug_0_1466_jpg.rf.e98e56a9800022b9b248191a3cddf6e4.jpg,640,640,1.0,640x640
rls_train_aug_0_146_jpg.rf.c97f7a967598799eea24c11217ce255c.jpg,640,640,1.0,640x640
rls_train_aug_0_1482_jpg.rf.b795252cf582ed6d3804df2f62cce22c.jpg,640,640,1.0,640x640
rls_train_aug_0_148_jpg.rf.75693e5010f8597aa933c5ac9bb4023b.jpg,640,640,1.0,640x640
rls_train_aug_0_151_jpg.rf.694488bd7478f5bd68f30f2b10b72008.jpg,640,640,1.0,640x640
rls_train_aug_0_152_jpg.rf.54c397e48d9576946488e9531f0ecfe6.jpg,640,640,1.0,640x640
rls_train_aug_0_153_jpg.rf.d02bd2f1cc8d73078e48ed56df74641c.jpg,640,640,1.0,640x640
rls_train_aug_0_1552_jpg.rf.ba010d2252c9e9332948bafc841e0538.jpg,640,640,1.0,640x640
rls_train_aug_0_1559_jpg.rf.580e938a32b2163bc5413fd3d951dc9a.jpg,640,640,1.0,640x640
rls_train_aug_0_1571_jpg.rf.88fba47cd0c017431a611e6383dbbd4e.jpg,640,640,1.0,640x640
rls_train_aug_0_1584_jpg.rf.4b080184e0a26bae1b30e82363e000fd.jpg,640,640,1.0,640x640
rls_train_aug_0_1584_jpg.rf.8cbee748a2c1a5f05109eacdb6c22b27.jpg,640,640,1.0,640x640
rls_train_aug_0_1593_jpg.rf.d42cf2949e8a8ebbc2cf1ef0745025d7.jpg,640,640,1.0,640x640
rls_train_aug_0_1596_jpg.rf.d137536b523537c8376224052ee37400.jpg,640,640,1.0,640x640
rls_train_aug_0_1599_jpg.rf.7fe47095f33ff7209805497d5b3cacb0.jpg,640,640,1.0,640x640
rls_train_aug_0_1599_jpg.rf.ab46460fe0e38f3ed70bd721abbab9b4.jpg,640,640,1.0,640x640
rls_train_aug_0_1624_jpg.rf.f51f0db18bab48ba228dd14eb2ef114b.jpg,640,640,1.0,640x640
rls_train_aug_0_1626_jpg.rf.0a19910fbef7f50d83a55f07890035b1.jpg,640,640,1.0,640x640
rls_train_aug_0_1655_jpg.rf.e2dc31aca515c8db0ed8c88c7709fc53.jpg,640,640,1.0,640x640
rls_train_aug_0_1679_jpg.rf.6aa41f28cec0e067d0b87e17634dce61.jpg,640,640,1.0,640x640
rls_train_aug_0_1688_jpg.rf.9dda1f885fd3de391cf01b98761d0175.jpg,640,640,1.0,640x640
rls_train_aug_0_1692_jpg.rf.b9db6cea500948a804db12eccfef39c9.jpg,640,640,1.0,640x640
rls_train_aug_0_1701_jpg.rf.2b4aaaefcdf0319b3976476c7c951048.jpg,640,640,1.0,640x640
rls_train_aug_0_1709_jpg.rf.7aa31168f968053fa1d19cf6f9b46153.jpg,640,640,1.0,640x640
rls_train_aug_0_1734_jpg.rf.a8e1cc6d6079d575a12d3d68ec1f5e43.jpg,640,640,1.0,640x640
rls_train_aug_0_1735_jpg.rf.8492698ff8a13f03dae0273a520822f2.jpg,640,640,1.0,640x640
rls_train_aug_0_1828_jpg.rf.48761884246d6528239cb6ec6f58def4.jpg,640,640,1.0,640x640
rls_train_aug_0_1831_jpg.rf.b94e82b90a04088371496104d07a2838.jpg,640,640,1.0,640x640
rls_train_aug_0_1838_jpg.rf.6d178c203a52b08a713f62a0200a45be.jpg,640,640,1.0,640x640
rls_train_aug_0_1838_jpg.rf.9cd6c8d2cf59229c926604738a72e076.jpg,640,640,1.0,640x640
rls_train_aug_0_1848_jpg.rf.a24ff7564692a1d84b697a4c820ee752.jpg,640,640,1.0,640x640
rls_train_aug_0_1883_jpg.rf.fb780482fbbbfe2adb5778090871a590.jpg,640,640,1.0,640x640
rls_train_aug_0_1898_jpg.rf.5aaa910e2177a0f2e9a61c5b5167cea7.jpg,640,640,1.0,640x640
rls_train_aug_0_18_jpg.rf.2b1f5c143c9f05d599ce59e51332d77e.jpg,640,640,1.0,640x640
rls_train_aug_0_18_jpg.rf.5f3376bfcacad34bb8cb4f67e0998856.jpg,640,640,1.0,640x640
rls_train_aug_0_1928_jpg.rf.c88c030ce48111244e9aa88a6776d0ee.jpg,640,640,1.0,640x640
rls_train_aug_0_1932_jpg.rf.3612ab692d26a38319cd44b1d5c95822.jpg,640,640,1.0,640x640
rls_train_aug_0_1932_jpg.rf.85d3e7a0c10ce8102dddece29037b6b4.jpg,640,640,1.0,640x640
rls_train_aug_0_1957_jpg.rf.9afda9db6dcbeb31aea7f308f7809dea.jpg,640,640,1.0,640x640
rls_train_aug_0_195_jpg.rf.093717fd1fa0f75407db5a16b1a6068b.jpg,640,640,1.0,640x640
rls_train_aug_0_1961_jpg.rf.d42a7ae1f37a989570bc3d9101f232aa.jpg,640,640,1.0,640x640
rls_train_aug_0_1964_jpg.rf.289986b465ad53400559ee1c4435c4ac.jpg,640,640,1.0,640x640
rls_train_aug_0_1964_jpg.rf.97e8c9131e3dd327da41c10210dc70c4.jpg,640,640,1.0,640x640
rls_train_aug_0_1965_jpg.rf.762c3b9ecc6697e5660869209bca8599.jpg,640,640,1.0,640x640
rls_train_aug_0_199_jpg.rf.171a9d080eea44bf362c0035a7391efe.jpg,640,640,1.0,640x640
rls_train_aug_0_2043_jpg.rf.e7a3075b8676b3440ff6e14987a3b6b6.jpg,640,640,1.0,640x640
rls_train_aug_0_2049_jpg.rf.7951a6de1a1e704cdd92a7d712cd6506.jpg,640,640,1.0,640x640
rls_train_aug_0_2055_jpg.rf.4e58dd7c145263ac5ac78d9ae68b8ced.jpg,640,640,1.0,640x640
rls_train_aug_0_2063_jpg.rf.d5df3786f0509d1d8fe5584f70abe014.jpg,640,640,1.0,640x640
rls_train_aug_0_2066_jpg.rf.286e83791cdad63e033028a57ec28ec4.jpg,640,640,1.0,640x640
rls_train_aug_0_2076_jpg.rf.3a2c06ca570311c46af02738a1d19fdf.jpg,640,640,1.0,640x640
rls_train_aug_0_2077_jpg.rf.c42cdd21c897d01809a95b68e636dd94.jpg,640,640,1.0,640x640
rls_train_aug_0_207_jpg.rf.6565b5025e8c047af0239c147734812f.jpg,640,640,1.0,640x640
rls_train_aug_0_2082_jpg.rf.2aec2977dde1f1652ed74531ecfea1e6.jpg,640,640,1.0,640x640
rls_train_aug_0_2086_jpg.rf.d5dd1850f1676e5c312f56090e2f12c9.jpg,640,640,1.0,640x640
rls_train_aug_0_2095_jpg.rf.3cf914c92b2b5f83a04307285efb4d4d.jpg,640,640,1.0,640x640
rls_train_aug_0_213_jpg.rf.d465863fd7b5e4218c9a99b0d06eeb4a.jpg,640,640,1.0,640x640
rls_train_aug_0_2145_jpg.rf.43c935b2c7fed4382a58a18595a32756.jpg,640,640,1.0,640x640
rls_train_aug_0_2166_jpg.rf.ff14b494a22ebb46db803266bf7414d3.jpg,640,640,1.0,640x640
rls_train_aug_0_2168_jpg.rf.81ea1a5e77e6dc12f83e7d8d08dc214a.jpg,640,640,1.0,640x640
rls_train_aug_0_2170_jpg.rf.d1ffe60c61b3673d1aea353112c06b2a.jpg,640,640,1.0,640x640
rls_train_aug_0_2192_jpg.rf.2bcb9e8fc5af554181a00c7b52bf9239.jpg,640,640,1.0,640x640
rls_train_aug_0_2221_jpg.rf.384452423d5724e5458c5ff1fc762d97.jpg,640,640,1.0,640x640
rls_train_aug_0_2227_jpg.rf.fa3632a7058e401d7724e307dfd32ebd.jpg,640,640,1.0,640x640
rls_train_aug_0_222_jpg.rf.24d2ea85a5da6a7039f7b8c0c5e01f95.jpg,640,640,1.0,640x640
rls_train_aug_0_222_jpg.rf.8363d7a5866a0ab37566ffba8256e897.jpg,640,640,1.0,640x640
rls_train_aug_0_225_jpg.rf.ff7ef8e1ad32eec15436ededf050ab96.jpg,640,640,1.0,640x640
rls_train_aug_0_2300_jpg.rf.25352ccf62a444ec67a0d3c7cf8eddbc.jpg,640,640,1.0,640x640
rls_train_aug_0_230_jpg.rf.89fc84d7b716237456baa80aaa458a20.jpg,640,640,1.0,640x640
rls_train_aug_0_231_jpg.rf.e9ed5e233a412f9f6e3add6bd3f0b050.jpg,640,640,1.0,640x640
rls_train_aug_0_2322_jpg.rf.382a741981adeb6b6f7e7c625841eb8c.jpg,640,640,1.0,640x640
rls_train_aug_0_2324_jpg.rf.77b5f7a9dc209fc2cabeec66f164fef5.jpg,640,640,1.0,640x640
rls_train_aug_0_2324_jpg.rf.b8648de4eb6a8d7c114a993c7300668b.jpg,640,640,1.0,640x640
rls_train_aug_0_2327_jpg.rf.6b1d6cc17ebc3e7bc6bb2b1af0ca1f70.jpg,640,640,1.0,640x640
rls_train_aug_0_2328_jpg.rf.cd5965b5cf1775fee97462a5f27577db.jpg,640,640,1.0,640x640
rls_train_aug_0_2378_jpg.rf.b4366dc1026739907cdcf309f8f1e9e3.jpg,640,640,1.0,640x640
rls_train_aug_0_237_jpg.rf.e331b3dcd0d761a44c2fb08ddbb386b8.jpg,640,640,1.0,640x640
rls_train_aug_0_2386_jpg.rf.b3daf9178c3794d595c640cd671d0d47.jpg,640,640,1.0,640x640
rls_train_aug_0_2386_jpg.rf.df74800a246a74fd56027ff3e742172e.jpg,640,640,1.0,640x640
rls_train_aug_0_2387_jpg.rf.20d808dbe163c5a9e542a2777bf18def.jpg,640,640,1.0,640x640
rls_train_aug_0_2442_jpg.rf.3ea784e2626a91de1e413c728f6e5b0d.jpg,640,640,1.0,640x640
rls_train_aug_0_2442_jpg.rf.a581770748f9ce2dd74985c7982100c3.jpg,640,640,1.0,640x640
rls_train_aug_0_2444_jpg.rf.2ecfb6ab7f1cfc6e9e428cb41ee47332.jpg,640,640,1.0,640x640
rls_train_aug_0_2456_jpg.rf.a93f21b507c5ff3916cdd739db5bff77.jpg,640,640,1.0,640x640
rls_train_aug_0_2459_jpg.rf.f249524e75c08bec8ee5f3285e95be35.jpg,640,640,1.0,640x640
rls_train_aug_0_247_jpg.rf.2f8083d17ea61a5a30edb03469f460e0.jpg,640,640,1.0,640x640
rls_train_aug_0_247_jpg.rf.4f626aad1ed7520dd7b3803918fe6168.jpg,640,640,1.0,640x640
rls_train_aug_0_249_jpg.rf.eebbf69f45423f9e6b1c6fb72420fbdb.jpg,640,640,1.0,640x640
rls_train_aug_0_2503_jpg.rf.9a5ea657ff40c3e17ecc389ce405bb24.jpg,640,640,1.0,640x640
rls_train_aug_0_2504_jpg.rf.276c606771c1cabbd8037e68da0d5468.jpg,640,640,1.0,640x640
rls_train_aug_0_2504_jpg.rf.b7206a652d79152a1c68323b3ce7b09d.jpg,640,640,1.0,640x640
rls_train_aug_0_2516_jpg.rf.2ac5cba6d988da8c8a5debbf61bfa07d.jpg,640,640,1.0,640x640
rls_train_aug_0_2586_jpg.rf.9a9a0f7a358a0a2dd093fa8e9006267b.jpg,640,640,1.0,640x640
rls_train_aug_0_2589_jpg.rf.2adf55e53887e60e5a43cd4a9594c58e.jpg,640,640,1.0,640x640
rls_train_aug_0_2589_jpg.rf.96f79bb6c075145c7e9aef8d33fe9a1b.jpg,640,640,1.0,640x640
rls_train_aug_0_2594_jpg.rf.15b7fe05a44ced8fe141c2d26540232d.jpg,640,640,1.0,640x640
rls_train_aug_0_25_jpg.rf.ce2500093feeca0ab54b93379bdb61ac.jpg,640,640,1.0,640x640
rls_train_aug_0_25_jpg.rf.d9251f78aad52c2c4ac2dc23d0a3cc2a.jpg,640,640,1.0,640x640
rls_train_aug_0_2605_jpg.rf.52549e2d41c5bf89471df9485df4213b.jpg,640,640,1.0,640x640
rls_train_aug_0_2641_jpg.rf.84e9663d3aa8a422c10cdab60f2e1ac8.jpg,640,640,1.0,640x640
rls_train_aug_0_2678_jpg.rf.3a21e45080a6f9c11a5640e51904ba90.jpg,640,640,1.0,640x640
rls_train_aug_0_2679_jpg.rf.1994691adfdbd44d425f10ea2d6275d3.jpg,640,640,1.0,640x640
rls_train_aug_0_2679_jpg.rf.c8bcff609e1bf57c340ad454168427ba.jpg,640,640,1.0,640x640
rls_train_aug_0_2682_jpg.rf.50f62d23fcf7f6589c9aac306c8ace28.jpg,640,640,1.0,640x640
rls_train_aug_0_2716_jpg.rf.f012fd7679282e78e9746480e23f8ba1.jpg,640,640,1.0,640x640
rls_train_aug_0_2721_jpg.rf.e35f81f8e2c7e309fd23226af143bdb8.jpg,640,640,1.0,640x640
rls_train_aug_0_2728_jpg.rf.f722ad89f2e938c4c873441e10a2fc93.jpg,640,640,1.0,640x640
rls_train_aug_0_2732_jpg.rf.a192b1ddcbe8d4badee473e4f6a5b2cf.jpg,640,640,1.0,640x640
rls_train_aug_0_2732_jpg.rf.dc56de26680007b8a4b997ebf1234c35.jpg,640,640,1.0,640x640
rls_train_aug_0_2737_jpg.rf.101392b8d84468adf4b1181912964783.jpg,640,640,1.0,640x640
rls_train_aug_0_2774_jpg.rf.1e9c98ed1cf8530cb22dc52869b66a8e.jpg,640,640,1.0,640x640
rls_train_aug_0_2821_jpg.rf.ee11c25a55d842b2160761c7f70bcca9.jpg,640,640,1.0,640x640
rls_train_aug_0_2822_jpg.rf.5b531e7e3eb43f8535fe1c8cf18511a2.jpg,640,640,1.0,640x640
rls_train_aug_0_2827_jpg.rf.2e471067aeb37082a3541b3806ae0658.jpg,640,640,1.0,640x640
rls_train_aug_0_2835_jpg.rf.1bc09f0c16f6a4c4f0659c176d4ef9bb.jpg,640,640,1.0,640x640
rls_train_aug_0_2845_jpg.rf.b4d33a56f5ceaa8ab8c4e6030183ce85.jpg,640,640,1.0,640x640
rls_train_aug_0_2853_jpg.rf.ec4bed0a41d5b13e3fa4b30252b0bf63.jpg,640,640,1.0,640x640
rls_train_aug_0_2856_jpg.rf.5b26904a14c1eba454ef509c7f152805.jpg,640,640,1.0,640x640
rls_train_aug_0_2867_jpg.rf.7c1c47c39251c05ca50ef65d89881296.jpg,640,640,1.0,640x640
rls_train_aug_0_2869_jpg.rf.76025f2131465084b98de6ae56319770.jpg,640,640,1.0,640x640
rls_train_aug_0_2870_jpg.rf.2812c1ea3c58e9769b4b92cf4bc60242.jpg,640,640,1.0,640x640
rls_train_aug_0_2993_jpg.rf.6a36413e36e6286be3a5bf569b63c639.jpg,640,640,1.0,640x640
rls_train_aug_0_301_jpg.rf.f7fa274dff0076020eae3bd2c163192c.jpg,640,640,1.0,640x640
rls_train_aug_0_3059_jpg.rf.c5b41cc9baec2f490e700dfd5266056d.jpg,640,640,1.0,640x640
rls_train_aug_0_3079_jpg.rf.1b7aa6954af85a5766f84d6b07fd06ee.jpg,640,640,1.0,640x640
rls_train_aug_0_3087_jpg.rf.852d93e59287c3782da5ca31c5920c2c.jpg,640,640,1.0,640x640
rls_train_aug_0_3114_jpg.rf.10b1cb9f8ebb58de37b163b70e297b4e.jpg,640,640,1.0,640x640
rls_train_aug_0_3114_jpg.rf.8711a11888f14952218c89360accc84f.jpg,640,640,1.0,640x640
rls_train_aug_0_3117_jpg.rf.373b7820fbf02dbc1f0342bfef8fbaaf.jpg,640,640,1.0,640x640
rls_train_aug_0_3117_jpg.rf.5d7f07752e81f52c66ba7bff1fc7a874.jpg,640,640,1.0,640x640
rls_train_aug_0_3128_jpg.rf.cb95b7ddb48f6658aca2f97a58a0d4d9.jpg,640,640,1.0,640x640
rls_train_aug_0_3132_jpg.rf.caa4f5a818cf247d2156cf59c7b6e655.jpg,640,640,1.0,640x640
rls_train_aug_0_3143_jpg.rf.e7448f7bb07524c80378064791fd5807.jpg,640,640,1.0,640x640
rls_train_aug_0_3149_jpg.rf.d5307b8d9e895dc7df690dadb31c42d8.jpg,640,640,1.0,640x640
rls_train_aug_0_316_jpg.rf.5658aba20414134e889f974522d925da.jpg,640,640,1.0,640x640
rls_train_aug_0_3195_jpg.rf.236e711fba9b1faca62068412ed27854.jpg,640,640,1.0,640x640
rls_train_aug_0_3199_jpg.rf.cc9096980882d9238411ae679b77d2d3.jpg,640,640,1.0,640x640
rls_train_aug_0_3203_jpg.rf.317cf403dea1f32be8d3edc035066cce.jpg,640,640,1.0,640x640
rls_train_aug_0_321_jpg.rf.5419bc098d141aaff92d5d22f021da97.jpg,640,640,1.0,640x640
rls_train_aug_0_3269_jpg.rf.615b136eefb306198f46ff25c71bfe98.jpg,640,640,1.0,640x640
rls_train_aug_0_3269_jpg.rf.e3dacd75ed64a0c0da0b3b57c68d01f1.jpg,640,640,1.0,640x640
rls_train_aug_0_327_jpg.rf.40f27e3e9bb56558b4d38326141276e3.jpg,640,640,1.0,640x640
rls_train_aug_0_327_jpg.rf.d6db2569ba07481dbb8f0cdaa929adec.jpg,640,640,1.0,640x640
rls_train_aug_0_3284_jpg.rf.bdbe66f99b99ad18b01d131ac1d988ff.jpg,640,640,1.0,640x640
rls_train_aug_0_3284_jpg.rf.ce99b7b365f0f523b712237a32fc51f2.jpg,640,640,1.0,640x640
rls_train_aug_0_3293_jpg.rf.dfaec3b982ca54edd084c3765a9c2f71.jpg,640,640,1.0,640x640
rls_train_aug_0_32_jpg.rf.fc8461e70343d2b9ae375300651515d2.jpg,640,640,1.0,640x640
rls_train_aug_0_3306_jpg.rf.5641fd2f65bcb442375eeca16068aa90.jpg,640,640,1.0,640x640
rls_train_aug_0_3307_jpg.rf.3791555a00b3e4c051b68f0616332ac1.jpg,640,640,1.0,640x640
rls_train_aug_0_3308_jpg.rf.b36d60697b8925f97fdd130f1c08a32a.jpg,640,640,1.0,640x640
rls_train_aug_0_331_jpg.rf.d041c525f6eb0ffd1338b46b8b26adac.jpg,640,640,1.0,640x640
rls_train_aug_0_331_jpg.rf.d466ef780aa53560085b8ad64333d499.jpg,640,640,1.0,640x640
rls_train_aug_0_3325_jpg.rf.2f8071182cf20969b349d3790d69d6ce.jpg,640,640,1.0,640x640
rls_train_aug_0_3332_jpg.rf.8eae04337f9e30bcb9b25be7e96cc747.jpg,640,640,1.0,640x640
rls_train_aug_0_3346_jpg.rf.f7285c4ec4f11122064a6a9d9ff79568.jpg,640,640,1.0,640x640
rls_train_aug_0_334_jpg.rf.6b84e1457b656f9e4b1f09fd5ea8c9f5.jpg,640,640,1.0,640x640
rls_train_aug_0_3352_jpg.rf.b196bc5cfaa901f2c4b976f0eb3bc660.jpg,640,640,1.0,640x640
rls_train_aug_0_3369_jpg.rf.ba6df504050ec85422267181dbabba7d.jpg,640,640,1.0,640x640
rls_train_aug_0_3370_jpg.rf.16bc1b2f9d1a1ec60766fb8d52bdd5e0.jpg,640,640,1.0,640x640
rls_train_aug_0_3370_jpg.rf.61bfe2594ca0b42ece229758a09c27f6.jpg,640,640,1.0,640x640
rls_train_aug_0_344_jpg.rf.174fa1049e48a1d4d8b3193a0cdd4b4f.jpg,640,640,1.0,640x640
rls_train_aug_0_344_jpg.rf.7c91fee517d4fcb11ba360005b6ab8d4.jpg,640,640,1.0,640x640
rls_train_aug_0_3461_jpg.rf.765c2b9b74585d5875731e09f0c209ba.jpg,640,640,1.0,640x640
rls_train_aug_0_3461_jpg.rf.79cfa07882c5e3f1f86a3ba0cfc8ddb7.jpg,640,640,1.0,640x640
rls_train_aug_0_3461_jpg.rf.ad7b48a10ae1c1b8b46f2367a6accc0b.jpg,640,640,1.0,640x640
rls_train_aug_0_3493_jpg.rf.27d5bf20ab5222248416dec706c2b481.jpg,640,640,1.0,640x640
rls_train_aug_0_349_jpg.rf.893601bedbb586004ec6eea04dac3f4a.jpg,640,640,1.0,640x640
rls_train_aug_0_34_jpg.rf.ab8f9c4f88535a62e05829c66cf18815.jpg,640,640,1.0,640x640
rls_train_aug_0_34_jpg.rf.ded0bbe430b0bb23c10f082be17d59f0.jpg,640,640,1.0,640x640
rls_train_aug_0_3502_jpg.rf.fbfc10203818c230933ef6735bc02cb5.jpg,640,640,1.0,640x640
rls_train_aug_0_3543_jpg.rf.94a6bf5c7168da7ee121fc9d215feeac.jpg,640,640,1.0,640x640
rls_train_aug_0_3573_jpg.rf.a9a60a5d06a2cf1813c0d89e337cfce6.jpg,640,640,1.0,640x640
rls_train_aug_0_3584_jpg.rf.601035b1f7a4e5fdcbb2397bf502d098.jpg,640,640,1.0,640x640
rls_train_aug_0_3589_jpg.rf.e38953d709a4045caaf3de677067e413.jpg,640,640,1.0,640x640
rls_train_aug_0_35_jpg.rf.bd1acda5b098aecc325dd54154158aec.jpg,640,640,1.0,640x640
rls_train_aug_0_3608_jpg.rf.051ee434190344071eda68adfb467878.jpg,640,640,1.0,640x640
rls_train_aug_0_361_jpg.rf.850fff82a5c8934f6475621fd0292f15.jpg,640,640,1.0,640x640
rls_train_aug_0_362_jpg.rf.d1440dda1cb457b79d0989ebf5b5464c.jpg,640,640,1.0,640x640
rls_train_aug_0_3652_jpg.rf.5910c7fcb261f1ea0e93fb7efb1b3ab7.jpg,640,640,1.0,640x640
rls_train_aug_0_365_jpg.rf.7cc7c6386b92f5490dbbe538b2ebb60b.jpg,640,640,1.0,640x640
rls_train_aug_0_368_jpg.rf.aafdb13f2a883cbf0ce4e4ea00b516cf.jpg,640,640,1.0,640x640
rls_train_aug_0_3718_jpg.rf.64b1c8a4b65051c2ed7b2a05504bae33.jpg,640,640,1.0,640x640
rls_train_aug_0_3734_jpg.rf.958372478a21c889c6f9ab902f6cadb2.jpg,640,640,1.0,640x640
rls_train_aug_0_3757_jpg.rf.becb92488a043b0dc27252e3f57310e0.jpg,640,640,1.0,640x640
rls_train_aug_0_3759_jpg.rf.a5510ef6bfc59a741a01a1177fda25cb.jpg,640,640,1.0,640x640
rls_train_aug_0_3811_jpg.rf.004c15df8bd8ee85b1f4d691e26228c9.jpg,640,640,1.0,640x640
rls_train_aug_0_3848_jpg.rf.8746391509d5c0244344f7c6e7977b7e.jpg,640,640,1.0,640x640
rls_train_aug_0_3863_jpg.rf.2e7790a1f4766815d3f1acf0fde334e3.jpg,640,640,1.0,640x640
rls_train_aug_0_3867_jpg.rf.6763b818f7025ae0a4cef4a0d903ee82.jpg,640,640,1.0,640x640
rls_train_aug_0_3868_jpg.rf.1edaf3b57ddea30532ce11a2dba71c7b.jpg,640,640,1.0,640x640
rls_train_aug_0_3916_jpg.rf.af9c4f5a5be74cbe36bf7ed38d201ca8.jpg,640,640,1.0,640x640
rls_train_aug_0_3916_jpg.rf.b3918703681d91941556d49c65886b28.jpg,640,640,1.0,640x640
rls_train_aug_0_3922_jpg.rf.bb0625cbffe33778113cb7c43158898d.jpg,640,640,1.0,640x640
rls_train_aug_0_3933_jpg.rf.49bc458bd2c1debd666df3c6c10f4661.jpg,640,640,1.0,640x640
rls_train_aug_0_394_jpg.rf.78a65c5fd1bad67d4dd3e5a6deca6350.jpg,640,640,1.0,640x640
rls_train_aug_0_394_jpg.rf.c73459443aa4053dfb38368cbce320a6.jpg,640,640,1.0,640x640
rls_train_aug_0_394_jpg.rf.e8a642b82ac625ec62d795d0d013393d.jpg,640,640,1.0,640x640
rls_train_aug_0_399_jpg.rf.cae6bc79374514ec9903babb1cbd0db7.jpg,640,640,1.0,640x640
rls_train_aug_0_39_jpg.rf.d0fe8a74b80d954dda3b5aca32fe982b.jpg,640,640,1.0,640x640
rls_train_aug_0_4003_jpg.rf.7e4edbaeb3caf9b42867b259186e4412.jpg,640,640,1.0,640x640
rls_train_aug_0_4010_jpg.rf.3d074a25b743e8d975caa82e098f1c1b.jpg,640,640,1.0,640x640
rls_train_aug_0_405_jpg.rf.3b3d9a043ed5daf6ce376f3daf6d47d0.jpg,640,640,1.0,640x640
rls_train_aug_0_405_jpg.rf.e8767ab8f07e40be566c62814a9bcbc1.jpg,640,640,1.0,640x640
rls_train_aug_0_4096_jpg.rf.f6e5c9b86cadc2aefed54fafe33201e9.jpg,640,640,1.0,640x640
rls_train_aug_0_409_jpg.rf.b997cc3196ffcb76cd9ddd4028044d3b.jpg,640,640,1.0,640x640
rls_train_aug_0_4109_jpg.rf.b48efc600d45f9550074327f24bac477.jpg,640,640,1.0,640x640
rls_train_aug_0_411_jpg.rf.7eb81071a86f7e1668f6e2c6a5d6a77a.jpg,640,640,1.0,640x640
rls_train_aug_0_4146_jpg.rf.b7e6c5b6175ba75ac2c36cc63bc40834.jpg,640,640,1.0,640x640
rls_train_aug_0_4150_jpg.rf.6c75c1ed3d4467ec1dd37f3191252d5d.jpg,640,640,1.0,640x640
rls_train_aug_0_417_jpg.rf.44ce63061d24ddcb95f5628e9638f0fa.jpg,640,640,1.0,640x640
rls_train_aug_0_41_jpg.rf.2044a1a7aa739079b996f248c1bf499c.jpg,640,640,1.0,640x640
rls_train_aug_0_4236_jpg.rf.3d7b0b4163b0f85ec7c7e5de67810b2b.jpg,640,640,1.0,640x640
rls_train_aug_0_4236_jpg.rf.5bcda1baa9b6ccbc0ad7a43d98691e45.jpg,640,640,1.0,640x640
rls_train_aug_0_4236_jpg.rf.6cc9d4ed4e501e2a899aec2725fd193c.jpg,640,640,1.0,640x640
rls_train_aug_0_423_jpg.rf.8a525584443de4da77608b0e2d43cc4c.jpg,640,640,1.0,640x640
rls_train_aug_0_4267_jpg.rf.6f2edb8f61abdbc040ee473aaee55f7c.jpg,640,640,1.0,640x640
rls_train_aug_0_4272_jpg.rf.16d0a2323603a26cdb7ed9dc899e5018.jpg,640,640,1.0,640x640
rls_train_aug_0_4279_jpg.rf.f2de719430a915598f0f995899d8941f.jpg,640,640,1.0,640x640
rls_train_aug_0_4283_jpg.rf.6e70aa151235950ef14b360ad42c0d53.jpg,640,640,1.0,640x640
rls_train_aug_0_4288_jpg.rf.38e514dd047fa684a23819276be26861.jpg,640,640,1.0,640x640
rls_train_aug_0_435_jpg.rf.b3eff67877e888af20d5a2ae0a4e0e16.jpg,640,640,1.0,640x640
rls_train_aug_0_4361_jpg.rf.217dbbd3561d0a23fa35095e526b1294.jpg,640,640,1.0,640x640
rls_train_aug_0_43_jpg.rf.2f602e2501e427bcbd63fad6d25adce9.jpg,640,640,1.0,640x640
rls_train_aug_0_4409_jpg.rf.6ff7fdf7d9829d6b53a826df970456a0.jpg,640,640,1.0,640x640
rls_train_aug_0_4414_jpg.rf.e25b0d8a11159344ddf9d93ab1c77818.jpg,640,640,1.0,640x640
rls_train_aug_0_4423_jpg.rf.aa9672572ab556acb780c2085d569c89.jpg,640,640,1.0,640x640
rls_train_aug_0_443_jpg.rf.f318cc7d0d3117a07c2e2cb1be1f0dde.jpg,640,640,1.0,640x640
rls_train_aug_0_44_jpg.rf.014148da6406c12f3f6cbfbbc424f3ce.jpg,640,640,1.0,640x640
rls_train_aug_0_450_jpg.rf.ec8f23271d8f1c12102f83e9ee7d1d3f.jpg,640,640,1.0,640x640
rls_train_aug_0_4514_jpg.rf.c26920d050d15558a94ee7d42616eda5.jpg,640,640,1.0,640x640
rls_train_aug_0_4535_jpg.rf.8a4c65b6c97819a0f680e6ac30dc0760.jpg,640,640,1.0,640x640
rls_train_aug_0_456_jpg.rf.0f7022f1ba0d2debebdea29be1f9931b.jpg,640,640,1.0,640x640
rls_train_aug_0_4620_jpg.rf.15e4f533fc361a59941c96cdf74ca368.jpg,640,640,1.0,640x640
rls_train_aug_0_4620_jpg.rf.86c2f9d37214fff51dec0c0bfb92dc12.jpg,640,640,1.0,640x640
rls_train_aug_0_4689_jpg.rf.3a3d9717bc62bd3eab465106658de5bb.jpg,640,640,1.0,640x640
rls_train_aug_0_4690_jpg.rf.e7c07c9c86140b9f0fb9cd425397e309.jpg,640,640,1.0,640x640
rls_train_aug_0_4691_jpg.rf.52344eceb1e5f65d84b35ea7d28b5e02.jpg,640,640,1.0,640x640
rls_train_aug_0_4768_jpg.rf.6e4b72d30ab2580451785f7e4df60876.jpg,640,640,1.0,640x640
rls_train_aug_0_4784_jpg.rf.864b45ecb2d823b899ff5d2a5544c04d.jpg,640,640,1.0,640x640
rls_train_aug_0_479_jpg.rf.e6e87f5d5ead050a4948ffc622782fa8.jpg,640,640,1.0,640x640
rls_train_aug_0_4803_jpg.rf.fc6583236e65dcbf1a16f1c17a5b3125.jpg,640,640,1.0,640x640
rls_train_aug_0_4836_jpg.rf.152793e54c0b2905992893c348f2fac3.jpg,640,640,1.0,640x640
rls_train_aug_0_4848_jpg.rf.320c6a023fa16b8ea90b5f5ea78a971f.jpg,640,640,1.0,640x640
rls_train_aug_0_484_jpg.rf.2926c0f040f65fd19be5956e051117d7.jpg,640,640,1.0,640x640
rls_train_aug_0_4858_jpg.rf.cf0455d8736fb2b4c2ccf72b8d4b38ab.jpg,640,640,1.0,640x640
rls_train_aug_0_48_jpg.rf.9d00519119f3a65ac5eaa6ec6198a08a.jpg,640,640,1.0,640x640
rls_train_aug_0_48_jpg.rf.d7808c55e12c9d5e652b20bacb5a65a2.jpg,640,640,1.0,640x640
rls_train_aug_0_496_jpg.rf.3896675f61e627b7c489a6b34f0ed9ce.jpg,640,640,1.0,640x640
rls_train_aug_0_496_jpg.rf.9d65255e69f517a1741cc4e9812ed6e9.jpg,640,640,1.0,640x640
rls_train_aug_0_498_jpg.rf.8aaa0a27346ffb4642fe8abb12b966d3.jpg,640,640,1.0,640x640
rls_train_aug_0_498_jpg.rf.c867540d280b3d9b4a4d2255492cb9e4.jpg,640,640,1.0,640x640
rls_train_aug_0_4_jpg.rf.a001d8f0cdbf20dc2eec31f4c2c9788a.jpg,640,640,1.0,640x640
rls_train_aug_0_501_jpg.rf.fcb985d67eae5362fad0c620d49a7277.jpg,640,640,1.0,640x640
rls_train_aug_0_501_jpg.rf.fded3cacda69ac6172623f51d310ec30.jpg,640,640,1.0,640x640
rls_train_aug_0_5093_jpg.rf.e92c8798b152f9563d3d9e2d27c1318c.jpg,640,640,1.0,640x640
rls_train_aug_0_516_jpg.rf.da423b25598e66f3baf1a674c81f8c84.jpg,640,640,1.0,640x640
rls_train_aug_0_517_jpg.rf.0570f45c30788e6cd95c66738206e599.jpg,640,640,1.0,640x640
rls_train_aug_0_517_jpg.rf.641bed90b8e1b534ed2514fe1f0855b5.jpg,640,640,1.0,640x640
rls_train_aug_0_51_jpg.rf.1529b75e72b2bf45c32480a753caf1f0.jpg,640,640,1.0,640x640
rls_train_aug_0_51_jpg.rf.8795c6e4fd610511929b74963742a52d.jpg,640,640,1.0,640x640
rls_train_aug_0_5201_jpg.rf.2b93a96b7da8949062fe371d3798bf54.jpg,640,640,1.0,640x640
rls_train_aug_0_521_jpg.rf.80b9e7b78594dd426ef652102dfb5ef2.jpg,640,640,1.0,640x640
rls_train_aug_0_521_jpg.rf.ff4ddf02030800440c349e1d0b082bf1.jpg,640,640,1.0,640x640
rls_train_aug_0_525_jpg.rf.9e1eb63c16d178a04ae6b4a34930f1d6.jpg,640,640,1.0,640x640
rls_train_aug_0_526_jpg.rf.20419de242b0c2bb584cf5131f8ee9ee.jpg,640,640,1.0,640x640
rls_train_aug_0_527_jpg.rf.73d88cdf03e2b6433a8b706f919ed19a.jpg,640,640,1.0,640x640
rls_train_aug_0_5289_jpg.rf.39e6912e7659bbd5be54f3c68c108e04.jpg,640,640,1.0,640x640
rls_train_aug_0_5299_jpg.rf.4cec6141907f60b2d15d0cad467364d3.jpg,640,640,1.0,640x640
rls_train_aug_0_5328_jpg.rf.41916a437115d6a7cf57bb16abe89e13.jpg,640,640,1.0,640x640
rls_train_aug_0_5333_jpg.rf.1560da3f7e7a030573275b9b3f709eba.jpg,640,640,1.0,640x640
rls_train_aug_0_5360_jpg.rf.d6f3262bd2838f68702c3281877030e8.jpg,640,640,1.0,640x640
rls_train_aug_0_5361_jpg.rf.bd55d985fea3de70d14a03e19722b4fc.jpg,640,640,1.0,640x640
rls_train_aug_0_5361_jpg.rf.c1b05a4292b73346001d329db1d7d2cb.jpg,640,640,1.0,640x640
rls_train_aug_0_5423_jpg.rf.0cbe55d4e0461b501ce3a17e784e2152.jpg,640,640,1.0,640x640
rls_train_aug_0_543_jpg.rf.93d8a214e602bdc7c9aa5654f61e7f06.jpg,640,640,1.0,640x640
rls_train_aug_0_5550_jpg.rf.3bbbb0db738318f76017e37c88eab63e.jpg,640,640,1.0,640x640
rls_train_aug_0_5550_jpg.rf.90158ca7012009b80271762281f3cf7d.jpg,640,640,1.0,640x640
rls_train_aug_0_5680_jpg.rf.afda55d989adb5aaf90006ae4f2f1689.jpg,640,640,1.0,640x640
rls_train_aug_0_5836_jpg.rf.5d6cfac2ae6f18980067be95ac574961.jpg,640,640,1.0,640x640
rls_train_aug_0_5841_jpg.rf.ee672e7edba08cf31d6b76388d29b382.jpg,640,640,1.0,640x640
rls_train_aug_0_586_jpg.rf.36f02009e57b20923f8d5144c075e22c.jpg,640,640,1.0,640x640
rls_train_aug_0_586_jpg.rf.a89dc094422bf273641883b7bf74dca4.jpg,640,640,1.0,640x640
rls_train_aug_0_588_jpg.rf.9b67e542167c814264774229125edd39.jpg,640,640,1.0,640x640
rls_train_aug_0_592_jpg.rf.66ecca48ecaa6706c8ff84cda03d3889.jpg,640,640,1.0,640x640
rls_train_aug_0_59_jpg.rf.a9b7391d71e4817976d1d3cd87f596bf.jpg,640,640,1.0,640x640
rls_train_aug_0_607_jpg.rf.7513e49d155cabb71775db65805a9d35.jpg,640,640,1.0,640x640
rls_train_aug_0_6151_jpg.rf.caf882231c4686e19edd54c7e6a85558.jpg,640,640,1.0,640x640
rls_train_aug_0_6185_jpg.rf.109097a2ed7dbf2b3597a399d26e0d1d.jpg,640,640,1.0,640x640
rls_train_aug_0_618_jpg.rf.1e482820913f78be4f260b45d83580bf.jpg,640,640,1.0,640x640
rls_train_aug_0_6222_jpg.rf.62706003b34b5c44ddac3e1951683067.jpg,640,640,1.0,640x640
rls_train_aug_0_6233_jpg.rf.73c14ed3ec4ee0985f3ed3a44cc92f1f.jpg,640,640,1.0,640x640
rls_train_aug_0_6239_jpg.rf.314d210f105bd285878fa13575821f5b.jpg,640,640,1.0,640x640
rls_train_aug_0_625_jpg.rf.679b4791d9f16ff0263d482606038711.jpg,640,640,1.0,640x640
rls_train_aug_0_633_jpg.rf.e6d889aa5a54aca33ec4fa8d19e6eeba.jpg,640,640,1.0,640x640
rls_train_aug_0_63_jpg.rf.a1746b27ff22e3472993e768320d78bc.jpg,640,640,1.0,640x640
rls_train_aug_0_641_jpg.rf.c5c226105e82435808284b61ba2c1d4a.jpg,640,640,1.0,640x640
rls_train_aug_0_642_jpg.rf.43acb5f49119a3de5e952dfcb71ccca8.jpg,640,640,1.0,640x640
rls_train_aug_0_647_jpg.rf.1f80223dce5763447cb90c54e32d3126.jpg,640,640,1.0,640x640
rls_train_aug_0_652_jpg.rf.0bd2581424ea4f1be7ca48a1e541a101.jpg,640,640,1.0,640x640
rls_train_aug_0_652_jpg.rf.f442cb408f898e9e33428efa793633c0.jpg,640,640,1.0,640x640
rls_train_aug_0_65_jpg.rf.15df09300dc579e886b1b8239e0c91a0.jpg,640,640,1.0,640x640
rls_train_aug_0_65_jpg.rf.c72c901020018ca27d6e8ad8351525f0.jpg,640,640,1.0,640x640
rls_train_aug_0_664_jpg.rf.4675b49f96ac686d1c560f8569ddcfd5.jpg,640,640,1.0,640x640
rls_train_aug_0_664_jpg.rf.94cec0550b23b0454180dea0df6a27aa.jpg,640,640,1.0,640x640
rls_train_aug_0_667_jpg.rf.02e94a996661b23f37bf2708fabc8f84.jpg,640,640,1.0,640x640
rls_train_aug_0_676_jpg.rf.210e487b5060fbfecf6280c61ce78d82.jpg,640,640,1.0,640x640
rls_train_aug_0_6863_jpg.rf.f3fdc0cacf5c0982177f18f30415cb00.jpg,640,640,1.0,640x640
rls_train_aug_0_689_jpg.rf.857f680adac7e6b73be9d8f21f22cf22.jpg,640,640,1.0,640x640
rls_train_aug_0_692_jpg.rf.c27bdf4dc97ae1c093aa1f623a4ee4f9.jpg,640,640,1.0,640x640
rls_train_aug_0_697_jpg.rf.3e535f8505ff9bb34c3b69c9cb7a2380.jpg,640,640,1.0,640x640
rls_train_aug_0_698_jpg.rf.22843a0977bc916d33af5a2811d2934b.jpg,640,640,1.0,640x640
rls_train_aug_0_69_jpg.rf.b052766066d5e588d3082a07f1ce60af.jpg,640,640,1.0,640x640
rls_train_aug_0_705_jpg.rf.a455ad59c4b350303344ec00bacdbd84.jpg,640,640,1.0,640x640
rls_train_aug_0_705_jpg.rf.fd29cee03a0ffe1792741677308e9006.jpg,640,640,1.0,640x640
rls_train_aug_0_708_jpg.rf.d63766486166bc63c7a76d0288ef6efb.jpg,640,640,1.0,640x640
rls_train_aug_0_7110_jpg.rf.285946cfbe46ed59c1415478319426cd.jpg,640,640,1.0,640x640
rls_train_aug_0_712_jpg.rf.e83e9b8436acafd07e53df1d1db70219.jpg,640,640,1.0,640x640
rls_train_aug_0_7193_jpg.rf.c0d4a15dce8dd78a67cf90769cef4f42.jpg,640,640,1.0,640x640
rls_train_aug_0_7274_jpg.rf.4f889049cd34fa2572a4c225f7e91bb0.jpg,640,640,1.0,640x640
rls_train_aug_0_7276_jpg.rf.fdd2448ebb292505ad457ebdd7a7ded7.jpg,640,640,1.0,640x640
rls_train_aug_0_7314_jpg.rf.73ace742421c7f8a429dc0c0704485cc.jpg,640,640,1.0,640x640
rls_train_aug_0_7314_jpg.rf.7c261e28f44250fc35e9dd04f0606efe.jpg,640,640,1.0,640x640
rls_train_aug_0_731_jpg.rf.19b9f47de639bf76da6f99ce7383d7fb.jpg,640,640,1.0,640x640
rls_train_aug_0_731_jpg.rf.7903c0f0412a447055cc88bfe636c30a.jpg,640,640,1.0,640x640
rls_train_aug_0_7378_jpg.rf.2ad8f7f5e7a62789755d9d6b115c0ddd.jpg,640,640,1.0,640x640
rls_train_aug_0_7378_jpg.rf.9a49668cd6e0d6991cba5f6d030ca7b0.jpg,640,640,1.0,640x640
rls_train_aug_0_7385_jpg.rf.02b977e5999d0f989473190565b25004.jpg,640,640,1.0,640x640
rls_train_aug_0_7411_jpg.rf.8d2fbaca055f57f949cc3c9075dc4759.jpg,640,640,1.0,640x640
rls_train_aug_0_745_jpg.rf.063b13b3c154ddfd39b5992d0daa59d3.jpg,640,640,1.0,640x640
rls_train_aug_0_746_jpg.rf.6bf681535d2dac8275595577b841cc7f.jpg,640,640,1.0,640x640
rls_train_aug_0_765_jpg.rf.594702bac2f453db6b2d3feebfbd0ef5.jpg,640,640,1.0,640x640
rls_train_aug_0_770_jpg.rf.7d245fca21cbe2314b4881450814a3b8.jpg,640,640,1.0,640x640
rls_train_aug_0_770_jpg.rf.f648f76f67209864c2de37dd78553980.jpg,640,640,1.0,640x640
rls_train_aug_0_771_jpg.rf.8116957c59e718d8a48770abb079a1d6.jpg,640,640,1.0,640x640
rls_train_aug_0_7898_jpg.rf.608ce119b8166fa09a500921b787ae08.jpg,640,640,1.0,640x640
rls_train_aug_0_789_jpg.rf.4c556e69cd795148aed2e8656c6ed33b.jpg,640,640,1.0,640x640
rls_train_aug_0_7935_jpg.rf.c57dc096c957cd523647f2ef73af0aef.jpg,640,640,1.0,640x640
rls_train_aug_0_7_jpg.rf.6193c60a84c4a39d22e3bb0d3be8b816.jpg,640,640,1.0,640x640
rls_train_aug_0_820_jpg.rf.5402595c874b46ee863c855d06351214.jpg,640,640,1.0,640x640
rls_train_aug_0_829_jpg.rf.e6ae212a775615b30aab7adee380c87c.jpg,640,640,1.0,640x640
rls_train_aug_0_833_jpg.rf.e3028b9914d1ad0748379aa4c0c30457.jpg,640,640,1.0,640x640
rls_train_aug_0_842_jpg.rf.241914dd7e83ecca5df7aeda796988e0.jpg,640,640,1.0,640x640
rls_train_aug_0_8461_jpg.rf.12b6942a77eecf2bf4142c22f61d9cc6.jpg,640,640,1.0,640x640
rls_train_aug_0_852_jpg.rf.d5f50daedce4e49a8eec8d5e19c3c97d.jpg,640,640,1.0,640x640
rls_train_aug_0_865_jpg.rf.d8fc4d365d4d66d36722901beed6c100.jpg,640,640,1.0,640x640
rls_train_aug_0_8888_jpg.rf.0cd069d4473958c751ce350a5ea78bdf.jpg,640,640,1.0,640x640
rls_train_aug_0_8888_jpg.rf.248a3ce15198432a635679fdd1e75518.jpg,640,640,1.0,640x640
rls_train_aug_0_888_jpg.rf.334bc99c8aa0017a8537fbf9d8679631.jpg,640,640,1.0,640x640
rls_train_aug_0_88_jpg.rf.1dae3ecec18989a00e8b67cf8c3ac5bc.jpg,640,640,1.0,640x640
rls_train_aug_0_8928_jpg.rf.d8d3ca84e3b08a8c78b7094538a823d1.jpg,640,640,1.0,640x640
rls_train_aug_0_8985_jpg.rf.516d978acf43655bf2516b11d3f25c16.jpg,640,640,1.0,640x640
rls_train_aug_0_898_jpg.rf.c94f76cd81bc564df8d72cf09714d79a.jpg,640,640,1.0,640x640
rls_train_aug_0_898_jpg.rf.eea7127e8fd0a27b5e808400fbc06a32.jpg,640,640,1.0,640x640
rls_train_aug_0_9047_jpg.rf.059616d99b0d8f1941b03dbcb912905e.jpg,640,640,1.0,640x640
rls_train_aug_0_907_jpg.rf.3eab352bca213250f36512a57d81e9da.jpg,640,640,1.0,640x640
rls_train_aug_0_912_jpg.rf.49f8c4ad8f4e840b77f9eb7fa80be92f.jpg,640,640,1.0,640x640
rls_train_aug_0_914_jpg.rf.79b57de8e578ee0ee50e46e45f5df2b2.jpg,640,640,1.0,640x640
rls_train_aug_0_920_jpg.rf.7ad790abfda50b299a97cc69275bb61d.jpg,640,640,1.0,640x640
rls_train_aug_0_9439_jpg.rf.a7be21ffb6d1da112a000d405ecf1c09.jpg,640,640,1.0,640x640
rls_train_aug_0_943_jpg.rf.5f37826803abfc4bdca4bdad8c25d1c6.jpg,640,640,1.0,640x640
rls_train_aug_0_945_jpg.rf.b547eb522f65974cb1502073f58729cd.jpg,640,640,1.0,640x640
rls_train_aug_0_952_jpg.rf.6a988099e83380edb0497ed369dc9356.jpg,640,640,1.0,640x640
rls_train_aug_0_967_jpg.rf.59ca7525fcde72a7bca883ea790cb30c.jpg,640,640,1.0,640x640
rls_train_Healthy_rice_leaf-101-_jpg.rf.3a6248ae785a9959e3654300a3228927.jpg,640,640,1.0,640x640
rls_train_Healthy_rice_leaf-17-_jpg.rf.31f099e4613da73bf2a967e2ce617c82.jpg,640,640,1.0,640x640
rls_train_Healthy_rice_leaf-20-_jpg.rf.81554100bc70ad5a63e87bea5c6713a3.jpg,640,640,1.0,640x640
rls_train_IMG20201108163458_00_jpg.rf.204053acb14c43fed2cb6c6a4e350ebb.jpg,640,640,1.0,640x640
rls_train_IMG20201108163557_00_jpg.rf.336c97f3ac5d0fed58da19c570231d61.jpg,640,640,1.0,640x640
rls_train_IMG20201108163557_00_jpg.rf.7e6e8a2db6e74281d24cc0711c719359.jpg,640,640,1.0,640x640
rls_train_IMG20201108163601_00_jpg.rf.82de8effdf047fa6cbf7b7f4ec7d811c.jpg,640,640,1.0,640x640
rls_train_IMG20201108163601_00_jpg.rf.94ce62dd5ed5b2f3189ab438b9817202.jpg,640,640,1.0,640x640
rls_train_IMG20201109164053_00_jpg.rf.bf110e56835100200992aaf5b50c7de8.jpg,640,640,1.0,640x640
rls_train_IMG20201109164118_00_jpg.rf.a1ac50f378f4c0819d0a9abeac8e2859.jpg,640,640,1.0,640x640
rls_train_IMG20201109164208_00_jpg.rf.3800e0d5425bdd8b5a2a6f5b4b8e5f1d.jpg,640,640,1.0,640x640
rls_train_IMG20201109164208_00_jpg.rf.fd63d9b468471edbbe60d6e0785fe074.jpg,640,640,1.0,640x640
rls_train_IMG20201109164324_00_jpg.rf.037b5392e61ee2b7b9b24c2585966884.jpg,640,640,1.0,640x640
rls_train_IMG20201109164324_00_jpg.rf.9e7aed21baf93ea3511b84317246bc60.jpg,640,640,1.0,640x640
rls_train_IMG20201109164437_00_jpg.rf.1ba10eb0e1dd0c00e43bdd25d8ce2240.jpg,640,640,1.0,640x640
rls_train_IMG20201109164437_00_jpg.rf.3dd28fdccf901aa5bd268c6539e5f7b8.jpg,640,640,1.0,640x640
rls_train_IMG20201109164454_00_jpg.rf.c8f5925911456eea32d60ce177ad8ebb.jpg,640,640,1.0,640x640
rls_train_IMG20201109164459_00_jpg.rf.ab38fa493d32f96610257e496116c302.jpg,640,640,1.0,640x640
rls_train_IMG20201109164508_00_jpg.rf.de517fefc5ac80017251a8a9cb2349cf.jpg,640,640,1.0,640x640
rls_train_IMG20201109164510_00_jpg.rf.e45b2dd94fe063bc5629d364b36c8266.jpg,640,640,1.0,640x640
rls_train_IMG20201109164528_00_jpg.rf.b0a63b37877e93b950cdcfb2041cbff2.jpg,640,640,1.0,640x640
rls_train_IMG20201109164607_00_jpg.rf.6555d9451186161a7a12d750eab5547e.jpg,640,640,1.0,640x640
rls_train_IMG20201109164615_00_jpg.rf.de41cc97917322fe16d9198a31d04516.jpg,640,640,1.0,640x640
rls_train_IMG20201109164728_00_jpg.rf.4bd3bd8eb63e77530eabb62dc4d56a30.jpg,640,640,1.0,640x640
rls_train_IMG20201109164821_00_jpg.rf.4d4e4b15ac92cc0f1b23e034d57a6848.jpg,640,640,1.0,640x640
rls_train_IMG20201109164821_00_jpg.rf.60849a1098ad7dc54457ce29496ef7f3.jpg,640,640,1.0,640x640
rls_train_IMG20201109164827_00_jpg.rf.813d1e09e2b50001b0471def56f16b96.jpg,640,640,1.0,640x640
rls_train_IMG20201109164828_00_jpg.rf.43a787667317c23d6edc1481393b1de9.jpg,640,640,1.0,640x640
rls_train_IMG20201109164909_00_jpg.rf.4e1d9426aa5f549df6f0ca163748d474.jpg,640,640,1.0,640x640
rls_train_IMG20201109164935_00_jpg.rf.3d796b5f013ddf9918f96cf24b67f9fc.jpg,640,640,1.0,640x640
rls_train_IMG20201109164942_00_jpg.rf.f04f303bf71534b7e6a7d2881ab42e6d.jpg,640,640,1.0,640x640
rls_train_IMG20201109164947_00_jpg.rf.9d6dd403c18a2cbf9a5f6ce946eaa0b1.jpg,640,640,1.0,640x640
rls_train_IMG20201109165017_00_jpg.rf.ad01e96427893ca86c03759550ed2378.jpg,640,640,1.0,640x640
rls_train_IMG20201109165056_00_jpg.rf.43df1e502f008c3db269542229204ace.jpg,640,640,1.0,640x640
rls_train_IMG20201109165155_00_jpg.rf.0b358f112e28c5496984a135d8e48839.jpg,640,640,1.0,640x640
rls_train_IMG20201109165226_00_jpg.rf.371df09f6854bf8fedb25b40ebcf9cb1.jpg,640,640,1.0,640x640
rls_train_IMG20201109165228_00_jpg.rf.f768ed84f1b795c101e4554314e5b36b.jpg,640,640,1.0,640x640
rls_train_IMG20201109165232_00_jpg.rf.4e9a60fa4909db292c78dd22ca5f12f3.jpg,640,640,1.0,640x640
rls_train_IMG20201109165354_00_jpg.rf.62e7d51afa04c3d07202d27a9592b8da.jpg,640,640,1.0,640x640
rls_train_IMG20201109165402_00_jpg.rf.ffaa82ca87a4a0c02d17fb4cb898b3ec.jpg,640,640,1.0,640x640
rls_train_IMG20201109165740_00_jpg.rf.1363902e581ebaa0796cb25c8914f7eb.jpg,640,640,1.0,640x640
rls_train_IMG20201109165839_00_jpg.rf.c7bc037fe9ebc1607a0c2cb1edce8cfd.jpg,640,640,1.0,640x640
rls_train_IMG20201109165850_00_jpg.rf.fab733732ecf3847bbf6171c5110e2b6.jpg,640,640,1.0,640x640
rls_train_IMG20201109165958_00_jpg.rf.092602bfb8aa273709554b28e5c52bbc.jpg,640,640,1.0,640x640
rls_train_IMG20201109181551_00_jpg.rf.161a6f49758b14c8ebba7f1c679ec081.jpg,640,640,1.0,640x640
rls_train_IMG20201109181926_00_jpg.rf.7bb66848013899acfa356f2e8c78f57c.jpg,640,640,1.0,640x640
rls_train_IMG20201109181947_00_jpg.rf.70f5a639afa01b29594e6324a59a838b.jpg,640,640,1.0,640x640
rls_train_IMG20201109182147_00_jpg.rf.ae004a3fcf402672cff1811bedd31c53.jpg,640,640,1.0,640x640
rls_train_IMG20201109182147_00_jpg.rf.de31958a4c8e52d42a43724ef153150e.jpg,640,640,1.0,640x640
rls_train_IMG20201109182153_00_jpg.rf.753a7cbe2baf0c4eee095b01db3520a5.jpg,640,640,1.0,640x640
rls_train_IMG20201109182221_00_jpg.rf.3618db648666aec972105498a8919a48.jpg,640,640,1.0,640x640
rls_train_IMG20201109182317_00_jpg.rf.174532b7a1ac9eb84e722ff5412106f4.jpg,640,640,1.0,640x640
rls_train_IMG20201109182323_00_jpg.rf.f30435e10475bc2e100ef7c6932fc783.jpg,640,640,1.0,640x640
rls_train_IMG20201109182348_00_jpg.rf.05a8f7fcb46094186ad5f38a32edd6f4.jpg,640,640,1.0,640x640
rls_train_IMG20201109182504_00_jpg.rf.96a05db34c0004c64aeda52fbaa02cc6.jpg,640,640,1.0,640x640
rls_train_IMG20201109182507_00_jpg.rf.5ed98548976f4b377f524d18a914caed.jpg,640,640,1.0,640x640
rls_train_IMG20201109183036_00_jpg.rf.e56145878db523b7ea9759c73375eded.jpg,640,640,1.0,640x640
rls_train_IMG20201109183136_00_jpg.rf.7e45c2018b7122f2f0243d9afe270c0c.jpg,640,640,1.0,640x640
rls_train_IMG20201109183136_00_jpg.rf.b6ee6d0e1eff87a1e7304667dd93b68b.jpg,640,640,1.0,640x640
rls_train_IMG20201109184649_00_jpg.rf.c5331956160dc15770dbe9dd499d23d4.jpg,640,640,1.0,640x640
rls_train_IMG20201109184752_00_jpg.rf.b2a864aa55c742620efaf26f2c9fbdb2.jpg,640,640,1.0,640x640
rls_train_IMG20201109184850_00_jpg.rf.053b85d4829f1234fbb4e2148c0f2258.jpg,640,640,1.0,640x640
rls_train_IMG20201109184854_00_jpg.rf.2731dc408591e62afad5fd7721ad4dbc.jpg,640,640,1.0,640x640
rls_train_IMG20201109184909_00_jpg.rf.94cb283a0dd3e0746188909d795be85c.jpg,640,640,1.0,640x640
rls_train_IMG20201109185009_00_jpg.rf.da567e2a11721e246597142e4498463b.jpg,640,640,1.0,640x640
rls_train_IMG20201109185348_00_jpg.rf.c6eedc9568f5c0f6352335552d882e1f.jpg,640,640,1.0,640x640
rls_train_IMG_20231014_170816_jpg.rf.f8658f9626afd96c8ad1f177b7b16f05.jpg,640,640,1.0,640x640
rls_train_IMG_20231014_173024_jpg.rf.6a9a03aeba593a35859b70e0d4eeeaf9.jpg,640,640,1.0,640x640
rls_train_IMG_20231014_173024_jpg.rf.73937bb7ec4928d3434cbfa54030007d.jpg,640,640,1.0,640x640
rls_val_20231006_170253-0-_jpg.rf.f7a8c96c343457eda1abe0009d7dcc4c.jpg,640,640,1.0,640x640
rls_val_aug_0_1001_jpg.rf.aa30c411d71af51c3bb0d82999ba0fbb.jpg,640,640,1.0,640x640
rls_val_aug_0_1110_jpg.rf.a5f718727cf9b9335f4c5f619acfdd5d.jpg,640,640,1.0,640x640
rls_val_aug_0_1126_jpg.rf.b3869dcec8753c9c035c1dc0a20f9760.jpg,640,640,1.0,640x640
rls_val_aug_0_1130_jpg.rf.bf01ff6d9815021f6c79890cfb9e343a.jpg,640,640,1.0,640x640
rls_val_aug_0_1268_jpg.rf.1cfe0d8409e5db942e579582da7eadcf.jpg,640,640,1.0,640x640
rls_val_aug_0_131_jpg.rf.ba0178877f1eafe81d017203428ffa19.jpg,640,640,1.0,640x640
rls_val_aug_0_1345_jpg.rf.ab707a608dc66b2766fc90e7419cbab7.jpg,640,640,1.0,640x640
rls_val_aug_0_1362_jpg.rf.7f499d8ba8813ff00becef5e13d6e071.jpg,640,640,1.0,640x640
rls_val_aug_0_1376_jpg.rf.5c0c6cf60c9176f48fcc7d784d30944a.jpg,640,640,1.0,640x640
rls_val_aug_0_1378_jpg.rf.1e529641b889bb70050b61a5c69c2f0d.jpg,640,640,1.0,640x640
rls_val_aug_0_1422_jpg.rf.be3d49b7b5d626acfaf77a5797b78d33.jpg,640,640,1.0,640x640
rls_val_aug_0_1470_jpg.rf.b35b77182fead8db79545c71412a4449.jpg,640,640,1.0,640x640
rls_val_aug_0_14_jpg.rf.f7f0f9aa1fa5b7fb7a595dfa906e2574.jpg,640,640,1.0,640x640
rls_val_aug_0_1622_jpg.rf.34d97b05db2dd6a9ba8c8c290a86fa6b.jpg,640,640,1.0,640x640
rls_val_aug_0_1638_jpg.rf.2aa2cce8f92728d7692652d797170a94.jpg,640,640,1.0,640x640
rls_val_aug_0_1706_jpg.rf.033c20fb75bb0769b20087b9aeddd957.jpg,640,640,1.0,640x640
rls_val_aug_0_1771_jpg.rf.842826b54dd2609e89b2555cd0d99c97.jpg,640,640,1.0,640x640
rls_val_aug_0_1785_jpg.rf.c719741ef89cc107d3b40d319fac57bf.jpg,640,640,1.0,640x640
rls_val_aug_0_17_jpg.rf.21742ef448a7dc51b51fc772715003fc.jpg,640,640,1.0,640x640
rls_val_aug_0_1920_jpg.rf.0b1bf1489790980339c273a5bb0ca413.jpg,640,640,1.0,640x640
rls_val_aug_0_2100_jpg.rf.bdc535a84862e524851e41762064faf8.jpg,640,640,1.0,640x640
rls_val_aug_0_221_jpg.rf.1e896c2edfd0c87249256c39b0876978.jpg,640,640,1.0,640x640
rls_val_aug_0_2241_jpg.rf.3bd6ad8f2fee35d86c2c78e676b9163b.jpg,640,640,1.0,640x640
rls_val_aug_0_2445_jpg.rf.396c15fc444f0f9a769e24b850c35f69.jpg,640,640,1.0,640x640
rls_val_aug_0_2447_jpg.rf.8065b3f5ec68f037b895e86acbc95597.jpg,640,640,1.0,640x640
rls_val_aug_0_244_jpg.rf.ab42d67bef06507c3d636b9254a9e437.jpg,640,640,1.0,640x640
rls_val_aug_0_2493_jpg.rf.8eecbc62df35f15d6772bb1a6c5a1a54.jpg,640,640,1.0,640x640
rls_val_aug_0_2530_jpg.rf.30a1eae4ea86b414756b185454ec3a3a.jpg,640,640,1.0,640x640
rls_val_aug_0_2547_jpg.rf.eff3185da6401e164b18f878257edef5.jpg,640,640,1.0,640x640
rls_val_aug_0_2567_jpg.rf.07b159f4bc9f9dca9da2152df627a7e5.jpg,640,640,1.0,640x640
rls_val_aug_0_2680_jpg.rf.e0caf410cd481cb48ec870d834a81385.jpg,640,640,1.0,640x640
rls_val_aug_0_2996_jpg.rf.1757c7565a2602d895b6488b0b8536ba.jpg,640,640,1.0,640x640
rls_val_aug_0_332_jpg.rf.1c3ccbd33e6c88947b40f533e2b21a9a.jpg,640,640,1.0,640x640
rls_val_aug_0_339_jpg.rf.25598cf75974abc35aefa1385bdd4df6.jpg,640,640,1.0,640x640
rls_val_aug_0_341_jpg.rf.dc5f668daea8ffefc29a7a459a5ad1ed.jpg,640,640,1.0,640x640
rls_val_aug_0_3457_jpg.rf.1c3acbcdc058c7d2001616ad17e02d94.jpg,640,640,1.0,640x640
rls_val_aug_0_3661_jpg.rf.201e5b5523f482a1739511aaa0940fd5.jpg,640,640,1.0,640x640
rls_val_aug_0_3705_jpg.rf.c249fb191f08e97b01b85089c3899926.jpg,640,640,1.0,640x640
rls_val_aug_0_3875_jpg.rf.bb4b91c7fde48508f4820d9e9a916d2d.jpg,640,640,1.0,640x640
rls_val_aug_0_4113_jpg.rf.8404786d1c704d2c865789c425e640fa.jpg,640,640,1.0,640x640
rls_val_aug_0_4140_jpg.rf.9bb4cabfd701867e29a95977258e9e52.jpg,640,640,1.0,640x640
rls_val_aug_0_426_jpg.rf.c613bb7b659329b7263cc1a82e3fabff.jpg,640,640,1.0,640x640
rls_val_aug_0_4301_jpg.rf.10f691412dfa93022eaaf3cb6adee8ea.jpg,640,640,1.0,640x640
rls_val_aug_0_4409_jpg.rf.147501391f6895aabedfb926953eff1d.jpg,640,640,1.0,640x640
rls_val_aug_0_4449_jpg.rf.c664af9c26d8e8bac14ade473ecdb658.jpg,640,640,1.0,640x640
rls_val_aug_0_44_jpg.rf.a5f0ae7299514118c4918485d8b1be78.jpg,640,640,1.0,640x640
rls_val_aug_0_47_jpg.rf.bf050d931b52928a650fd3902b0eacdf.jpg,640,640,1.0,640x640
rls_val_aug_0_4810_jpg.rf.81fe87969e85ae9c0bd7837c2cad60c4.jpg,640,640,1.0,640x640
rls_val_aug_0_5119_jpg.rf.e2c668ec74a6d08568d0671423ff8b9a.jpg,640,640,1.0,640x640
rls_val_aug_0_514_jpg.rf.29026f38853dbb8d320655aa04701aa6.jpg,640,640,1.0,640x640
rls_val_aug_0_521_jpg.rf.936e448220f2a882480dd0ae354347f4.jpg,640,640,1.0,640x640
rls_val_aug_0_5440_jpg.rf.1ed8ea6ad913ca602160cc844811dfb8.jpg,640,640,1.0,640x640
rls_val_aug_0_628_jpg.rf.211277c3206fb77ad1cfafc3b917ac40.jpg,640,640,1.0,640x640
rls_val_aug_0_6326_jpg.rf.73527e0563d294b3ba4fc2fe64cd6f2b.jpg,640,640,1.0,640x640
rls_val_aug_0_636_jpg.rf.3e393026dfbe846073e54748e5fb1251.jpg,640,640,1.0,640x640
rls_val_aug_0_669_jpg.rf.3998657ddbee101365e64d08180e6005.jpg,640,640,1.0,640x640
rls_val_aug_0_6966_jpg.rf.cb88af48b2461221bb75f9c08d6a796f.jpg,640,640,1.0,640x640
rls_val_aug_0_734_jpg.rf.a530969142d3586a7d05e133a3cf1769.jpg,640,640,1.0,640x640
rls_val_aug_0_781_jpg.rf.dc089e02225b4038f42736cffcdb5293.jpg,640,640,1.0,640x640
rls_val_aug_0_81_jpg.rf.cf4065d919945ebabd7484016a52184c.jpg,640,640,1.0,640x640
rls_val_aug_0_911_jpg.rf.d5a484209d2be61af08f9fbe129ed0de.jpg,640,640,1.0,640x640
rls_val_IMG20201109164213_00_jpg.rf.3ec2307d550247cd07736ec4a6b2a060.jpg,640,640,1.0,640x640
rls_val_IMG20201109164236_00_jpg.rf.f21f42f500e82b7b0df5fe8fc383a6ba.jpg,640,640,1.0,640x640
rls_val_IMG20201109164445_00_jpg.rf.cce4f21e7d29d8cbe40a2789f025dc7c.jpg,640,640,1.0,640x640
rls_val_IMG20201109164645_00_jpg.rf.9a255a429a57029f691428891198a5d0.jpg,640,640,1.0,640x640
rls_val_IMG20201109164731_00_jpg.rf.155fdd1c4f03bea8382734428b237190.jpg,640,640,1.0,640x640
rls_val_IMG20201109164907_00_jpg.rf.30c8e9ea12cb608a667fd0802bb480a5.jpg,640,640,1.0,640x640
rls_val_IMG20201109165238_00_jpg.rf.7aa9bb5270f86403a6af9b85f69bde47.jpg,640,640,1.0,640x640
rls_val_IMG20201109165423_00_jpg.rf.aaeaae186d43ad646bee9db466954f56.jpg,640,640,1.0,640x640
rls_val_IMG20201109165500_00_jpg.rf.9360c581cf5c8ff6a9e7dbbf14c56e7f.jpg,640,640,1.0,640x640
rls_val_IMG20201109165543_00_jpg.rf.98ce14d163c5ab9356920650150163fb.jpg,640,640,1.0,640x640
rls_val_IMG20201109165654_00_jpg.rf.a1c523f05e3f97b3dd7167f275bd18b6.jpg,640,640,1.0,640x640
rls_val_IMG20201109165732_00_jpg.rf.2485e739b9992c4984efc1539f5ccca7.jpg,640,640,1.0,640x640
rls_val_IMG20201109184642_00_jpg.rf.0cb7d2f52e0242c3a1d0bbd88d2478b5.jpg,640,640,1.0,640x640
